1712956496788313984, 324, 243, 33.30141830444336, 2047, 2047,2047,2047,2047,618,617,617,617,616,615,2047,2047,2047,2047,2047,617,617,617,616,615,2047,2047,2047,2047,2047,617,617,617,616,615,2047,2047,2047,2047,2047,619,618,618,617,616,2047,2047,2047,2047,2047,2047,619,618,617,616,2047,2047,2047,2047,2047,2047,619,619,618,617,2047,2047,2047,2047,2047,2047,2047,620,618,617,2047,2047,2047,2047,2047,2047,2047,2047,618,617,2047,2047,2047,2047,2047,2047,2047,2047,2047,617,2047,2047,2047,2047,2047,2047,2047,2047,2047,618, 0.0171108, -0.0128331, -0.6749789610195124, 
1712956496818635765, 324, 243, 33.13112258911133, 2047, 2047,2047,2047,619,618,618,617,617,616,615,2047,2047,2047,2047,619,618,618,617,616,615,2047,2047,2047,2047,2047,618,618,617,616,616,2047,2047,2047,2047,2047,619,618,618,617,616,2047,2047,2047,2047,2047,2047,619,618,617,617,2047,2047,2047,2047,2047,2047,620,619,618,617,2047,2047,2047,2047,2047,2047,2047,619,618,617,2047,2047,2047,2047,2047,2047,2047,2047,619,618,2047,2047,2047,2047,2047,2047,2047,2047,2047,618,2047,2047,2047,2047,2047,2047,2047,2047,2047,2047, 0.0171108, -0.0128331, -0.6755383002490869, 
1712956496848835823, 324, 243, 33.34130096435547, 2047, 2047,2047,2047,2047,618,617,617,617,615,615,2047,2047,2047,2047,2047,618,617,617,616,615,2047,2047,2047,2047,2047,618,617,617,616,615,2047,2047,2047,2047,2047,2047,618,618,617,616,2047,2047,2047,2047,2047,2047,620,619,617,617,2047,2047,2047,2047,2047,2047,620,620,618,617,2047,2047,2047,2047,2047,2047,2047,620,619,618,2047,2047,2047,2047,2047,2047,2047,620,619,618,2047,2047,2047,2047,2047,2047,2047,2047,619,618,2047,2047,2047,2047,2047,2047,2047,2047,2047,618, 0.0171108, -0.0128331, -0.6742505199857424, 
1712956496884492790, 323, 243, 33.51507568359375, 2047, 2047,2047,2047,2047,618,618,617,617,617,615,2047,2047,2047,2047,2047,619,618,617,617,615,2047,2047,2047,2047,2047,618,618,617,617,615,2047,2047,2047,2047,2047,619,619,618,618,616,2047,2047,2047,2047,2047,2047,2047,618,618,616,2047,2047,2047,2047,2047,2047,2047,2047,619,617,2047,2047,2047,2047,2047,2047,2047,2047,619,618,2047,2047,2047,2047,2047,2047,2047,2047,2047,2047,2047,2047,2047,2047,2047,2047,2047,2047,2047,2047,2047,2047,2047,2047,2047,2047,2047,2047,2047,2047, 0.0128331, -0.0128331, -0.67449936869968, 
1712956496917298177, 324, 243, 33.30356979370117, 2047, 2047,2047,2047,2047,617,617,616,617,615,614,2047,2047,2047,2047,616,616,617,617,615,615,2047,2047,2047,2047,617,617,617,617,616,616,2047,2047,2047,2047,2047,617,618,618,617,616,2047,2047,2047,2047,2047,2047,2047,618,617,617,2047,2047,2047,2047,2047,2047,2047,620,618,617,2047,2047,2047,2047,2047,2047,2047,621,618,618,2047,2047,2047,2047,2047,2047,2047,2047,619,618,2047,2047,2047,2047,2047,2047,2047,2047,2047,618,2047,2047,2047,2047,2047,2047,2047,2047,2047,2047, 0.0171108, -0.0128331, -0.6744390392977802, 
1712956496951735588, 324, 243, 33.131492614746094, 2047, 2047,2047,2047,2047,618,617,617,617,615,615,2047,2047,2047,2047,618,617,617,617,615,615,2047,2047,2047,2047,2047,617,617,616,615,615,2047,2047,2047,2047,2047,2047,618,618,616,615,2047,2047,2047,2047,2047,2047,2047,618,616,615,2047,2047,2047,2047,2047,2047,620,620,617,617,2047,2047,2047,2047,2047,2047,2047,620,618,617,2047,2047,2047,2047,2047,2047,2047,2047,619,617,2047,2047,2047,2047,2047,2047,2047,2047,2047,617,2047,2047,2047,2047,2047,2047,2047,2047,2047,2047, 0.0171108, -0.0128331, -0.6752180010129774, 
1712956496984222211, 324, 243, 33.1522216796875, 2047, 2047,2047,2047,617,618,618,617,617,615,615,2047,2047,2047,618,618,618,617,617,616,615,2047,2047,2047,2047,618,618,617,617,616,616,2047,2047,2047,2047,620,619,618,618,617,616,2047,2047,2047,2047,2047,620,619,618,617,617,2047,2047,2047,2047,2047,2047,620,619,618,617,2047,2047,2047,2047,2047,2047,2047,619,618,617,2047,2047,2047,2047,2047,2047,2047,2047,618,618,2047,2047,2047,2047,2047,2047,2047,2047,2047,618,2047,2047,2047,2047,2047,2047,2047,2047,2047,2047, 0.0171108, -0.0128331, -0.6753911347703617, 
1712956497020206304, 323, 243, 33.74043273925781, 2047, 2047,2047,2047,2047,2047,618,618,617,617,616,2047,2047,2047,2047,2047,618,618,617,617,616,2047,2047,2047,2047,2047,618,618,617,617,616,2047,2047,2047,2047,2047,2047,619,618,618,617,2047,2047,2047,2047,2047,2047,2047,619,618,617,2047,2047,2047,2047,2047,2047,2047,620,619,617,2047,2047,2047,2047,2047,2047,2047,2047,620,618,2047,2047,2047,2047,2047,2047,2047,2047,2047,618,2047,2047,2047,2047,2047,2047,2047,2047,2047,2047,2047,2047,2047,2047,2047,2047,2047,2047,2047,2047, 0.0128331, -0.0128331, -0.6746941507472068, 
1712956497051385509, 323, 243, 33.59303283691406, 2047, 2047,2047,2047,2047,2047,618,618,617,617,615,2047,2047,2047,2047,2047,2047,618,617,617,616,2047,2047,2047,2047,2047,2047,618,617,617,616,2047,2047,2047,2047,2047,2047,619,618,618,617,2047,2047,2047,2047,2047,2047,2047,620,619,617,2047,2047,2047,2047,2047,2047,2047,621,620,618,2047,2047,2047,2047,2047,2047,2047,621,621,619,2047,2047,2047,2047,2047,2047,2047,622,621,619,2047,2047,2047,2047,2047,2047,2047,2047,2047,619,2047,2047,2047,2047,2047,2047,2047,2047,2047,2047, 0.0128331, -0.0128331, -0.6747850627820852, 
1712956497082804286, 324, 243, 33.12678909301758, 621, 2047,2047,2047,617,618,618,617,617,615,615,2047,2047,2047,2047,618,618,617,617,616,615,2047,2047,2047,2047,2047,618,617,617,616,615,2047,2047,2047,2047,2047,619,618,618,617,616,2047,2047,2047,2047,2047,2047,619,618,617,616,2047,2047,2047,2047,2047,621,620,619,618,617,2047,2047,2047,2047,2047,2047,621,619,618,617,2047,2047,2047,2047,2047,2047,2047,621,619,618,2047,2047,2047,2047,2047,2047,2047,2047,2047,618,2047,2047,2047,2047,2047,2047,2047,2047,2047,2047, 0.0051324, -0.0038493, -0.6753386396156352, 
1712956497117019369, 323, 243, 33.51663589477539, 2047, 2047,2047,2047,2047,2047,618,617,616,616,615,2047,2047,2047,2047,2047,2047,618,617,617,615,2047,2047,2047,2047,2047,2047,618,617,617,615,2047,2047,2047,2047,2047,2047,2047,619,618,616,2047,2047,2047,2047,2047,2047,2047,619,618,617,2047,2047,2047,2047,2047,2047,2047,2047,619,617,2047,2047,2047,2047,2047,2047,2047,2047,2047,618,2047,2047,2047,2047,2047,2047,2047,2047,2047,2047,2047,2047,2047,2047,2047,2047,2047,2047,2047,2047,2047,2047,2047,2047,2047,2047,2047,2047,2047,2047, 0.0128331, -0.0128331, -0.6746328025778514, 
1712956497150865575, 324, 243, 33.0421257019043, 621, 2047,2047,2047,2047,618,618,617,617,616,615,2047,2047,2047,2047,618,618,618,617,616,616,2047,2047,2047,2047,618,618,618,617,616,616,2047,2047,2047,2047,2047,619,618,618,617,616,2047,2047,2047,2047,2047,620,619,618,617,617,2047,2047,2047,2047,2047,621,620,619,618,617,2047,2047,2047,2047,2047,622,621,620,618,618,2047,2047,2047,2047,2047,2047,2047,621,619,618,2047,2047,2047,2047,2047,2047,2047,2047,619,618,2047,2047,2047,2047,2047,2047,2047,2047,2047,618, 0.0051324, -0.0038493, -0.6759671666725011, 
1712956497182826846, 324, 242, 33.209468841552734, 2047, 2047,2047,2047,2047,619,617,616,616,615,614,2047,2047,2047,2047,620,618,617,617,615,615,2047,2047,2047,2047,620,618,617,617,616,615,2047,2047,2047,2047,2047,619,618,617,616,615,2047,2047,2047,2047,2047,620,618,618,617,616,2047,2047,2047,2047,2047,2047,620,619,617,617,2047,2047,2047,2047,2047,2047,621,620,618,617,2047,2047,2047,2047,2047,2047,620,620,618,618,2047,2047,2047,2047,2047,2047,2047,620,619,618,2047,2047,2047,2047,2047,2047,2047,2047,619,618, 0.0171108, -0.0085554, -0.6762058407884455, 
1712956497216766083, 324, 243, 33.217105865478516, 2047, 2047,2047,2047,618,618,618,617,617,615,615,2047,2047,2047,2047,2047,618,617,617,615,615,2047,2047,2047,2047,2047,618,617,617,615,615,2047,2047,2047,2047,2047,620,618,618,616,616,2047,2047,2047,2047,2047,2047,619,618,616,616,2047,2047,2047,2047,2047,2047,619,619,617,617,2047,2047,2047,2047,2047,2047,2047,619,618,617,2047,2047,2047,2047,2047,2047,2047,2047,619,618,2047,2047,2047,2047,2047,2047,2047,2047,2047,618,2047,2047,2047,2047,2047,2047,2047,2047,2047,2047, 0.0171108, -0.0128331, -0.674960189809341, 
1712956497254938530, 324, 243, 32.9505615234375, 2047, 2047,2047,2047,2047,618,618,617,617,616,615,2047,2047,2047,2047,619,618,617,617,616,615,2047,2047,2047,2047,2047,618,617,617,616,615,2047,2047,2047,2047,2047,619,618,618,617,616,2047,2047,2047,2047,2047,620,619,618,617,616,2047,2047,2047,2047,2047,2047,619,619,617,617,2047,2047,2047,2047,2047,2047,2047,619,618,617,2047,2047,2047,2047,2047,2047,2047,2047,619,618,2047,2047,2047,2047,2047,2047,2047,2047,2047,618,2047,2047,2047,2047,2047,2047,2047,2047,2047,2047, 0.0171108, -0.0128331, -0.6747555635331746, 
1712956497290675401, 324, 243, 33.162376403808594, 2047, 2047,2047,2047,619,619,618,617,617,616,615,2047,2047,2047,2047,619,618,617,617,616,615,2047,2047,2047,2047,2047,618,617,617,616,615,2047,2047,2047,2047,2047,618,618,618,617,616,2047,2047,2047,2047,2047,2047,618,618,617,616,2047,2047,2047,2047,2047,2047,619,619,618,617,2047,2047,2047,2047,2047,2047,2047,619,619,618,2047,2047,2047,2047,2047,2047,2047,2047,619,618,2047,2047,2047,2047,2047,2047,2047,2047,2047,618,2047,2047,2047,2047,2047,2047,2047,2047,2047,2047, 0.0171108, -0.0128331, -0.6749409798309816, 
1712956497321863286, 324, 242, 33.107601165771484, 618, 2047,2047,2047,617,618,617,617,617,615,614,2047,2047,2047,617,618,617,617,617,616,615,2047,2047,2047,2047,618,617,617,617,616,615,2047,2047,2047,2047,618,618,617,617,616,615,2047,2047,2047,2047,618,618,617,617,617,616,2047,2047,2047,2047,618,618,618,617,617,616,2047,2047,2047,2047,2047,618,618,619,618,617,2047,2047,2047,2047,2047,2047,2047,619,618,617,2047,2047,2047,2047,2047,2047,2047,2047,618,617,2047,2047,2047,2047,2047,2047,2047,2047,2047,618, 0.0051072, -0.0025536, -0.676408354465274, 
1712956497351378664, 324, 243, 33.129512786865234, 2047, 2047,2047,2047,2047,619,618,617,617,616,615,2047,2047,2047,2047,620,620,618,617,616,615,2047,2047,2047,2047,2047,2047,617,617,616,615,2047,2047,2047,2047,2047,2047,618,618,617,616,2047,2047,2047,2047,2047,2047,2047,619,617,616,2047,2047,2047,2047,2047,2047,2047,619,618,617,2047,2047,2047,2047,2047,2047,2047,620,618,617,2047,2047,2047,2047,2047,2047,2047,2047,2047,617,2047,2047,2047,2047,2047,2047,2047,2047,2047,617,2047,2047,2047,2047,2047,2047,2047,2047,2047,2047, 0.0171108, -0.0128331, -0.6750228367236353, 
1712956497384496036, 324, 242, 33.211265563964844, 619, 2047,2047,2047,617,617,617,616,616,615,614,2047,2047,2047,2047,618,617,617,617,615,615,2047,2047,2047,2047,618,617,617,617,616,615,2047,2047,2047,2047,2047,617,617,617,616,615,2047,2047,2047,2047,2047,619,618,618,617,616,2047,2047,2047,2047,2047,619,619,619,617,617,2047,2047,2047,2047,2047,2047,620,620,618,617,2047,2047,2047,2047,2047,2047,2047,620,619,618,2047,2047,2047,2047,2047,2047,2047,620,619,618,2047,2047,2047,2047,2047,2047,2047,2047,2047,618, 0.0051156, -0.0025578, -0.6757992990927291, 
1712956497416910884, 324, 243, 33.17677688598633, 622, 2047,2047,2047,619,619,618,617,617,615,615,2047,2047,2047,619,619,618,618,617,616,615,2047,2047,2047,2047,619,618,617,617,616,615,2047,2047,2047,2047,620,620,619,618,617,616,2047,2047,2047,2047,621,621,619,618,617,616,2047,2047,2047,2047,2047,622,620,619,618,617,2047,2047,2047,2047,2047,2047,620,619,618,617,2047,2047,2047,2047,2047,2047,2047,2047,619,618,2047,2047,2047,2047,2047,2047,2047,2047,2047,618,2047,2047,2047,2047,2047,2047,2047,2047,2047,2047, 0.005140799999999999, -0.0038556, -0.6753965708874653, 
1712956497450837556, 324, 243, 33.17762756347656, 2047, 2047,2047,2047,2047,619,618,617,617,616,615,2047,2047,2047,2047,619,618,618,617,615,615,2047,2047,2047,2047,2047,618,617,617,615,615,2047,2047,2047,2047,2047,619,619,618,616,616,2047,2047,2047,2047,2047,2047,2047,618,616,616,2047,2047,2047,2047,2047,2047,618,618,618,617,2047,2047,2047,2047,2047,2047,621,620,619,617,2047,2047,2047,2047,2047,2047,2047,619,619,617,2047,2047,2047,2047,2047,2047,2047,2047,2047,2047,2047,2047,2047,2047,2047,2047,2047,2047,2047,2047, 0.0171108, -0.0128331, -0.6751436909586455, 
1712956497484733098, 324, 243, 33.12975311279297, 2047, 2047,2047,2047,620,619,618,617,617,615,614,2047,2047,2047,621,620,618,617,617,615,615,2047,2047,2047,2047,2047,2047,617,616,615,615,2047,2047,2047,2047,2047,2047,619,618,616,615,2047,2047,2047,2047,2047,2047,2047,618,616,616,2047,2047,2047,2047,2047,2047,2047,619,617,616,2047,2047,2047,2047,2047,2047,2047,2047,618,617,2047,2047,2047,2047,2047,2047,2047,2047,618,617,2047,2047,2047,2047,2047,2047,2047,2047,2047,617,2047,2047,2047,2047,2047,2047,2047,2047,2047,2047, 0.0171108, -0.0128331, -0.6751632424028494, 
1712956497518375256, 324, 243, 33.12975311279297, 2047, 2047,2047,2047,2047,619,618,617,616,615,614,2047,2047,2047,2047,2047,618,617,617,615,615,2047,2047,2047,2047,2047,618,617,616,615,615,2047,2047,2047,2047,2047,619,618,617,616,615,2047,2047,2047,2047,2047,2047,2047,617,616,615,2047,2047,2047,2047,2047,2047,2047,619,618,617,2047,2047,2047,2047,2047,2047,2047,621,619,618,2047,2047,2047,2047,2047,2047,2047,2047,2047,618,2047,2047,2047,2047,2047,2047,2047,2047,2047,618,2047,2047,2047,2047,2047,2047,2047,2047,2047,2047, 0.0171108, -0.0128331, -0.6754671431409227, 
1712956497553211830, 324, 243, 33.34492874145508, 2047, 2047,2047,2047,618,619,618,617,617,615,615,2047,2047,2047,2047,2047,618,617,617,615,615,2047,2047,2047,2047,2047,618,617,617,615,615,2047,2047,2047,2047,2047,619,618,618,616,616,2047,2047,2047,2047,2047,2047,619,618,616,615,2047,2047,2047,2047,2047,2047,620,620,618,617,2047,2047,2047,2047,2047,2047,620,620,619,617,2047,2047,2047,2047,2047,2047,2047,2047,620,618,2047,2047,2047,2047,2047,2047,2047,2047,2047,618,2047,2047,2047,2047,2047,2047,2047,2047,2047,2047, 0.0171108, -0.0128331, -0.6745056123542891, 
1712956497590216054, 324, 243, 33.55124282836914, 621, 2047,2047,2047,618,619,618,617,617,615,615,2047,2047,2047,2047,619,618,618,617,616,615,2047,2047,2047,2047,619,618,618,617,616,615,2047,2047,2047,2047,620,619,618,618,617,616,2047,2047,2047,2047,2047,620,619,618,617,616,2047,2047,2047,2047,2047,621,621,619,618,617,2047,2047,2047,2047,2047,2047,2047,620,619,617,2047,2047,2047,2047,2047,2047,2047,2047,2047,617,2047,2047,2047,2047,2047,2047,2047,2047,2047,617,2047,2047,2047,2047,2047,2047,2047,2047,2047,2047, 0.0051324, -0.0038493, -0.6748562409831622, 
1712956497625153206, 324, 243, 33.28035354614258, 2047, 2047,2047,2047,617,618,617,617,617,615,615,2047,2047,2047,2047,618,618,617,617,615,615,2047,2047,2047,2047,2047,618,617,617,616,615,2047,2047,2047,2047,2047,619,618,617,616,616,2047,2047,2047,2047,2047,2047,619,618,616,616,2047,2047,2047,2047,2047,2047,620,618,617,617,2047,2047,2047,2047,2047,2047,620,619,618,617,2047,2047,2047,2047,2047,2047,2047,2047,618,617,2047,2047,2047,2047,2047,2047,2047,2047,2047,618,2047,2047,2047,2047,2047,2047,2047,2047,2047,2047, 0.0171108, -0.0128331, -0.6747006757959507, 
1712956497661975764, 324, 243, 33.0748291015625, 2047, 2047,2047,2047,618,618,617,617,617,615,615,2047,2047,2047,2047,619,618,617,617,615,615,2047,2047,2047,2047,2047,618,617,617,616,615,2047,2047,2047,2047,620,619,618,618,617,616,2047,2047,2047,2047,2047,620,619,618,617,616,2047,2047,2047,2047,2047,2047,620,619,618,617,2047,2047,2047,2047,2047,2047,2047,619,618,617,2047,2047,2047,2047,2047,2047,2047,2047,2047,617,2047,2047,2047,2047,2047,2047,2047,2047,2047,2047,2047,2047,2047,2047,2047,2047,2047,2047,2047,2047, 0.0171108, -0.0128331, -0.6745354422249773, 
1712956497696379623, 324, 243, 33.50033187866211, 2047, 2047,2047,2047,2047,618,617,617,617,615,615,2047,2047,2047,2047,2047,617,617,617,615,615,2047,2047,2047,2047,2047,2047,617,617,615,615,2047,2047,2047,2047,2047,2047,618,618,617,616,2047,2047,2047,2047,2047,2047,2047,619,617,616,2047,2047,2047,2047,2047,2047,620,620,618,617,2047,2047,2047,2047,2047,2047,2047,620,619,617,2047,2047,2047,2047,2047,2047,2047,2047,619,617,2047,2047,2047,2047,2047,2047,2047,2047,2047,617,2047,2047,2047,2047,2047,2047,2047,2047,2047,2047, 0.0171108, -0.0128331, -0.6742406306734856, 
1712956497725643416, 324, 243, 33.288658142089844, 2047, 2047,2047,2047,2047,619,618,617,617,615,615,2047,2047,2047,2047,2047,618,617,617,615,615,2047,2047,2047,2047,2047,618,617,617,616,615,2047,2047,2047,2047,2047,619,618,618,617,616,2047,2047,2047,2047,2047,2047,619,618,617,616,2047,2047,2047,2047,2047,2047,620,619,618,617,2047,2047,2047,2047,2047,2047,621,620,619,618,2047,2047,2047,2047,2047,2047,2047,620,619,618,2047,2047,2047,2047,2047,2047,2047,2047,620,618,2047,2047,2047,2047,2047,2047,2047,2047,2047,2047, 0.0171108, -0.0128331, -0.6743872857427947, 
1712956497768206938, 324, 243, 33.31281280517578, 2047, 2047,2047,2047,2047,618,617,617,617,615,614,2047,2047,2047,2047,2047,617,617,616,615,615,2047,2047,2047,2047,2047,617,617,617,615,615,2047,2047,2047,2047,2047,2047,618,618,616,616,2047,2047,2047,2047,2047,2047,2047,618,617,616,2047,2047,2047,2047,2047,2047,2047,619,618,617,2047,2047,2047,2047,2047,2047,2047,620,618,617,2047,2047,2047,2047,2047,2047,2047,621,619,618,2047,2047,2047,2047,2047,2047,2047,2047,619,618,2047,2047,2047,2047,2047,2047,2047,2047,2047,619, 0.0171108, -0.0128331, -0.6745206085325738, 
1712956497802178851, 324, 243, 33.178550720214844, 2047, 2047,2047,2047,617,618,617,617,617,615,615,2047,2047,2047,2047,618,618,617,617,615,615,2047,2047,2047,2047,2047,618,617,617,615,615,2047,2047,2047,2047,2047,619,618,618,616,616,2047,2047,2047,2047,2047,2047,619,618,617,616,2047,2047,2047,2047,2047,2047,2047,619,618,617,2047,2047,2047,2047,2047,2047,2047,2047,619,618,2047,2047,2047,2047,2047,2047,2047,2047,2047,618,2047,2047,2047,2047,2047,2047,2047,2047,2047,618,2047,2047,2047,2047,2047,2047,2047,2047,2047,2047, 0.0171108, -0.0128331, -0.6747989530410178, 
1712956497840390131, 324, 243, 33.48548889160156, 2047, 2047,2047,619,617,618,617,617,617,615,615,2047,2047,2047,617,618,617,617,617,615,615,2047,2047,2047,2047,2047,617,617,617,615,615,2047,2047,2047,2047,2047,620,618,618,617,616,2047,2047,2047,2047,2047,620,619,618,617,616,2047,2047,2047,2047,2047,2047,2047,618,617,617,2047,2047,2047,2047,2047,2047,2047,2047,618,617,2047,2047,2047,2047,2047,2047,2047,2047,2047,618,2047,2047,2047,2047,2047,2047,2047,2047,2047,618,2047,2047,2047,2047,2047,2047,2047,2047,2047,2047, 0.0171108, -0.0128331, -0.6743973993771432, 
1712956497867126487, 324, 243, 33.069454193115234, 621, 2047,2047,2047,617,618,617,617,617,615,614,2047,2047,2047,617,618,617,617,617,615,615,2047,2047,2047,2047,618,618,617,616,615,615,2047,2047,2047,2047,2047,619,618,617,616,616,2047,2047,2047,2047,2047,2047,618,618,617,616,2047,2047,2047,2047,2047,621,619,619,617,617,2047,2047,2047,2047,2047,2047,2047,619,618,617,2047,2047,2047,2047,2047,2047,2047,2047,618,617,2047,2047,2047,2047,2047,2047,2047,2047,2047,618,2047,2047,2047,2047,2047,2047,2047,2047,2047,2047, 0.0051324, -0.0038493, -0.6748232827281838, 
1712956497905893123, 324, 243, 33.12346267700195, 2047, 2047,2047,2047,621,619,618,618,618,617,616,2047,2047,2047,2047,619,618,618,618,617,617,2047,2047,2047,2047,2047,618,618,617,617,617,2047,2047,2047,2047,2047,621,619,618,617,617,2047,2047,2047,2047,2047,2047,619,618,618,617,2047,2047,2047,2047,2047,2047,2047,619,618,618,2047,2047,2047,2047,2047,2047,2047,620,619,618,2047,2047,2047,2047,2047,2047,2047,2047,619,618,2047,2047,2047,2047,2047,2047,2047,2047,2047,619,2047,2047,2047,2047,2047,2047,2047,2047,2047,2047, 0.0171108, -0.0128331, -0.6772743699356738, 
1712956497940526303, 323, 244, 32.604732513427734, 2047, 2047,2047,2047,2047,627,626,625,625,624,623,2047,2047,2047,2047,627,626,625,625,624,623,2047,2047,2047,2047,627,627,626,626,625,624,2047,2047,2047,2047,2047,2047,626,626,625,624,2047,2047,2047,2047,2047,2047,627,627,626,625,2047,2047,2047,2047,2047,2047,627,627,626,625,2047,2047,2047,2047,2047,2047,2047,2047,627,625,2047,2047,2047,2047,2047,2047,2047,2047,2047,625,2047,2047,2047,2047,2047,2047,2047,2047,2047,626,2047,2047,2047,2047,2047,2047,2047,2047,2047,627, 0.0128331, -0.0171108, -0.6817424791159727, 
1712956497967311779, 323, 245, 31.642772674560547, 2047, 2047,2047,635,636,636,635,634,633,633,632,2047,2047,2047,637,636,636,635,634,633,632,2047,2047,2047,2047,637,636,636,635,634,633,2047,2047,2047,2047,638,636,636,635,634,634,2047,2047,2047,2047,2047,637,636,635,634,634,2047,2047,2047,2047,2047,2047,637,636,634,634,2047,2047,2047,2047,2047,2047,2047,637,635,635,2047,2047,2047,2047,2047,2047,2047,2047,637,637,2047,2047,2047,2047,2047,2047,2047,638,637,637,2047,2047,2047,2047,2047,2047,2047,2047,2047,637, 0.0128331, -0.021388499999999998, -0.690544330315608, 
1712956497999315666, 323, 246, 31.758670806884766, 2047, 2047,2047,2047,2047,648,647,646,646,645,644,2047,2047,2047,2047,2047,647,646,646,646,644,2047,2047,2047,2047,2047,647,647,647,646,645,2047,2047,2047,2047,2047,647,646,646,646,646,2047,2047,2047,2047,2047,2047,647,647,647,646,2047,2047,2047,2047,2047,2047,647,647,647,646,2047,2047,2047,2047,2047,2047,646,647,647,646,2047,2047,2047,2047,2047,2047,2047,648,648,647,2047,2047,2047,2047,2047,2047,2047,648,648,647,2047,2047,2047,2047,2047,2047,2047,2047,2047,647, 0.0128331, -0.0256662, -0.6995086776122748, 
1712956498033262627, 323, 248, 30.1812801361084, 2047, 2047,2047,2047,2047,2047,658,658,657,657,656,2047,2047,2047,2047,2047,2047,659,658,657,656,2047,2047,2047,2047,2047,2047,2047,659,657,657,2047,2047,2047,2047,2047,2047,2047,659,658,657,2047,2047,2047,2047,2047,2047,2047,2047,658,658,2047,2047,2047,2047,2047,2047,2047,2047,2047,658,2047,2047,2047,2047,2047,2047,2047,2047,2047,2047,2047,2047,2047,2047,2047,2047,2047,2047,2047,2047,2047,2047,2047,2047,2047,2047,2047,2047,2047,2047,2047,2047,2047,2047,2047,2047,2047,2047,2047,2047, 0.0128331, -0.0342216, -0.706156108975286, 
1712956498069591555, 323, 249, 29.4925594329834, 590, 2047,2047,2047,2047,2047,2047,668,668,667,667,2047,2047,2047,2047,2047,2047,669,668,668,667,2047,2047,2047,2047,2047,2047,669,669,668,668,2047,2047,2047,2047,2047,2047,669,668,668,668,2047,592,591,2047,2047,2047,2047,2047,668,667,2047,592,591,592,592,590,590,2047,2047,2047,2047,592,591,592,590,590,590,2047,2047,2047,2047,2047,589,590,590,2047,2047,2047,2047,2047,2047,2047,589,589,589,2047,2047,2047,2047,2047,2047,589,589,589,2047,2047,2047,2047,2047,2047, 0.003654, -0.010962, -0.7112067115467333, 
1712956498103857767, 322, 250, 28.968263626098633, 2047, 2047,2047,2047,2047,682,682,681,680,678,677,2047,2047,2047,2047,682,682,681,681,679,678,2047,2047,2047,2047,2047,683,682,681,679,678,2047,2047,2047,2047,2047,2047,682,682,679,678,2047,2047,2047,2047,2047,2047,2047,2047,2047,679,2047,2047,2047,2047,2047,2047,2047,2047,2047,2047,2047,2047,2047,2047,2047,2047,2047,2047,2047,2047,2047,2047,2047,2047,2047,2047,2047,2047,2047,2047,2047,2047,2047,2047,2047,2047,2047,2047,2047,2047,2047,2047,2047,2047,2047,2047,2047,2047,2047,2047, 0.0085554, -0.042776999999999996, -0.7179462564536578, 
1712956498135945288, 321, 251, 28.207128524780273, 2047, 2047,2047,2047,2047,688,689,688,688,687,687,2047,2047,2047,2047,2047,689,689,688,688,687,2047,2047,2047,2047,2047,2047,2047,688,688,687,2047,2047,2047,2047,2047,2047,2047,2047,2047,687,2047,2047,2047,2047,2047,2047,2047,2047,2047,2047,2047,2047,2047,2047,2047,2047,2047,2047,2047,2047,2047,2047,2047,2047,2047,2047,2047,2047,2047,2047,2047,2047,2047,2047,2047,2047,2047,2047,2047,2047,2047,2047,2047,2047,2047,2047,2047,2047,2047,2047,2047,2047,2047,2047,2047,2047,2047,2047,2047,2047, 0.0042777, -0.0470547, -0.7270096611592954, 
1712956498167398936, 322, 251, 27.881855010986328, 2047, 2047,2047,2047,2047,696,696,696,695,694,694,2047,2047,2047,2047,2047,695,695,695,695,694,2047,2047,2047,2047,2047,2047,695,695,695,694,2047,2047,2047,2047,2047,2047,2047,2047,695,695,2047,2047,2047,2047,2047,2047,2047,2047,2047,694,2047,2047,2047,2047,2047,2047,2047,2047,2047,694,2047,2047,2047,2047,2047,2047,2047,2047,2047,2047,2047,2047,2047,2047,2047,2047,2047,2047,2047,2047,2047,2047,2047,2047,2047,2047,2047,2047,2047,2047,2047,2047,2047,2047,2047,2047,2047,2047,2047,2047, 0.0085554, -0.0470547, -0.7398848162793349, 
1712956498199173516, 322, 253, 27.45830726623535, 2047, 2047,2047,2047,2047,2047,2047,705,705,704,703,2047,2047,2047,2047,2047,2047,2047,705,704,704,2047,2047,2047,2047,2047,2047,2047,2047,704,704,2047,2047,2047,2047,2047,2047,2047,2047,2047,704,2047,2047,2047,2047,2047,2047,2047,2047,2047,2047,2047,2047,2047,2047,2047,2047,2047,2047,2047,2047,2047,2047,2047,2047,2047,2047,2047,2047,2047,2047,2047,2047,2047,2047,2047,2047,2047,2047,2047,2047,589,2047,2047,2047,2047,589,590,589,588,588,589,589,589,589,590,590,589,590,589,589, 0.0085554, -0.055610099999999996, -0.7398618320396966, 
1712956498233341130, 322, 253, 26.580196380615234, 2047, 2047,2047,2047,2047,714,714,713,713,712,711,2047,2047,2047,2047,2047,714,714,713,712,712,2047,2047,2047,2047,2047,2047,2047,713,712,712,2047,2047,2047,2047,2047,2047,2047,713,712,712,2047,2047,2047,2047,2047,2047,2047,2047,712,712,2047,2047,2047,2047,2047,2047,2047,2047,2047,712,2047,2047,2047,2047,2047,2047,2047,2047,2047,711,2047,2047,2047,2047,2047,2047,2047,2047,2047,711,589,2047,2047,2047,2047,2047,2047,2047,2047,2047,589,590,2047,2047,2047,591,590,590,589,589, 0.0085554, -0.055610099999999996, -0.7479683164942869, 
1712956498267307047, 321, 254, 26.01802635192871, 2047, 2047,2047,2047,2047,2047,2047,722,721,720,719,2047,2047,2047,2047,2047,2047,2047,721,720,718,2047,2047,2047,2047,2047,2047,2047,2047,720,719,2047,2047,2047,2047,2047,2047,2047,2047,2047,718,2047,2047,2047,2047,2047,2047,2047,2047,2047,2047,2047,2047,2047,2047,2047,2047,2047,2047,2047,2047,588,2047,2047,2047,2047,2047,2047,2047,2047,2047,588,589,589,2047,2047,2047,590,590,590,589,589,589,589,589,590,591,590,590,590,590,589,589,590,589,590,591,590,590,590,590, 0.0042777, -0.0598878, -0.7527662697796029, 
1712956498302496783, 321, 255, 25.2241268157959, 2047, 2047,2047,2047,2047,2047,2047,2047,2047,725,725,2047,2047,2047,2047,2047,2047,2047,2047,726,725,2047,2047,2047,2047,2047,2047,2047,2047,2047,725,2047,2047,2047,2047,2047,2047,2047,2047,2047,2047,2047,2047,2047,2047,2047,2047,2047,2047,2047,2047,2047,2047,2047,2047,2047,2047,2047,2047,2047,2047,589,589,589,2047,2047,2047,2047,2047,589,588,589,589,589,589,590,590,590,589,589,589,589,589,589,589,589,590,590,590,590,589,589,589,589,589,590,590,590,590,590,590, 0.0042777, -0.0641655, -0.7440335969449828, 
1712956498334372206, 320, 255, 25.018253326416016, 2047, 2047,2047,2047,2047,2047,2047,2047,734,734,732,2047,2047,2047,2047,2047,2047,2047,734,734,733,2047,2047,2047,2047,2047,2047,2047,2047,734,733,2047,2047,2047,2047,2047,2047,2047,2047,2047,2047,2047,2047,2047,2047,2047,2047,2047,2047,2047,2047,588,2047,2047,2047,2047,2047,2047,2047,2047,2047,588,588,588,588,2047,2047,2047,589,589,589,589,589,589,589,589,589,589,589,589,589,589,589,589,589,589,589,590,590,590,590,589,589,589,589,589,590,590,590,590,590, 0.0, -0.0641655, -0.7549517325094977, 
1712956498369791890, 320, 256, 24.534805297851562, 589, 2047,2047,2047,2047,2047,2047,2047,740,739,739,2047,2047,2047,2047,2047,2047,2047,2047,739,739,2047,2047,2047,2047,2047,2047,2047,2047,2047,739,2047,2047,2047,2047,2047,2047,2047,2047,589,589,589,589,589,2047,2047,2047,2047,2047,2047,589,589,589,589,589,590,589,590,590,589,589,589,589,589,590,589,590,590,590,590,590,589,589,589,589,589,590,590,590,590,590,589,589,589,590,590,590,591,590,590,590,589,589,589,590,590,590,591,590,590,590, 0.0, -0.0194544, -0.7579405298993225, 
1712956498404911979, 320, 256, 24.522178649902344, 589, 2047,2047,2047,2047,2047,747,747,747,746,746,2047,2047,2047,2047,2047,2047,748,747,746,746,2047,2047,2047,2047,2047,2047,2047,747,746,746,2047,2047,2047,2047,2047,2047,748,748,747,746,2047,2047,2047,2047,2047,585,586,586,746,745,587,588,588,2047,2047,589,589,589,589,589,588,588,589,589,589,589,589,590,589,589,588,589,589,589,589,589,590,590,589,589,589,589,589,589,589,589,590,590,590,590,589,589,589,589,589,589,590,590,590,590, 0.0, -0.0194544, -0.7662255765222381, 
1712956498433210041, 320, 257, 23.845165252685547, 590, 2047,2047,2047,2047,2047,2047,2047,2047,753,752,2047,2047,2047,2047,2047,2047,2047,2047,2047,752,2047,2047,2047,2047,2047,2047,2047,2047,2047,752,589,2047,2047,2047,2047,2047,2047,2047,2047,750,589,589,589,2047,2047,2047,2047,589,589,590,589,589,589,589,589,590,590,590,589,590,589,589,589,589,589,589,590,590,590,590,589,589,589,590,590,590,591,590,590,590,590,590,590,590,590,590,591,590,590,590,590,590,590,590,590,590,591,590,590,591, 0.0, -0.020706, -0.7718521733327923, 
1712956498467105369, 320, 258, 23.457393646240234, 589, 2047,2047,2047,2047,2047,2047,2047,2047,757,757,2047,2047,2047,2047,2047,2047,2047,2047,757,757,2047,2047,2047,2047,2047,2047,2047,2047,2047,589,588,588,589,589,589,589,589,589,589,589,588,589,589,589,589,589,590,590,589,589,588,589,589,589,589,589,590,590,589,590,589,589,589,589,589,589,590,590,590,590,589,589,589,589,590,590,590,590,590,590,589,590,590,590,590,590,590,590,590,590,589,590,590,590,590,590,590,590,590,590, 0.0, -0.021886199999999998, -0.7698585511394203, 
1712956498499286229, 319, 258, 23.117782592773438, 589, 2047,2047,2047,2047,2047,2047,2047,2047,2047,764,2047,2047,2047,2047,2047,2047,2047,2047,2047,2047,588,2047,2047,2047,2047,2047,2047,2047,2047,2047,588,588,589,589,2047,2047,2047,590,589,589,588,589,589,589,589,589,589,590,590,590,589,589,589,589,589,589,589,590,590,589,589,589,589,589,589,589,590,590,590,590,589,589,589,589,589,589,590,590,590,590,589,589,590,590,590,590,590,590,590,590,589,589,590,590,590,590,590,590,590,590, -0.0012159, -0.021886199999999998, -0.7711557305288742, 
1712956498533117064, 320, 259, 22.49787712097168, 590, 2047,2047,2047,2047,2047,2047,2047,770,770,770,2047,2047,2047,2047,2047,2047,2047,2047,590,769,589,589,589,589,2047,2047,2047,590,590,590,589,589,590,590,590,590,591,590,590,590,589,589,589,590,590,590,591,590,590,590,590,590,590,590,590,590,591,590,590,590,590,590,590,590,590,590,591,590,590,590,590,590,590,590,590,590,591,590,590,591,590,590,590,590,590,590,591,590,590,591,590,590,590,590,590,590,591,590,590,591, 0.0, -0.023142, -0.7703967463328097, 
1712956498567365887, 320, 260, 22.326400756835938, 590, 2047,2047,2047,2047,2047,2047,774,774,774,588,588,588,588,588,2047,591,589,589,589,589,588,588,588,589,589,591,589,589,589,589,589,589,589,589,589,589,590,590,589,590,589,589,589,589,589,590,590,590,590,590,589,589,589,589,589,590,590,590,590,590,589,589,589,590,589,590,590,590,590,590,589,589,590,590,589,590,590,590,590,590,590,590,590,590,590,590,591,590,590,590,590,590,590,590,590,590,591,591,590,591, 0.0, -0.02436, -0.7733442081475144, 
1712956498601845853, 319, 260, 21.864063262939453, 589, 589,589,2047,2047,2047,2047,2047,2047,591,591,589,589,589,590,590,589,590,591,590,590,589,589,589,589,590,589,590,590,590,590,589,589,589,589,589,589,589,590,590,590,589,589,589,589,590,589,590,590,590,590,589,589,589,589,590,589,590,590,590,590,590,589,590,590,590,590,590,591,590,590,590,589,590,590,590,590,590,591,590,590,590,590,590,590,590,590,590,591,591,591,590,590,590,590,590,590,590,591,591,591, -0.0012159, -0.024318, -0.7584176713383665, 
1712956498635198816, 319, 261, 21.716909408569336, 590, 588,588,588,588,588,588,588,589,589,786,589,589,589,589,589,589,589,590,590,590,589,589,589,589,589,589,589,590,590,590,589,589,589,589,590,589,590,590,590,590,589,589,589,589,590,590,590,591,590,590,590,590,590,590,590,590,590,591,590,590,590,589,590,590,590,590,590,591,590,590,590,590,590,590,590,590,590,591,591,591,590,590,590,590,590,590,590,591,591,591,590,590,590,590,590,590,590,591,591,591, -0.001218, -0.025578, -0.7672438364213101, 
1712956498667700697, 319, 261, 21.35700035095215, 589, 589,589,589,589,589,589,2047,589,589,789,588,588,589,589,589,589,589,590,590,589,589,589,589,589,589,589,590,590,590,590,589,589,589,589,589,589,590,590,590,590,589,589,589,589,589,589,590,590,590,590,589,589,590,590,589,589,590,590,590,590,589,589,589,590,589,589,589,590,590,590,590,589,590,590,590,590,590,590,590,590,590,589,590,590,589,590,589,590,590,590,590,590,590,590,589,589,589,590,590,590, -0.0012159, -0.025533899999999998, -0.7781001100982425, 
1712956498700119715, 318, 261, 21.252609252929688, 590, 589,589,589,589,589,589,589,589,590,589,589,589,589,589,589,590,589,590,590,590,589,589,589,589,589,590,589,590,590,590,589,589,589,589,590,590,590,590,591,590,589,590,590,590,590,590,590,590,591,590,589,590,590,590,590,590,590,590,591,590,589,590,590,590,590,590,590,590,591,590,590,590,590,590,590,590,590,590,591,590,590,590,590,590,590,590,590,590,591,591,590,590,590,590,590,590,590,590,591,591, -0.002436, -0.025578, -0.8203075891036917, 
1712956498733465076, 319, 262, 20.915027618408203, 590, 588,588,588,589,589,589,590,590,590,590,589,589,589,589,589,589,589,590,590,590,589,589,589,589,589,590,590,591,590,590,589,589,589,589,589,589,590,590,590,590,589,589,590,590,590,590,590,590,590,590,589,589,590,590,590,590,590,590,590,590,590,590,590,590,590,590,590,591,590,590,589,590,590,590,590,590,590,591,590,590,590,590,590,590,590,590,590,591,591,590,590,590,590,590,590,590,590,590,590,590, -0.001218, -0.026796, -0.789412471158512, 
1712956498767403692, 320, 262, 20.4334659576416, 589, 588,589,589,589,588,589,589,590,589,589,588,589,589,589,589,589,590,590,589,589,589,589,589,589,589,589,590,590,590,590,589,589,589,589,589,589,590,590,590,590,589,590,590,589,589,589,590,590,590,590,590,590,590,590,589,589,590,590,590,590,590,590,590,590,590,590,591,590,590,590,590,590,590,590,590,590,591,590,590,590,590,590,590,590,590,590,591,590,590,590,591,591,591,590,590,590,591,591,590,591, 0.0, -0.026749799999999997, -0.7656999587166763, 
1712956498799886547, 319, 263, 20.125398635864258, 590, 589,589,589,589,590,590,590,591,590,590,589,589,589,590,590,590,590,591,591,590,589,589,590,590,590,590,590,591,591,590,590,590,590,590,590,590,590,591,590,590,590,590,590,590,590,590,590,591,590,590,590,590,590,590,590,590,590,591,591,591,590,590,590,590,590,590,590,591,591,591,590,590,590,590,590,590,590,591,590,590,591,590,590,590,590,590,590,591,590,590,591,591,591,591,590,590,590,591,590,590, -0.001218, -0.028014, -0.7636784081617031, 
1712956498834476492, 318, 263, 20.189220428466797, 590, 588,588,588,589,589,589,589,589,590,590,589,589,589,589,589,589,589,589,590,590,589,589,589,589,589,589,589,589,590,590,589,589,589,589,589,589,589,589,590,590,589,589,589,589,590,590,589,589,590,590,589,590,590,590,590,590,590,590,591,590,589,590,589,590,590,589,589,589,590,590,590,590,590,590,590,590,590,589,591,590,590,591,590,590,590,590,590,589,591,590,591,591,591,591,590,590,589,589,591,590, -0.002436, -0.028014, -0.8033156398460567, 
1712956498870359127, 317, 263, 19.584138870239258, 590, 588,589,589,589,589,589,589,589,589,590,589,589,589,589,589,589,589,589,590,590,589,589,589,589,589,589,589,590,590,591,589,589,590,590,590,590,590,590,590,590,589,589,590,590,590,590,590,590,590,590,590,589,590,590,590,590,590,590,590,591,590,589,590,590,590,590,590,590,590,591,590,590,590,590,590,590,590,590,589,591,591,590,590,590,591,590,590,590,590,591,591,591,591,591,591,590,590,589,589,590, -0.003654, -0.028014, -0.7971288798341383, 
1712956498902137197, 318, 263, 19.2597713470459, 590, 589,589,589,589,589,589,589,589,590,590,589,589,589,589,589,589,589,589,590,590,589,589,589,589,589,589,589,589,590,590,589,590,590,590,590,590,590,590,590,590,589,590,590,590,590,590,590,590,590,590,589,590,590,590,590,590,590,590,591,590,590,590,590,590,590,590,590,590,591,591,590,590,590,590,590,589,590,589,591,590,590,590,590,590,590,589,589,589,590,590,591,591,591,590,590,589,589,589,590,590, -0.002436, -0.028014, -0.8198127435057709, 
1712956498933464275, 319, 264, 19.09586524963379, 590, 589,589,589,589,589,589,590,590,590,590,589,589,589,589,589,589,589,590,590,590,589,589,590,590,590,589,589,590,590,590,589,589,590,590,590,589,590,590,590,590,590,590,590,590,590,590,590,591,590,590,589,589,590,590,590,590,590,591,590,590,590,590,590,590,590,590,590,591,591,590,590,590,591,591,590,590,590,591,591,590,590,591,591,591,591,590,590,591,591,591,2047,592,592,592,2047,590,2047,591,591,590, -0.001218, -0.029232, -0.7970825391753793, 
1712956498967961210, 318, 264, 18.8664608001709, 590, 589,589,589,589,589,590,590,590,591,590,589,589,589,590,590,590,590,590,591,590,589,590,590,590,590,590,590,590,591,590,589,590,590,590,590,590,590,590,591,590,590,590,590,590,590,590,590,590,591,590,590,590,590,590,590,590,590,590,591,591,590,590,590,590,590,590,590,590,591,591,590,591,590,591,590,590,590,590,591,591,591,591,591,591,591,590,590,590,591,591,592,591,591,591,591,590,590,590,591,591, -0.002436, -0.029232, -0.7782961188289161, 
1712956499004892481, 318, 263, 18.227510452270508, 590, 589,589,589,589,589,589,589,590,590,590,589,589,589,589,589,589,589,590,590,590,589,589,589,589,589,589,589,589,590,590,589,589,589,590,590,590,590,590,590,590,589,589,589,590,590,590,590,590,590,590,589,590,590,590,590,590,590,590,591,590,589,590,590,590,590,590,590,590,591,591,590,590,590,591,591,590,590,590,591,591,590,591,591,591,591,590,590,590,591,590,591,591,591,592,591,590,590,590,591,591, -0.002436, -0.028014, -0.7980276564411536, 
1712956499033437933, 317, 264, 18.465513229370117, 590, 589,589,589,589,589,589,589,589,590,590,589,589,589,589,589,589,589,589,590,590,589,589,589,589,590,590,590,590,590,590,589,589,589,589,590,590,590,590,590,590,590,589,590,590,590,590,590,590,590,591,590,590,590,590,590,590,590,590,590,591,590,590,590,590,590,590,590,589,589,591,591,590,590,590,590,590,590,590,590,591,592,591,591,591,591,590,590,589,589,590,593,592,592,592,592,591,589,589,589,590, -0.003654, -0.029232, -0.8006447016772644, 
1712956499067522421, 318, 264, 17.875768661499023, 590, 589,589,589,589,589,589,589,590,590,590,589,589,589,589,589,589,590,590,590,590,589,590,589,590,590,590,590,590,590,590,589,590,589,590,590,590,590,590,590,590,590,590,590,590,590,590,590,590,591,590,590,590,590,590,590,590,590,590,591,591,590,591,590,590,590,590,590,590,591,591,591,591,591,591,591,590,590,590,591,591,591,591,591,591,591,590,590,590,591,591,592,592,592,592,592,591,2047,2047,2047,2047, -0.002436, -0.029232, -0.8096091476224793, 
1712956499099749153, 319, 265, 17.847183227539062, 590, 589,589,589,589,589,589,589,590,590,590,589,589,589,589,589,589,589,590,590,590,589,589,590,590,589,589,589,590,590,590,590,590,590,590,590,590,590,591,590,590,590,590,590,590,590,590,589,591,590,590,590,590,590,590,590,590,590,591,590,590,590,590,590,590,590,590,589,591,590,590,590,590,591,591,590,590,589,591,590,590,591,591,591,591,589,589,589,590,590,2047,2047,2047,2047,2047,2047,2047,2047,2047,2047,2047, -0.001218, -0.030449999999999998, -0.7581759263644435, 
1712956499133439773, 318, 264, 17.585603713989258, 590, 589,590,590,590,590,590,590,590,591,590,589,590,590,590,590,590,590,590,591,590,589,590,590,590,590,590,590,590,591,590,590,590,590,590,590,590,590,590,591,590,590,590,590,590,590,590,590,590,591,590,590,590,590,590,590,590,590,590,591,591,590,591,591,591,590,590,590,589,591,590,591,591,591,591,590,590,590,590,591,590,591,592,592,591,591,590,590,590,591,591,592,592,591,591,591,590,590,590,591,591, -0.002436, -0.029232, -0.7795726240768271, 
1712956499167325425, 318, 265, 17.241039276123047, 590, 589,589,589,589,589,589,589,589,590,590,589,590,590,590,590,590,590,590,590,590,589,590,590,590,590,590,590,590,590,590,590,590,590,590,590,590,590,590,590,590,590,590,590,590,590,590,590,589,590,590,590,590,590,590,590,590,590,589,591,590,590,591,590,591,591,590,590,590,591,590,591,591,591,591,591,590,590,589,590,590,592,592,591,591,591,590,590,589,590,590,592,2047,2047,2047,2047,2047,2047,2047,590,591, -0.002436, -0.030449999999999998, -0.7644355920198179, 
1712956499203942842, 316, 264, 17.10272979736328, 590, 589,589,589,589,589,589,589,589,589,590,589,589,589,589,589,589,589,589,589,590,589,589,589,589,589,590,590,590,590,590,589,589,589,589,589,590,590,590,590,590,589,589,589,590,590,590,590,590,590,590,590,590,589,590,590,590,590,590,590,589,590,590,590,590,590,590,590,590,589,589,591,591,590,591,591,591,591,590,590,590,592,592,591,591,591,591,591,590,590,589,593,593,592,592,592,591,592,590,589,589, -0.004872, -0.029232, -0.7786751206527168, 
1712956499234955156, 317, 265, 16.628982543945312, 590, 589,589,589,589,590,590,590,590,590,591,589,589,590,590,590,590,590,590,590,591,589,589,590,589,590,590,590,590,590,590,590,589,590,590,590,590,590,590,590,591,590,590,590,590,590,590,590,590,590,591,590,590,590,590,590,590,590,590,590,591,591,590,590,590,591,590,590,590,590,591,591,590,590,590,591,590,590,590,589,590,592,592,592,592,591,591,590,589,589,590,593,593,592,592,591,2047,2047,2047,2047,2047, -0.003654, -0.030449999999999998, -0.7578340831174567, 
1712956499269498797, 318, 266, 16.886537551879883, 590, 589,589,589,590,590,589,589,589,590,590,589,589,590,590,590,590,589,589,590,590,589,590,590,590,590,590,590,590,591,590,589,590,590,590,590,590,590,590,591,590,589,590,590,590,590,590,590,589,591,590,590,590,591,591,591,590,590,589,591,590,590,591,591,591,591,590,590,589,591,590,591,592,593,592,592,592,589,589,591,590,2047,2047,2047,2047,2047,2047,2047,589,590,590,2047,2047,2047,2047,2047,2047,2047,2047,2047,2047, -0.002436, -0.031668, -0.7330032895495316, 
1712956499301171436, 318, 266, 16.432653427124023, 590, 589,590,590,590,590,590,590,590,591,590,590,590,590,590,589,590,590,590,590,590,590,590,590,590,590,590,590,590,591,590,590,590,590,590,590,590,590,590,591,590,590,591,590,591,590,590,590,590,591,591,591,591,591,591,591,590,590,590,591,591,591,592,591,591,592,591,591,590,591,591,592,592,592,591,592,592,591,592,591,591,592,592,592,592,592,2047,2047,2047,2047,2047,2047,2047,2047,592,2047,2047,2047,2047,2047,2047, -0.002436, -0.031668, -0.7708502425022328, 
1712956499340929611, 318, 266, 16.286867141723633, 590, 589,590,589,590,590,589,590,589,590,590,589,590,590,590,590,590,590,590,590,590,590,590,590,590,590,590,590,590,591,590,590,590,590,590,590,590,590,590,591,590,590,591,590,590,590,590,590,589,591,590,590,591,590,590,590,590,589,589,590,590,591,591,591,591,590,589,589,589,590,590,592,592,591,591,590,589,589,589,590,590,592,592,592,2047,2047,2047,2047,2047,2047,2047,2047,2047,2047,2047,2047,2047,2047,2047,2047,2047, -0.002436, -0.031668, -0.7503859409223795, 
1712956499371526506, 317, 266, 16.38643455505371, 591, 589,589,589,589,590,590,590,590,590,591,589,589,589,590,590,590,590,590,590,591,590,589,590,590,590,590,590,590,590,591,590,589,590,590,590,590,590,590,590,591,590,590,590,590,591,590,590,590,590,591,590,590,590,591,591,591,590,590,590,591,591,591,591,591,591,591,590,590,589,591,591,591,591,591,591,591,590,589,2047,590,2047,2047,2047,2047,2047,2047,2047,2047,2047,2047,2047,2047,2047,2047,2047,2047,2047,2047,2047,2047, -0.0036603, -0.0317226, -0.7830302065161396, 
1712956499405968094, 316, 266, 16.140111923217773, 591, 589,589,589,590,589,590,590,590,590,590,590,589,589,590,590,590,590,590,590,590,590,590,590,590,590,590,590,590,590,590,590,590,590,590,590,590,590,590,590,590,590,590,590,590,590,590,590,590,590,590,591,591,590,591,590,591,590,590,590,590,592,592,591,591,591,591,590,590,590,590,593,593,592,592,591,591,591,590,589,590,593,593,593,592,592,2047,2047,2047,2047,2047,594,594,593,2047,2047,2047,2047,2047,2047,2047, -0.0048804, -0.0317226, -0.7290688846060996, 
1712956499435262310, 317, 266, 15.815274238586426, 591, 589,589,589,589,589,590,589,589,589,590,589,589,589,589,590,590,590,589,590,590,589,589,590,590,590,590,590,590,590,591,590,589,590,590,590,590,589,590,589,591,590,590,590,590,590,590,590,590,590,591,591,590,591,590,591,591,590,590,590,591,591,591,591,591,591,591,591,590,590,591,592,591,592,592,592,592,591,591,590,591,592,591,592,592,592,2047,2047,2047,2047,591,2047,592,593,2047,2047,2047,2047,2047,2047,2047, -0.0036603, -0.0317226, -0.711703887989977, 
1712956499467298022, 318, 267, 15.787753105163574, 591, 589,590,590,590,590,590,590,590,591,590,590,590,590,590,590,590,590,590,591,591,590,590,590,590,590,590,590,590,591,591,590,590,590,591,591,590,590,590,591,591,591,591,591,592,591,591,590,590,591,591,591,592,591,592,591,591,590,590,591,591,592,592,592,592,592,2047,2047,2047,2047,591,2047,2047,2047,2047,2047,2047,2047,2047,2047,2047,2047,2047,2047,2047,2047,2047,2047,2047,2047,2047,2047,2047,2047,2047,2047,2047,2047,2047,2047,2047, -0.0024402, -0.0329427, -0.6695892599132346, 
1712956499499186169, 318, 266, 15.795969009399414, 590, 589,589,589,590,590,590,590,590,590,590,589,589,589,590,590,590,590,590,590,590,589,590,589,590,590,590,590,590,591,590,589,590,589,590,590,590,590,590,591,591,589,590,590,590,590,590,590,589,591,591,590,590,590,591,590,590,590,589,591,591,590,590,591,591,591,590,590,589,591,591,591,591,591,591,2047,589,589,589,591,591,2047,2047,2047,2047,2047,2047,2047,2047,2047,593,2047,2047,2047,2047,2047,2047,2047,2047,2047,2047, -0.002436, -0.031668, -0.710003785908776, 
1712956499533380543, 317, 266, 15.411574363708496, 590, 589,589,589,589,590,590,589,589,589,590,589,589,589,589,589,590,589,589,589,590,589,589,590,590,590,590,590,590,590,591,589,589,590,590,590,590,590,590,590,591,590,590,590,590,590,590,590,590,590,591,590,590,590,590,590,590,590,590,590,591,592,591,591,591,591,590,590,590,589,591,593,592,592,592,591,591,590,590,590,591,593,593,592,592,591,2047,2047,2047,2047,2047,593,593,592,2047,2047,2047,2047,2047,2047,2047, -0.003654, -0.031668, -0.7206132093756078, 
1712956499567238632, 317, 266, 15.403021812438965, 592, 589,589,590,590,590,590,590,590,590,591,590,589,590,590,590,590,590,590,590,591,590,590,590,590,590,590,590,590,590,591,590,590,590,590,590,590,590,590,590,591,591,590,591,590,591,591,591,590,590,591,591,591,591,591,592,592,591,591,591,592,592,592,592,592,592,592,592,591,592,593,593,592,593,593,592,592,593,593,593,593,2047,2047,2047,593,593,593,593,2047,592,2047,2047,2047,2047,2047,2047,2047,2047,2047,2047,2047, -0.0036666, -0.0317772, -0.721565139535308, 
1712956499599762367, 316, 266, 14.916534423828125, 591, 589,589,589,589,589,590,590,590,590,590,589,589,589,589,590,590,590,590,590,590,589,589,589,590,590,590,590,590,590,590,589,590,590,590,590,590,590,590,590,590,590,590,590,590,590,591,590,590,590,590,591,591,590,590,591,591,591,590,590,590,592,591,591,591,591,591,591,590,590,590,592,592,592,592,591,591,591,590,590,590,593,592,592,592,592,591,592,2047,589,2047,593,593,593,592,592,2047,2047,2047,2047,2047, -0.0048804, -0.0317226, -0.7063312528628553, 
1712956499633841892, 317, 266, 15.403021812438965, 590, 589,589,589,589,590,590,590,590,590,590,589,589,589,589,590,590,590,590,590,590,589,589,590,590,590,590,590,590,590,591,590,589,590,590,590,590,590,590,590,591,590,590,590,590,590,590,590,590,590,591,590,590,590,590,591,590,590,590,590,591,591,591,591,591,591,591,590,590,590,591,591,591,591,591,591,591,590,590,590,591,592,2047,2047,592,2047,2047,2047,2047,2047,2047,2047,2047,2047,2047,2047,2047,2047,2047,2047,2047, -0.003654, -0.031668, -0.7081688902529335, 
1712956499667330770, 318, 267, 14.8071928024292, 590, 589,590,590,590,590,590,590,590,591,590,589,590,590,590,590,590,590,590,591,591,590,590,590,590,590,590,590,590,591,591,590,590,590,590,590,590,590,590,591,591,591,591,591,591,591,590,590,590,591,591,591,591,591,591,591,590,590,590,591,591,592,592,592,591,591,591,590,2047,591,591,592,592,593,592,2047,2047,2047,2047,2047,2047,2047,2047,2047,2047,2047,2047,2047,2047,2047,2047,2047,2047,2047,2047,2047,2047,2047,2047,2047,2047, -0.002436, -0.032886, -0.6591227040647196, 
1712956499699897216, 318, 268, 14.714038848876953, 2047, 589,590,590,590,590,590,590,590,591,590,589,590,590,590,590,590,590,590,591,591,590,590,590,590,590,590,590,590,591,591,590,590,591,591,591,590,590,590,591,591,591,591,591,591,591,590,589,589,591,591,592,592,592,591,592,2047,2047,2047,591,591,2047,2047,2047,2047,2047,2047,2047,2047,2047,2047,2047,2047,2047,2047,2047,2047,2047,2047,2047,2047,2047,2047,2047,2047,2047,2047,2047,2047,2047,2047,2047,2047,2047,2047,2047,2047,2047,2047,2047,2047, -0.0085554, -0.1197756, -0.6583422877448365, 
1712956499733298721, 317, 266, 14.430970191955566, 591, 589,589,590,590,590,590,590,590,590,591,590,590,590,590,590,590,590,590,590,590,590,590,590,590,590,590,590,590,590,591,590,590,590,590,590,590,590,590,590,591,591,590,591,590,590,590,590,590,590,591,591,591,591,591,591,591,591,590,590,591,592,591,592,591,592,591,590,590,589,590,592,592,592,592,592,593,2047,2047,2047,2047,592,593,2047,2047,2047,2047,2047,2047,2047,2047,2047,2047,2047,2047,2047,2047,2047,2047,2047,2047, -0.0036603, -0.0317226, -0.6619064315783159, 
1712956499769485384, 317, 266, 14.430970191955566, 591, 589,589,589,589,590,590,590,590,590,591,589,589,590,589,590,590,590,590,590,590,590,589,590,590,590,590,590,590,590,591,590,590,590,590,590,590,590,590,590,591,590,590,590,590,590,590,590,590,590,591,591,590,590,590,591,591,590,590,590,591,592,591,591,591,591,591,590,590,590,591,593,592,592,592,2047,2047,2047,2047,2047,2047,2047,2047,2047,2047,2047,2047,2047,2047,2047,2047,2047,2047,2047,2047,2047,2047,2047,2047,2047,2047, -0.0036603, -0.0317226, -0.6583463401687427, 
1712956499800818028, 316, 267, 14.31792163848877, 592, 589,589,589,589,589,589,590,590,589,590,589,589,589,590,590,590,590,590,590,590,589,589,589,590,590,590,590,590,590,590,590,590,590,590,590,590,590,590,590,590,590,590,590,591,591,591,591,590,590,590,592,592,591,592,592,592,592,591,590,590,593,593,592,593,593,592,592,2047,2047,2047,2047,2047,593,593,593,2047,2047,2047,2047,2047,2047,2047,2047,2047,2047,2047,2047,2047,2047,2047,2047,2047,2047,2047,2047,2047,2047,2047,2047,2047, -0.0048888, -0.0329994, -0.6582787740687397, 
1712956499833316279, 317, 267, 14.31792163848877, 591, 590,590,590,590,590,590,590,590,590,591,590,590,590,590,590,590,590,590,590,591,590,590,590,590,590,590,590,590,590,591,591,590,590,590,590,590,590,590,590,591,591,590,591,591,591,591,591,590,590,591,592,591,592,592,592,591,591,591,590,591,593,592,593,593,2047,2047,2047,2047,2047,593,2047,2047,2047,2047,2047,2047,2047,2047,2047,2047,2047,2047,2047,2047,2047,2047,2047,2047,2047,2047,2047,2047,2047,2047,2047,2047,2047,2047,2047,2047, -0.0036603, -0.0329427, -0.6587935380614309, 
1712956499871370279, 318, 266, 13.946425437927246, 591, 589,590,589,590,590,590,590,590,591,590,589,590,590,590,590,590,590,590,590,590,590,590,590,590,590,590,590,590,591,590,590,590,590,590,590,590,590,590,591,591,590,591,590,591,591,590,590,590,591,591,591,591,591,591,591,591,590,590,591,591,592,592,592,592,592,591,590,590,591,591,592,592,592,592,592,591,590,590,591,591,593,593,2047,2047,2047,2047,2047,2047,2047,2047,2047,2047,2047,2047,2047,2047,2047,2047,2047,2047, -0.0024402, -0.0317226, -0.6768812156176927, 
1712956499907693012, 317, 268, 14.221562385559082, 591, 590,590,590,590,590,590,590,590,590,591,590,590,590,590,590,590,590,590,590,591,590,590,590,590,591,590,590,590,590,591,591,590,591,591,591,591,590,590,590,591,592,591,591,591,591,591,590,590,589,591,593,592,591,591,591,591,590,589,589,591,593,2047,2047,2047,2047,2047,2047,2047,2047,2047,2047,2047,2047,2047,2047,2047,2047,2047,2047,2047,2047,2047,2047,2047,2047,2047,2047,2047,2047,2047,2047,2047,2047,2047,2047,2047,2047,2047,2047,2047, -0.0036603, -0.0341628, -0.6584518193202121, 
1712956499937628733, 316, 268, 13.729630470275879, 592, 590,589,589,590,590,590,590,590,590,590,590,590,589,590,590,590,590,590,590,590,590,590,590,590,590,590,590,590,590,590,591,591,590,591,590,591,590,590,590,590,592,592,591,591,591,591,590,590,589,589,592,592,592,592,591,592,590,590,589,589,593,593,592,592,2047,2047,2047,2047,2047,2047,2047,2047,593,2047,2047,2047,2047,2047,2047,2047,2047,2047,2047,2047,2047,2047,2047,2047,2047,2047,2047,2047,2047,2047,2047,2047,2047,2047,2047,2047, -0.0048888, -0.0342216, -0.6585950038818794, 
1712956499974221901, 316, 268, 14.221562385559082, 591, 589,589,589,590,590,590,590,590,590,590,589,589,589,590,590,590,590,590,590,590,590,590,590,590,590,590,590,590,589,589,590,590,590,590,590,591,590,590,590,589,592,591,591,591,591,591,590,590,589,589,592,592,591,591,591,591,591,590,589,589,2047,2047,2047,2047,2047,2047,2047,2047,2047,2047,2047,2047,2047,2047,2047,2047,2047,2047,2047,2047,2047,2047,2047,2047,2047,2047,2047,2047,2047,2047,2047,2047,2047,2047,2047,2047,2047,2047,2047,2047, -0.0048804, -0.0341628, -0.6580411116669888, 
1712956500004411154, 316, 267, 13.82941722869873, 591, 589,589,589,589,589,590,590,590,590,590,589,590,589,590,590,590,590,590,590,590,590,590,590,590,590,590,590,590,590,590,590,590,590,590,590,590,590,590,590,590,591,591,590,591,590,591,591,590,590,590,591,591,591,591,591,591,591,590,590,590,593,593,591,592,592,592,592,2047,2047,2047,593,593,593,593,593,592,2047,2047,2047,2047,594,594,2047,2047,2047,2047,2047,2047,2047,2047,595,595,2047,2047,2047,2047,2047,2047,2047,2047, -0.0048804, -0.0329427, -0.6627960759045332, 
1712956500034268531, 317, 267, 13.341764450073242, 592, 590,590,590,590,590,590,590,590,590,590,590,590,590,590,590,590,590,590,590,591,590,590,590,590,591,590,590,590,590,591,591,590,591,591,591,591,590,590,590,591,591,591,591,592,592,592,591,591,590,591,592,591,592,592,592,592,591,591,590,591,592,592,592,592,592,592,591,591,590,591,593,593,592,592,592,2047,2047,2047,2047,2047,593,593,593,592,592,2047,2047,2047,2047,2047,2047,2047,2047,2047,2047,2047,2047,2047,2047,2047, -0.0036666, -0.0329994, -0.6589446215240046, 
1712956500070731757, 318, 268, 13.729630470275879, 590, 589,590,590,590,590,590,590,590,591,590,589,590,590,590,590,590,590,590,591,591,590,590,590,591,591,590,590,590,591,591,590,590,591,591,591,591,590,590,591,591,591,591,591,591,591,591,590,590,591,591,592,592,591,591,591,590,590,591,591,591,592,2047,2047,592,592,2047,2047,2047,2047,592,2047,2047,2047,2047,2047,2047,2047,2047,2047,2047,2047,2047,2047,2047,2047,2047,2047,2047,2047,2047,2047,2047,2047,2047,2047,2047,2047,2047,2047,2047, -0.002436, -0.034104, -0.6583940982909217, 
1712956500099526393, 318, 268, 13.647443771362305, 589, 589,590,590,590,590,590,590,590,591,590,589,590,590,590,590,590,590,590,591,590,590,590,590,590,589,589,589,589,590,590,590,590,590,590,590,589,589,589,590,590,590,590,590,590,589,589,589,589,590,590,590,590,590,589,590,589,2047,2047,2047,590,2047,2047,2047,2047,2047,2047,2047,2047,2047,2047,2047,2047,2047,2047,2047,2047,2047,2047,2047,2047,2047,2047,2047,2047,2047,2047,2047,2047,2047,2047,2047,2047,2047,2047,2047,2047,2047,2047,2047,2047, -0.0024318, -0.034045200000000005, -0.6581314413712964, 
1712956500135911976, 317, 267, 13.341764450073242, 591, 589,589,589,589,590,590,590,589,590,590,589,589,590,589,590,590,590,590,590,591,589,589,590,590,590,590,590,590,590,591,590,590,590,590,590,590,590,590,590,591,591,590,591,590,591,591,590,590,590,591,592,591,591,591,591,591,590,590,590,591,593,592,592,592,592,592,591,590,590,591,594,593,593,593,593,592,2047,2047,2047,2047,595,594,594,2047,2047,2047,2047,2047,2047,2047,596,596,2047,2047,2047,2047,2047,2047,2047,2047, -0.0036603, -0.0329427, -0.6591098458639196, 
1712956500167447683, 316, 267, 13.341764450073242, 592, 590,590,590,590,590,590,590,590,590,590,590,590,590,590,590,591,590,590,590,590,590,590,590,590,590,591,590,590,590,590,590,591,590,591,591,591,590,590,590,590,591,591,591,591,591,591,591,590,590,590,592,592,591,591,592,592,591,590,590,590,593,2047,2047,2047,592,2047,2047,2047,2047,2047,2047,2047,2047,2047,2047,2047,2047,2047,2047,2047,2047,2047,2047,2047,2047,2047,2047,2047,2047,2047,2047,2047,2047,2047,2047,2047,2047,2047,2047,2047, -0.0048888, -0.0329994, -0.6584021004595393, 
1712956500201320649, 316, 268, 13.238302230834961, 591, 589,589,589,590,590,590,590,590,590,590,590,590,589,590,590,590,590,590,590,590,590,590,590,590,590,590,590,590,590,590,591,591,590,590,590,591,590,590,590,590,592,591,591,591,591,591,591,590,590,590,592,592,592,592,592,591,592,592,589,589,2047,2047,593,593,592,592,2047,2047,2047,2047,2047,2047,2047,2047,593,2047,2047,2047,2047,2047,2047,2047,2047,2047,2047,2047,2047,2047,2047,2047,2047,2047,2047,2047,2047,2047,2047,2047,2047,2047, -0.0048804, -0.0341628, -0.6584108587802445, 
1712956500233251907, 316, 267, 12.855060577392578, 591, 589,589,589,590,590,590,590,590,589,589,590,589,589,590,590,590,590,590,590,590,590,590,590,590,590,590,590,590,590,590,590,590,590,590,590,590,590,590,590,590,591,591,590,591,591,591,591,590,590,590,592,592,591,592,591,591,591,591,590,590,593,593,592,592,592,591,592,591,590,590,594,593,593,593,592,591,592,2047,2047,2047,595,595,594,595,2047,2047,2047,2047,2047,2047,596,596,595,595,2047,2047,2047,2047,2047,2047, -0.0048804, -0.0329427, -0.6589116801946523, 
1712956500269210752, 316, 268, 13.238302230834961, 592, 589,590,589,590,590,590,590,590,590,590,590,590,590,590,590,590,590,590,590,590,590,590,590,590,590,590,590,590,590,590,590,590,590,590,590,591,591,590,590,590,592,592,591,592,591,591,591,590,590,590,593,593,593,592,591,592,592,591,590,590,2047,2047,2047,2047,2047,2047,2047,2047,2047,2047,2047,2047,2047,2047,2047,2047,2047,2047,2047,2047,2047,2047,2047,2047,2047,2047,2047,2047,2047,2047,2047,2047,2047,2047,2047,2047,2047,2047,2047,2047, -0.0048888, -0.0342216, -0.6586705043397307, 
1712956500300632816, 316, 267, 12.855060577392578, 592, 589,589,589,589,589,590,590,590,589,590,589,589,589,590,590,590,590,590,590,590,589,589,589,590,590,590,590,590,590,590,590,590,590,590,590,591,590,590,590,590,590,591,590,590,590,591,591,591,590,590,591,591,591,591,591,592,592,591,590,590,592,592,592,592,592,592,592,2047,2047,590,2047,2047,2047,2047,2047,2047,2047,2047,2047,2047,2047,2047,2047,2047,2047,2047,2047,2047,2047,2047,2047,2047,2047,2047,2047,2047,2047,2047,2047,2047, -0.0048888, -0.0329994, -0.6581940397145427, 
1712956500333192975, 316, 267, 12.855060577392578, 592, 589,589,589,589,589,590,590,590,590,590,590,589,589,590,590,590,590,590,590,590,590,590,590,590,590,590,590,590,590,590,590,590,590,590,590,590,590,590,590,590,591,590,590,591,590,591,591,591,591,591,592,592,591,591,591,592,592,591,591,591,593,592,592,592,592,592,592,591,591,592,593,593,592,592,2047,592,2047,2047,2047,592,594,2047,593,2047,2047,2047,2047,2047,2047,2047,2047,2047,2047,2047,2047,2047,2047,2047,2047,2047, -0.0048888, -0.0329994, -0.6589042609185414, 
1712956500373250808, 316, 267, 12.855060577392578, 592, 589,589,589,590,590,590,590,590,590,590,590,590,590,590,590,590,590,590,590,590,590,590,590,590,590,590,590,590,590,590,590,590,590,590,590,591,591,590,590,590,591,591,590,591,591,591,591,591,591,590,592,591,591,592,592,592,592,591,591,591,593,593,593,592,592,592,592,592,592,592,594,593,593,593,592,592,592,2047,2047,2047,2047,594,593,593,593,593,2047,2047,2047,2047,2047,2047,2047,2047,2047,2047,2047,2047,2047,2047, -0.0048888, -0.0329994, -0.6590388464853149, 
1712956500404528481, 316, 268, 12.747649192810059, 591, 589,589,589,590,590,590,590,590,589,590,589,589,589,590,590,590,590,589,590,590,590,590,590,590,590,590,590,590,590,590,591,591,590,590,590,590,590,590,590,590,592,591,591,591,591,591,590,590,589,589,593,592,591,592,592,591,590,590,589,589,593,2047,2047,2047,2047,2047,2047,2047,2047,2047,2047,2047,2047,2047,2047,2047,2047,2047,2047,2047,2047,2047,2047,2047,2047,2047,2047,2047,2047,2047,2047,2047,2047,2047,2047,2047,2047,2047,2047,2047, -0.0048804, -0.0341628, -0.6582030716137587, 
1712956500439270931, 317, 266, 12.500100135803223, 590, 589,589,590,590,590,590,590,590,590,590,590,590,590,590,590,590,590,590,590,590,590,590,590,590,590,590,590,590,590,591,590,590,590,590,590,590,590,590,590,591,591,590,591,590,590,590,590,590,590,591,591,591,591,590,591,590,590,590,590,591,592,591,591,591,591,590,590,590,590,591,592,592,592,592,591,2047,2047,2047,2047,2047,2047,593,2047,2047,2047,2047,2047,2047,2047,2047,2047,2047,2047,2047,2047,2047,2047,2047,2047,2047, -0.003654, -0.031668, -0.6585591344566275, 
1712956500467278375, 318, 268, 12.747649192810059, 2047, 589,590,590,590,590,590,590,590,591,590,589,590,590,590,590,590,590,590,591,591,590,590,590,590,590,590,590,590,591,590,590,590,590,590,590,590,590,590,591,590,591,592,591,591,591,590,590,589,591,590,592,592,592,592,2047,2047,2047,2047,2047,590,593,592,592,2047,2047,2047,2047,2047,2047,2047,593,2047,2047,2047,2047,2047,2047,2047,2047,2047,2047,2047,2047,2047,2047,2047,2047,2047,2047,2047,2047,2047,2047,2047,2047,2047,2047,2047,2047,2047, -0.0085554, -0.1197756, -0.6585237651347935, 
1712956500501459010, 317, 267, 12.369417190551758, 592, 589,589,590,590,590,590,590,590,590,590,590,590,590,590,590,590,590,590,590,591,590,590,590,590,590,590,590,590,590,591,590,590,591,590,591,591,590,590,590,591,591,591,592,592,591,592,591,590,590,591,592,592,592,592,592,592,591,590,590,591,593,593,593,592,592,592,591,2047,2047,590,2047,2047,2047,2047,2047,2047,2047,2047,2047,2047,2047,2047,2047,2047,2047,2047,2047,2047,2047,2047,2047,2047,2047,2047,2047,2047,2047,2047,2047,2047, -0.0036666, -0.0329994, -0.658450207090499, 
1712956500533468961, 317, 268, 12.257750511169434, 590, 589,589,590,590,590,590,590,590,590,591,590,589,590,590,590,590,590,590,590,591,590,590,590,590,590,590,590,590,590,591,591,590,590,590,590,590,590,590,590,591,592,591,591,590,591,590,590,590,590,591,593,592,592,591,590,590,590,2047,2047,2047,2047,2047,2047,2047,2047,2047,2047,2047,2047,2047,2047,2047,2047,2047,2047,2047,2047,2047,2047,2047,2047,2047,2047,2047,2047,2047,2047,2047,2047,2047,2047,2047,2047,2047,2047,2047,2047,2047,2047,2047, -0.003654, -0.034104, -0.6587491943695558, 
1712956500567433987, 317, 268, 11.292250633239746, 591, 589,589,590,590,590,590,590,590,590,591,589,589,590,590,590,590,590,590,590,591,590,590,590,590,590,590,590,590,590,591,590,590,590,591,591,591,590,590,590,591,591,591,591,591,591,591,590,590,590,591,592,592,592,592,592,591,589,589,589,591,2047,2047,2047,593,2047,2047,2047,589,589,591,2047,2047,2047,2047,2047,2047,2047,2047,2047,2047,2047,2047,2047,2047,2047,2047,2047,2047,2047,2047,2047,2047,2047,2047,2047,2047,2047,2047,2047,2047, -0.0036603, -0.0341628, -0.6583652094586329, 
1712956501333366814, 304, 374, 10.511998176574707, 2047, 2047,2047,2047,2047,2047,2047,2047,2047,2047,2047,2047,2047,2047,2047,2047,2047,2047,2047,2047,2047,2047,2047,2047,2047,2047,2047,2047,2047,2047,2047,2047,2047,2047,2047,2047,2047,2047,2047,2047,2047,2047,2047,2047,2047,2047,2047,2047,2047,2047,2047,2047,2047,2047,2047,2047,2047,2047,2047,2047,2047,2047,2047,2047,2047,2047,2047,2047,2047,2047,2047,2047,2047,2047,2047,2047,2047,2047,2047,2047,2047,2047,2047,2047,2047,2047,2047,2047,2047,2047,2047,2047,2047,2047,2047,2047,2047,2047,2047,2047,2047, -0.0684432, -0.5732117999999999, -2.133660572398473, 
1712956501405048441, 304, 394, 10.977349281311035, 2047, 928,2047,2047,2047,2047,2047,2047,2047,2047,2047,929,2047,2047,2047,2047,2047,2047,2047,2047,2047,929,2047,2047,2047,2047,2047,2047,2047,2047,2047,929,2047,2047,2047,2047,2047,2047,2047,2047,2047,929,2047,2047,2047,2047,2047,2047,2047,2047,2047,929,2047,2047,2047,2047,2047,2047,2047,2047,2047,930,2047,2047,2047,2047,2047,2047,2047,2047,2047,930,2047,2047,2047,2047,2047,2047,2047,2047,2047,931,931,2047,2047,2047,2047,2047,2047,2047,2047,929,2047,2047,2047,2047,2047,2047,2047,2047,2047, -0.0684432, -0.6587658000000001, -2.096881097719166, 
1712956501436678675, 305, 403, 10.770429611206055, 2047, 2047,2047,2047,2047,2047,2047,2047,2047,2047,2047,2047,2047,2047,2047,2047,2047,2047,2047,2047,2047,2047,2047,2047,2047,2047,2047,2047,2047,2047,2047,2047,2047,2047,2047,2047,2047,2047,2047,2047,2047,2047,2047,2047,2047,2047,2047,2047,2047,2047,2047,2047,2047,2047,2047,2047,2047,2047,2047,2047,2047,2047,2047,2047,2047,2047,2047,2047,2047,2047,2047,2047,2047,2047,2047,2047,2047,2047,2047,2047,2047,2047,2047,2047,2047,2047,2047,2047,2047,2047,2047,2047,2047,2047,2047,2047,2047,2047,2047,2047,2047, -0.0641655, -0.6972651, -2.112053807922476, 
