1712956814194039449, 316, 244, 15.006872177124023, 2047, 935,935,934,934,933,933,933,933,933,933,935,935,2047,935,934,934,933,933,933,934,936,2047,2047,2047,935,935,934,935,935,2047,2047,2047,2047,2047,936,935,935,935,934,935,2047,2047,2047,2047,2047,2047,2047,935,2047,2047,2047,2047,2047,2047,2047,2047,2047,2047,2047,2047,2047,2047,2047,2047,2047,2047,2047,2047,2047,2047,2047,2047,2047,2047,2047,2047,2047,2047,2047,2047,2047,2047,2047,2047,2047,2047,2047,2047,2047,2047,2047,2047,2047,2047,2047,2047,2047,2047,2047,2047, -0.0171108, -0.0171108, -2.097482633885474, 
1712956814228216900, 316, 244, 15.006872177124023, 2047, 935,935,934,934,933,933,933,933,933,933,935,935,934,934,933,933,933,933,933,934,935,935,935,935,934,934,933,934,2047,2047,2047,2047,2047,2047,935,935,935,936,2047,2047,2047,2047,2047,2047,2047,2047,2047,2047,2047,2047,2047,2047,2047,2047,2047,2047,2047,2047,2047,2047,2047,2047,2047,2047,2047,2047,2047,2047,2047,2047,2047,2047,2047,2047,2047,2047,2047,2047,2047,2047,2047,2047,2047,2047,2047,2047,2047,2047,2047,2047,2047,2047,2047,2047,2047,2047,2047,2047,2047,2047, -0.0171108, -0.0171108, -2.0957196130668176, 
1712956814260515238, 316, 244, 14.944035530090332, 2047, 935,935,934,934,934,933,933,933,933,934,935,935,934,934,934,934,933,933,933,2047,936,936,2047,935,935,935,934,935,2047,2047,2047,2047,2047,936,936,936,936,936,2047,2047,2047,2047,2047,2047,2047,2047,2047,2047,2047,2047,2047,2047,2047,2047,2047,2047,2047,2047,2047,2047,2047,2047,2047,2047,2047,2047,2047,2047,2047,2047,2047,2047,2047,2047,2047,2047,2047,2047,2047,2047,2047,2047,2047,2047,2047,2047,2047,2047,2047,2047,2047,2047,2047,2047,2047,2047,2047,2047,2047,2047, -0.0171108, -0.0171108, -2.098482168339121, 
1712956814299243735, 316, 244, 15.006872177124023, 2047, 935,935,934,934,933,933,933,933,932,2047,935,935,934,934,934,933,933,933,2047,2047,935,935,2047,935,934,934,934,935,2047,2047,2047,2047,2047,2047,935,935,935,935,2047,2047,2047,2047,2047,2047,2047,2047,2047,2047,2047,2047,2047,2047,2047,2047,2047,2047,2047,2047,2047,2047,2047,2047,2047,2047,2047,2047,2047,2047,2047,2047,2047,2047,2047,2047,2047,2047,2047,2047,2047,2047,2047,2047,2047,2047,2047,2047,2047,2047,2047,2047,2047,2047,2047,2047,2047,2047,2047,2047,2047,2047, -0.0171108, -0.0171108, -2.092402997236492, 
1712956814331769634, 316, 244, 15.006872177124023, 2047, 935,935,934,934,933,933,933,933,933,2047,935,935,934,935,934,934,934,934,2047,2047,936,936,935,935,935,935,935,935,2047,2047,2047,2047,2047,936,936,936,936,936,2047,2047,2047,2047,2047,2047,936,936,936,936,2047,2047,2047,2047,2047,2047,2047,2047,937,937,2047,2047,2047,2047,2047,2047,2047,2047,937,2047,2047,2047,2047,2047,2047,2047,2047,2047,2047,2047,2047,2047,2047,2047,2047,2047,2047,2047,2047,2047,2047,2047,2047,2047,2047,2047,2047,2047,2047,2047,2047,2047, -0.0171108, -0.0171108, -2.115858407701412, 
1712956814361741199, 316, 244, 14.883369445800781, 2047, 935,935,934,934,934,933,933,933,933,934,935,935,934,934,934,934,933,933,933,2047,935,935,2047,935,935,935,934,935,934,2047,2047,2047,2047,936,936,936,936,936,935,2047,2047,2047,2047,2047,2047,2047,2047,2047,2047,2047,2047,2047,2047,2047,2047,2047,2047,2047,2047,2047,2047,2047,2047,2047,2047,2047,2047,2047,2047,2047,2047,2047,2047,2047,2047,2047,2047,2047,2047,2047,2047,2047,2047,2047,2047,2047,2047,2047,2047,2047,2047,2047,2047,2047,2047,2047,2047,2047,2047,2047, -0.0171108, -0.0171108, -2.089947720661443, 
1712956814393921619, 316, 244, 14.866168975830078, 936, 935,935,934,934,933,933,933,933,933,2047,935,935,934,934,934,934,934,934,934,2047,2047,935,934,935,935,935,935,935,935,2047,2047,2047,2047,936,936,936,936,936,935,2047,2047,2047,2047,2047,936,936,936,936,2047,2047,2047,2047,2047,2047,936,936,936,936,936,2047,2047,2047,2047,2047,936,936,936,936,2047,2047,2047,2047,2047,2047,2047,2047,937,2047,2047,2047,2047,2047,2047,2047,2047,2047,2047,2047,2047,2047,2047,2047,2047,2047,2047,2047,2047,2047,2047,2047, -0.0077783999999999996, -0.0077783999999999996, -2.1067503428657743, 
1712956814432508793, 316, 244, 14.878204345703125, 2047, 935,935,934,934,933,933,933,933,932,933,935,935,934,935,934,934,934,934,933,2047,936,935,2047,935,935,935,935,935,2047,2047,2047,2047,2047,936,936,936,936,936,936,2047,2047,2047,2047,2047,2047,2047,937,937,2047,2047,2047,2047,2047,2047,2047,2047,2047,2047,2047,2047,2047,2047,2047,2047,2047,2047,2047,2047,2047,2047,2047,2047,2047,2047,2047,2047,2047,2047,2047,2047,2047,2047,2047,2047,2047,2047,2047,2047,2047,2047,2047,2047,2047,2047,2047,2047,2047,2047,2047,2047, -0.0171108, -0.0171108, -2.102053153278555, 
1712956814461994462, 316, 244, 14.989422798156738, 2047, 935,935,934,934,934,933,933,933,933,934,935,935,934,934,934,934,934,934,934,2047,935,935,2047,935,935,935,935,935,2047,2047,2047,2047,2047,936,936,936,936,935,2047,2047,2047,2047,2047,2047,2047,936,936,2047,2047,2047,2047,2047,2047,2047,2047,2047,2047,2047,2047,2047,2047,2047,2047,2047,2047,2047,2047,2047,2047,2047,2047,2047,2047,2047,2047,2047,2047,2047,2047,2047,2047,2047,2047,2047,2047,2047,2047,2047,2047,2047,2047,2047,2047,2047,2047,2047,2047,2047,2047,2047, -0.0171108, -0.0171108, -2.0907138252768696, 
1712956814495802255, 316, 244, 14.982940673828125, 2047, 935,935,934,934,934,934,933,933,933,934,935,935,935,935,935,934,934,934,934,935,936,936,935,936,936,935,935,935,935,2047,2047,2047,2047,936,936,936,936,936,935,2047,2047,2047,2047,2047,2047,2047,2047,2047,2047,2047,2047,2047,2047,2047,2047,2047,2047,2047,2047,2047,2047,2047,2047,2047,2047,2047,2047,2047,2047,2047,2047,2047,2047,2047,2047,2047,2047,2047,2047,2047,2047,2047,2047,2047,2047,2047,2047,2047,2047,2047,2047,2047,2047,2047,2047,2047,2047,2047,2047,2047, -0.0171108, -0.0171108, -2.0980681700583976, 
1712956814529890494, 316, 244, 15.090320587158203, 2047, 936,935,935,934,934,934,933,933,933,934,936,936,935,935,935,935,934,934,934,2047,936,936,2047,936,936,935,935,936,935,2047,2047,2047,2047,936,936,936,936,936,936,937,2047,2047,2047,2047,2047,2047,936,2047,2047,2047,2047,2047,2047,2047,2047,2047,937,2047,2047,2047,2047,2047,2047,2047,2047,2047,2047,2047,2047,2047,2047,2047,2047,2047,2047,2047,2047,2047,2047,2047,2047,2047,2047,2047,2047,2047,2047,2047,2047,2047,2047,2047,2047,2047,2047,2047,2047,2047,2047,2047, -0.0171108, -0.0171108, -2.0939730769466607, 
1712956814564110821, 316, 244, 14.844558715820312, 2047, 935,935,934,934,934,933,933,933,933,2047,936,935,934,934,934,934,933,933,2047,2047,936,936,2047,935,935,935,935,2047,2047,2047,2047,2047,2047,936,936,936,936,2047,2047,2047,2047,2047,2047,2047,2047,2047,2047,2047,2047,2047,2047,2047,2047,2047,2047,2047,2047,2047,2047,2047,2047,2047,2047,2047,2047,2047,2047,2047,2047,2047,2047,2047,2047,2047,2047,2047,2047,2047,2047,2047,2047,2047,2047,2047,2047,2047,2047,2047,2047,2047,2047,2047,2047,2047,2047,2047,2047,2047,2047,2047, -0.0171108, -0.0171108, -2.1104977551415782, 
1712956814595047701, 316, 244, 14.738811492919922, 2047, 935,935,934,934,934,933,933,933,933,934,935,935,934,934,934,934,934,934,933,2047,2047,935,2047,935,935,935,935,935,2047,2047,2047,2047,2047,2047,936,936,936,936,2047,2047,2047,2047,2047,2047,2047,2047,2047,2047,2047,2047,2047,2047,2047,2047,2047,2047,2047,2047,2047,2047,2047,2047,2047,2047,2047,2047,2047,2047,2047,2047,2047,2047,2047,2047,2047,2047,2047,2047,2047,2047,2047,2047,2047,2047,2047,2047,2047,2047,2047,2047,2047,2047,2047,2047,2047,2047,2047,2047,2047,2047, -0.0171108, -0.0171108, -2.122353937898824, 
1712956814630489210, 316, 244, 14.878204345703125, 2047, 935,935,934,934,934,933,933,933,933,934,935,935,934,934,934,934,933,933,933,934,2047,935,2047,935,935,934,934,935,934,2047,2047,2047,2047,2047,936,936,935,935,2047,2047,2047,2047,2047,2047,2047,2047,2047,2047,2047,2047,2047,2047,2047,2047,2047,2047,2047,2047,2047,2047,2047,2047,2047,2047,2047,2047,2047,2047,2047,2047,2047,2047,2047,2047,2047,2047,2047,2047,2047,2047,2047,2047,2047,2047,2047,2047,2047,2047,2047,2047,2047,2047,2047,2047,2047,2047,2047,2047,2047,2047, -0.0171108, -0.0171108, -2.0827645841397744, 
1712956814662128774, 316, 244, 14.866168975830078, 2047, 935,935,934,934,933,933,933,933,933,934,935,935,934,935,934,934,934,934,934,935,935,935,2047,2047,936,935,935,935,935,2047,2047,2047,2047,2047,936,936,936,937,937,2047,2047,2047,2047,2047,2047,936,937,937,2047,2047,2047,2047,2047,2047,2047,2047,2047,2047,2047,2047,2047,2047,2047,2047,2047,2047,2047,2047,2047,2047,2047,2047,2047,2047,2047,2047,2047,2047,2047,2047,2047,2047,2047,2047,2047,2047,2047,2047,2047,2047,2047,2047,2047,2047,2047,2047,2047,2047,2047,2047, -0.0171108, -0.0171108, -2.1000756338679847, 
1712956814700170421, 316, 244, 15.006872177124023, 2047, 935,935,934,934,934,933,933,933,933,2047,935,935,934,935,934,934,934,934,2047,2047,935,935,2047,935,935,934,934,935,2047,2047,2047,2047,2047,2047,936,936,936,935,2047,2047,2047,2047,2047,2047,2047,2047,2047,2047,2047,2047,2047,2047,2047,2047,2047,2047,2047,2047,2047,2047,2047,2047,2047,2047,2047,2047,2047,2047,2047,2047,2047,2047,2047,2047,2047,2047,2047,2047,2047,2047,2047,2047,2047,2047,2047,2047,2047,2047,2047,2047,2047,2047,2047,2047,2047,2047,2047,2047,2047,2047, -0.0171108, -0.0171108, -2.0951191105378735, 
1712956814730974650, 316, 244, 14.906150817871094, 2047, 935,935,934,934,934,933,933,933,933,934,935,935,934,935,934,934,934,934,933,935,935,935,2047,935,935,935,935,935,934,2047,2047,2047,2047,2047,936,936,936,935,2047,2047,2047,2047,2047,2047,2047,2047,2047,2047,2047,2047,2047,2047,2047,2047,2047,2047,2047,2047,2047,2047,2047,2047,2047,2047,2047,2047,2047,2047,2047,2047,2047,2047,2047,2047,2047,2047,2047,2047,2047,2047,2047,2047,2047,2047,2047,2047,2047,2047,2047,2047,2047,2047,2047,2047,2047,2047,2047,2047,2047,2047, -0.0171108, -0.0171108, -2.1125607273468296, 
1712956814766743206, 316, 244, 14.795614242553711, 2047, 935,935,934,934,934,933,933,933,933,934,936,935,935,934,934,934,934,934,934,2047,936,936,935,935,935,935,935,935,2047,2047,2047,2047,2047,2047,936,936,936,935,2047,2047,2047,2047,2047,2047,2047,2047,2047,2047,2047,2047,2047,2047,2047,2047,2047,2047,2047,2047,2047,2047,2047,2047,2047,2047,2047,2047,2047,2047,2047,2047,2047,2047,2047,2047,2047,2047,2047,2047,2047,2047,2047,2047,2047,2047,2047,2047,2047,2047,2047,2047,2047,2047,2047,2047,2047,2047,2047,2047,2047,2047, -0.0171108, -0.0171108, -2.1217466437613544, 
1712956814796757615, 316, 244, 15.006872177124023, 2047, 935,935,934,934,934,934,933,933,933,2047,935,935,2047,934,934,934,934,934,2047,2047,936,2047,2047,2047,2047,935,935,936,2047,2047,2047,2047,2047,2047,2047,936,936,936,2047,2047,2047,2047,2047,2047,2047,2047,2047,936,2047,2047,2047,2047,2047,2047,2047,2047,2047,936,2047,2047,2047,2047,2047,2047,2047,2047,2047,2047,2047,2047,2047,2047,2047,2047,2047,2047,2047,2047,2047,2047,2047,2047,2047,2047,2047,2047,2047,2047,2047,2047,2047,2047,2047,2047,2047,2047,2047,2047,2047,2047, -0.0171108, -0.0171108, -2.105262981485849, 
1712956814830616943, 316, 244, 14.977166175842285, 2047, 935,935,934,934,934,934,933,933,933,2047,936,935,935,935,935,934,934,934,2047,2047,936,936,2047,935,936,935,935,936,2047,2047,2047,2047,2047,2047,936,936,936,936,2047,2047,2047,2047,2047,2047,2047,2047,937,2047,2047,2047,2047,2047,2047,2047,2047,2047,2047,2047,2047,2047,2047,2047,2047,2047,2047,2047,2047,2047,2047,2047,2047,2047,2047,2047,2047,2047,2047,2047,2047,2047,2047,2047,2047,2047,2047,2047,2047,2047,2047,2047,2047,2047,2047,2047,2047,2047,2047,2047,2047,2047, -0.0171108, -0.0171108, -2.119910567688921, 
1712956814868724968, 316, 244, 15.126969337463379, 2047, 935,935,934,934,934,933,933,933,933,934,935,935,934,934,934,934,934,934,934,935,935,935,2047,935,935,935,935,935,2047,2047,2047,2047,2047,2047,936,936,936,936,2047,2047,2047,2047,2047,2047,2047,2047,2047,2047,2047,2047,2047,2047,2047,2047,2047,2047,2047,2047,2047,2047,2047,2047,2047,2047,2047,2047,2047,2047,2047,2047,2047,2047,2047,2047,2047,2047,2047,2047,2047,2047,2047,2047,2047,2047,2047,2047,2047,2047,2047,2047,2047,2047,2047,2047,2047,2047,2047,2047,2047,2047, -0.0171108, -0.0171108, -2.1112514593707776, 
1712956814918354189, 316, 244, 15.094858169555664, 2047, 935,935,934,934,934,933,933,933,933,2047,935,935,934,934,934,934,933,933,2047,2047,936,935,2047,935,935,935,935,935,2047,2047,2047,2047,2047,2047,936,936,935,935,2047,2047,2047,2047,2047,2047,2047,936,936,935,2047,2047,2047,2047,2047,2047,2047,2047,2047,2047,2047,2047,2047,2047,2047,2047,2047,2047,2047,2047,2047,2047,2047,2047,2047,2047,2047,2047,2047,2047,2047,2047,2047,2047,2047,2047,2047,2047,2047,2047,2047,2047,2047,2047,2047,2047,2047,2047,2047,2047,2047,2047, -0.0171108, -0.0171108, -2.088857290939186, 
1712956814948993209, 317, 244, 15.237332344055176, 935, 935,934,934,934,933,933,933,933,2047,2047,935,934,934,934,934,934,934,2047,2047,2047,935,935,935,935,935,935,935,2047,2047,2047,2047,2047,936,936,936,936,936,936,2047,2047,2047,2047,2047,935,935,935,935,936,2047,2047,2047,2047,2047,2047,935,935,936,936,937,2047,2047,2047,2047,934,935,936,936,936,2047,2047,2047,2047,2047,2047,2047,936,937,2047,2047,2047,2047,2047,2047,2047,2047,2047,2047,2047,2047,2047,2047,2047,2047,2047,2047,2047,2047,2047,2047,2047, -0.005827499999999999, -0.00777, -2.0829780421459776, 
1712956814981531389, 316, 244, 14.952635765075684, 2047, 935,935,934,934,934,933,933,933,933,934,935,935,934,934,934,934,933,933,933,935,2047,2047,2047,935,935,935,934,935,934,2047,2047,2047,2047,2047,2047,2047,2047,935,934,2047,2047,2047,2047,2047,2047,2047,2047,2047,2047,2047,2047,2047,2047,2047,2047,2047,2047,2047,2047,2047,2047,2047,2047,2047,2047,2047,2047,2047,2047,2047,2047,2047,2047,2047,2047,2047,2047,2047,2047,2047,2047,2047,2047,2047,2047,2047,2047,2047,2047,2047,2047,2047,2047,2047,2047,2047,2047,2047,2047,2047, -0.0171108, -0.0171108, -2.0934079895600997, 
1712956815017688470, 316, 244, 14.883369445800781, 2047, 935,935,934,934,934,933,933,933,933,934,935,935,934,934,934,934,934,934,933,935,2047,936,2047,935,935,935,934,934,934,935,2047,2047,2047,2047,936,936,935,935,935,2047,2047,2047,2047,2047,2047,2047,2047,2047,2047,2047,2047,2047,2047,2047,2047,2047,2047,2047,2047,2047,2047,2047,2047,2047,2047,2047,2047,2047,2047,2047,2047,2047,2047,2047,2047,2047,2047,2047,2047,2047,2047,2047,2047,2047,2047,2047,2047,2047,2047,2047,2047,2047,2047,2047,2047,2047,2047,2047,2047,2047, -0.0171108, -0.0171108, -2.1005220935172053, 
1712956815051723956, 316, 244, 15.0001859664917, 2047, 935,935,934,934,934,933,933,933,933,2047,935,935,934,934,934,934,934,934,2047,2047,935,2047,2047,935,935,935,934,934,2047,2047,2047,2047,2047,2047,936,936,2047,2047,2047,2047,2047,2047,2047,2047,2047,2047,2047,2047,2047,2047,2047,2047,2047,2047,2047,2047,2047,2047,2047,2047,2047,2047,2047,2047,2047,2047,2047,2047,2047,2047,2047,2047,2047,2047,2047,2047,2047,2047,2047,2047,2047,2047,2047,2047,2047,2047,2047,2047,2047,2047,2047,2047,2047,2047,2047,2047,2047,2047,2047,2047, -0.0171108, -0.0171108, -2.0769903792312276, 
1712956815095050932, 316, 244, 14.934630393981934, 2047, 935,935,934,934,934,933,933,933,933,2047,935,935,934,934,934,934,934,934,933,2047,935,935,935,935,935,934,934,934,934,2047,2047,2047,2047,2047,935,935,935,935,2047,2047,2047,2047,2047,2047,2047,2047,2047,2047,2047,2047,2047,2047,2047,2047,2047,2047,2047,2047,2047,2047,2047,2047,2047,2047,2047,2047,2047,2047,2047,2047,2047,2047,2047,2047,2047,2047,2047,2047,2047,2047,2047,2047,2047,2047,2047,2047,2047,2047,2047,2047,2047,2047,2047,2047,2047,2047,2047,2047,2047,2047, -0.0171108, -0.0171108, -2.0933865291273506, 
1712956815119708268, 317, 244, 14.710916519165039, 2047, 935,934,934,934,933,933,933,933,934,2047,935,934,934,934,934,934,934,934,2047,2047,936,2047,935,935,935,935,935,2047,2047,2047,2047,2047,936,936,936,936,936,936,2047,2047,2047,2047,2047,2047,936,936,936,2047,2047,2047,2047,2047,2047,2047,2047,2047,2047,2047,2047,2047,2047,2047,2047,2047,2047,2047,2047,2047,2047,2047,2047,2047,2047,2047,2047,2047,2047,2047,2047,2047,2047,2047,2047,2047,2047,2047,2047,2047,2047,2047,2047,2047,2047,2047,2047,2047,2047,2047,2047,2047, -0.0128331, -0.0171108, -2.0786545039393998, 
1712956815147693692, 317, 244, 14.581375122070312, 2047, 935,934,934,934,933,933,933,933,934,2047,935,934,934,934,934,933,933,933,2047,2047,936,2047,935,935,935,934,935,2047,2047,2047,2047,2047,2047,2047,935,2047,935,2047,2047,2047,2047,2047,2047,2047,2047,2047,2047,2047,2047,2047,2047,2047,2047,2047,2047,2047,2047,2047,2047,2047,2047,2047,2047,2047,2047,2047,2047,2047,2047,2047,2047,2047,2047,2047,2047,2047,2047,2047,2047,2047,2047,2047,2047,2047,2047,2047,2047,2047,2047,2047,2047,2047,2047,2047,2047,2047,2047,2047,2047,2047, -0.0128331, -0.0171108, -2.081964555886997, 
1712956815183936756, 317, 244, 14.705541610717773, 2047, 935,934,934,934,934,934,934,935,2047,2047,935,934,934,935,934,934,934,2047,2047,2047,936,935,935,935,935,935,935,2047,2047,2047,2047,2047,936,936,935,935,935,2047,2047,2047,2047,2047,2047,2047,2047,936,2047,2047,2047,2047,2047,2047,2047,2047,2047,2047,2047,2047,2047,2047,2047,2047,2047,2047,2047,2047,2047,2047,2047,2047,2047,2047,2047,2047,2047,2047,2047,2047,2047,2047,2047,2047,2047,2047,2047,2047,2047,2047,2047,2047,2047,2047,2047,2047,2047,2047,2047,2047,2047,2047, -0.0128331, -0.0171108, -2.04031971433708, 
1712956815222275653, 316, 244, 14.833734512329102, 2047, 913,912,2047,912,912,910,910,909,909,909,2047,2047,2047,2047,912,911,911,910,2047,2047,2047,2047,2047,2047,2047,2047,2047,2047,2047,2047,2047,2047,2047,2047,2047,2047,2047,2047,2047,2047,2047,2047,2047,2047,2047,2047,2047,2047,2047,2047,2047,2047,2047,2047,2047,2047,2047,2047,2047,2047,2047,2047,2047,2047,2047,2047,2047,2047,2047,2047,2047,2047,2047,2047,2047,2047,2047,2047,2047,2047,2047,2047,2047,2047,2047,2047,2047,2047,2047,2047,2047,2047,2047,2047,2047,2047,2047,2047,2047,2047, -0.0171108, -0.0171108, -1.8599062285566241, 
1712956815247954631, 316, 244, 15.031586647033691, 2047, 2047,2047,2047,910,909,909,909,909,909,909,2047,2047,2047,2047,910,910,910,909,909,909,2047,2047,2047,2047,2047,2047,2047,2047,2047,2047,2047,2047,2047,2047,2047,2047,2047,2047,2047,2047,2047,2047,2047,2047,2047,2047,2047,2047,2047,2047,2047,2047,2047,2047,2047,2047,2047,2047,2047,2047,2047,2047,2047,2047,2047,2047,2047,2047,2047,2047,2047,2047,2047,2047,2047,2047,2047,2047,2047,2047,2047,2047,2047,2047,2047,2047,2047,2047,2047,2047,2047,2047,2047,2047,2047,2047,2047,2047,2047,2047, -0.0171108, -0.0171108, -1.840253895497447, 
1712956815284921698, 316, 244, 15.245622634887695, 2047, 2047,2047,934,934,934,933,933,933,2047,2047,2047,2047,2047,934,934,934,933,933,2047,2047,2047,2047,2047,935,935,934,934,935,2047,2047,2047,2047,2047,2047,2047,2047,936,936,2047,2047,2047,2047,2047,2047,2047,2047,2047,2047,2047,2047,2047,2047,2047,2047,2047,2047,2047,2047,2047,2047,2047,2047,2047,2047,2047,2047,2047,2047,2047,2047,912,2047,2047,2047,2047,2047,2047,2047,2047,2047,912,2047,2047,2047,2047,2047,2047,2047,2047,2047,2047,2047,2047,2047,2047,2047,2047,2047,2047,2047, -0.0171108, -0.0171108, -1.9737795608907571, 
1712956815316166979, 316, 244, 15.29620361328125, 2047, 935,935,934,934,934,934,933,933,2047,2047,935,935,935,935,935,934,934,934,2047,2047,936,936,2047,935,935,935,935,935,2047,2047,2047,2047,2047,2047,936,936,936,936,2047,2047,2047,2047,2047,2047,2047,2047,2047,2047,2047,2047,2047,2047,2047,2047,2047,2047,2047,2047,2047,2047,2047,2047,2047,2047,2047,2047,2047,2047,2047,2047,2047,2047,2047,2047,2047,2047,2047,2047,2047,2047,2047,2047,2047,2047,2047,2047,2047,2047,2047,2047,2047,2047,2047,2047,2047,2047,2047,2047,2047,2047, -0.0171108, -0.0171108, -2.0750890654919325, 
1712956815350909322, 316, 244, 15.530438423156738, 2047, 935,935,934,934,934,934,933,933,933,2047,935,935,934,935,935,934,934,934,2047,2047,2047,935,2047,935,935,935,935,935,2047,2047,2047,2047,2047,936,936,935,935,935,2047,2047,2047,2047,2047,2047,2047,2047,2047,2047,2047,2047,2047,2047,2047,2047,2047,2047,2047,2047,2047,2047,2047,2047,2047,2047,2047,2047,2047,2047,2047,2047,2047,2047,2047,2047,2047,2047,2047,2047,2047,2047,2047,2047,2047,2047,2047,2047,2047,2047,2047,2047,2047,2047,2047,2047,2047,2047,2047,2047,2047,2047, -0.0171108, -0.0171108, -2.085419217037034, 
1712956815381474403, 317, 244, 15.541916847229004, 2047, 935,934,934,934,934,933,933,934,2047,2047,936,935,935,935,935,935,934,2047,2047,2047,936,2047,935,935,935,935,935,2047,2047,2047,2047,2047,2047,936,936,936,936,2047,2047,2047,2047,2047,2047,2047,2047,2047,2047,2047,2047,2047,2047,2047,2047,2047,2047,2047,2047,2047,2047,2047,2047,2047,2047,2047,2047,2047,2047,2047,2047,2047,2047,2047,2047,2047,2047,2047,2047,2047,2047,2047,2047,2047,2047,2047,2047,2047,2047,2047,2047,2047,2047,2047,2047,2047,2047,2047,2047,2047,2047,2047, -0.0128331, -0.0171108, -2.034499847617782, 
1712956815415691486, 316, 244, 15.692455291748047, 2047, 935,935,934,934,934,934,934,934,934,2047,935,935,935,935,935,935,935,934,2047,2047,936,935,935,935,935,935,935,935,2047,2047,2047,2047,2047,2047,936,936,936,937,937,2047,2047,2047,2047,2047,2047,936,936,936,2047,2047,2047,2047,2047,2047,2047,2047,2047,2047,2047,2047,2047,2047,2047,2047,2047,2047,2047,2047,2047,2047,2047,2047,2047,2047,2047,2047,2047,2047,2047,2047,2047,2047,2047,2047,2047,2047,2047,2047,2047,2047,2047,2047,2047,2047,2047,2047,2047,2047,2047,2047, -0.0171108, -0.0171108, -2.074055454295742, 
1712956815447688209, 316, 244, 15.649825096130371, 2047, 935,935,934,934,934,933,933,933,934,2047,935,935,935,934,934,934,934,934,2047,2047,936,936,2047,935,935,935,935,935,2047,2047,2047,2047,2047,2047,2047,937,937,937,2047,2047,2047,2047,2047,2047,2047,2047,2047,2047,2047,2047,2047,2047,2047,2047,2047,2047,2047,2047,2047,2047,2047,2047,2047,2047,2047,2047,2047,2047,2047,2047,2047,2047,2047,2047,2047,2047,2047,2047,2047,2047,2047,2047,2047,2047,2047,2047,2047,2047,2047,2047,2047,2047,2047,2047,2047,2047,2047,2047,2047,2047, -0.0171108, -0.0171108, -2.049589275314985, 
1712956815483341868, 317, 244, 15.745757102966309, 935, 935,934,934,934,934,933,933,933,2047,2047,935,934,934,934,934,934,934,933,2047,2047,936,2047,935,935,934,934,934,934,2047,2047,2047,2047,2047,936,935,935,935,934,2047,2047,2047,2047,2047,2047,935,935,935,934,935,2047,2047,2047,2047,2047,935,935,935,934,2047,2047,2047,2047,2047,2047,935,935,935,2047,2047,2047,2047,2047,2047,2047,2047,2047,2047,2047,2047,2047,2047,2047,2047,2047,2047,2047,2047,2047,2047,2047,2047,2047,2047,2047,2047,2047,2047,2047,2047,2047, -0.005827499999999999, -0.00777, -2.0394439854064497, 
1712956815517048656, 317, 244, 15.811488151550293, 2047, 935,935,934,934,934,934,934,2047,2047,2047,935,935,935,935,935,935,935,2047,2047,2047,936,2047,935,936,936,936,936,936,2047,2047,2047,2047,2047,936,936,937,936,936,2047,2047,2047,2047,2047,2047,2047,937,936,2047,2047,2047,2047,2047,2047,2047,2047,2047,2047,2047,2047,2047,2047,2047,2047,2047,2047,2047,2047,2047,2047,2047,2047,2047,2047,2047,2047,2047,2047,2047,2047,2047,2047,2047,2047,2047,2047,2047,2047,2047,2047,2047,2047,2047,2047,2047,2047,2047,2047,2047,2047,2047, -0.0128331, -0.0171108, -2.0283752894926113, 
1712956815548657054, 317, 244, 16.14662742614746, 937, 935,934,934,934,934,934,934,2047,2047,2047,935,934,934,935,934,934,935,2047,2047,2047,936,935,935,936,935,935,936,2047,2047,2047,2047,2047,936,936,936,936,936,2047,2047,2047,2047,2047,2047,936,936,937,936,2047,2047,2047,2047,2047,2047,936,937,937,937,2047,2047,2047,2047,2047,2047,2047,2047,937,2047,2047,2047,2047,2047,2047,2047,2047,2047,2047,2047,2047,2047,2047,2047,2047,2047,2047,2047,2047,2047,2047,2047,2047,2047,2047,2047,2047,2047,2047,2047,2047,2047,2047, -0.0058401, -0.007786799999999999, -2.023549964027522, 
1712956815583426332, 317, 244, 16.038848876953125, 2047, 935,934,934,934,934,934,935,2047,2047,2047,935,934,934,934,934,934,935,2047,2047,2047,2047,2047,935,935,935,935,935,2047,2047,2047,2047,2047,2047,935,935,935,935,934,2047,2047,2047,2047,2047,2047,2047,936,935,2047,2047,2047,2047,2047,2047,2047,2047,2047,2047,2047,2047,2047,2047,2047,2047,2047,2047,2047,2047,2047,2047,2047,2047,2047,2047,2047,2047,2047,2047,2047,2047,2047,2047,2047,2047,2047,2047,2047,2047,2047,2047,2047,2047,2047,2047,2047,2047,2047,2047,2047,2047,2047, -0.0128331, -0.0171108, -2.0120172230103526, 
1712956815618224073, 317, 244, 16.04371452331543, 2047, 935,934,934,934,934,933,933,2047,2047,2047,935,935,935,935,935,934,2047,2047,2047,2047,936,935,935,935,935,935,935,2047,2047,2047,2047,2047,2047,936,936,936,936,2047,2047,2047,2047,2047,2047,936,935,935,935,935,2047,2047,2047,2047,2047,2047,2047,2047,935,2047,2047,2047,2047,2047,2047,2047,2047,2047,2047,2047,2047,2047,2047,2047,2047,2047,2047,2047,2047,2047,2047,2047,2047,2047,2047,2047,2047,2047,2047,2047,2047,2047,2047,2047,2047,2047,2047,2047,2047,2047,2047,2047, -0.0128331, -0.0171108, -2.0114987633517147, 
1712956815648956086, 317, 244, 16.299840927124023, 936, 935,934,934,934,934,934,935,934,2047,2047,935,934,935,935,934,934,935,934,2047,2047,936,2047,935,935,935,936,936,935,2047,2047,2047,2047,2047,936,936,936,936,936,2047,2047,2047,2047,2047,2047,935,936,935,2047,2047,2047,2047,2047,2047,2047,2047,936,936,2047,2047,2047,2047,2047,2047,2047,2047,936,2047,2047,2047,2047,2047,2047,2047,2047,2047,2047,2047,2047,2047,2047,2047,2047,2047,2047,2047,2047,2047,2047,2047,2047,2047,2047,2047,2047,2047,2047,2047,2047,2047,2047, -0.005833799999999999, -0.0077783999999999996, -1.9902055028420804, 
1712956815686251028, 317, 244, 16.634159088134766, 2047, 935,935,935,934,934,934,934,2047,2047,2047,935,935,935,935,935,935,935,2047,2047,2047,2047,2047,936,936,936,936,936,2047,2047,2047,2047,2047,2047,937,937,937,936,2047,2047,2047,2047,2047,2047,2047,937,937,936,2047,2047,2047,2047,2047,2047,2047,2047,2047,936,2047,2047,2047,2047,2047,2047,2047,2047,2047,2047,2047,2047,2047,2047,2047,2047,2047,2047,2047,2047,2047,2047,2047,2047,2047,2047,2047,2047,2047,2047,2047,2047,2047,2047,2047,2047,2047,2047,2047,2047,2047,2047,2047, -0.0128331, -0.0171108, -2.002360211792837, 
1712956815722228533, 318, 243, 16.48232650756836, 936, 934,934,934,934,933,933,934,934,2047,2047,935,935,935,934,934,934,934,2047,2047,2047,935,935,935,934,934,934,933,2047,2047,2047,935,935,935,935,935,935,2047,2047,2047,2047,2047,936,936,936,936,936,2047,2047,2047,2047,2047,2047,2047,936,937,936,2047,2047,2047,2047,2047,2047,2047,2047,937,2047,2047,2047,2047,2047,2047,2047,2047,2047,938,2047,2047,2047,2047,2047,2047,2047,2047,2047,2047,2047,2047,2047,2047,2047,2047,2047,2047,2047,2047,2047,2047,2047,2047,2047, -0.0038891999999999998, -0.005833799999999999, -1.9586010306806783, 
1712956815747453367, 318, 244, 16.724721908569336, 2047, 936,936,936,936,936,936,2047,2047,2047,2047,935,935,935,935,936,936,2047,2047,2047,2047,2047,936,936,936,936,936,935,2047,2047,2047,2047,2047,936,936,936,936,935,2047,2047,2047,2047,2047,2047,2047,2047,2047,2047,2047,2047,2047,2047,2047,2047,2047,2047,2047,2047,2047,2047,2047,2047,2047,2047,2047,2047,2047,2047,2047,2047,2047,2047,2047,2047,2047,2047,2047,2047,2047,2047,2047,2047,2047,2047,2047,2047,2047,2047,2047,2047,2047,2047,2047,2047,2047,2047,2047,2047,2047,2047,2047, -0.0085554, -0.0171108, -1.9272088390771833, 
1712956815786084699, 318, 244, 17.218658447265625, 2047, 935,935,935,935,2047,2047,2047,2047,2047,2047,2047,936,935,935,936,936,2047,2047,2047,2047,2047,936,936,936,936,936,2047,2047,2047,2047,2047,2047,936,936,936,936,2047,2047,2047,2047,2047,2047,2047,2047,2047,2047,2047,2047,2047,2047,2047,2047,2047,2047,2047,2047,2047,2047,2047,2047,2047,2047,2047,2047,2047,2047,2047,2047,2047,2047,2047,2047,2047,2047,2047,2047,2047,2047,2047,2047,2047,2047,2047,2047,2047,2047,2047,2047,2047,2047,2047,2047,2047,2047,2047,2047,2047,2047,2047,2047, -0.0085554, -0.0171108, -1.9114028363798918, 
1712956815816158491, 318, 244, 17.376882553100586, 938, 935,936,935,935,2047,2047,2047,2047,2047,2047,935,935,935,935,936,2047,2047,2047,2047,2047,2047,936,936,935,936,936,2047,2047,2047,2047,2047,2047,936,936,936,937,2047,2047,2047,2047,2047,2047,2047,937,937,937,2047,2047,2047,2047,2047,2047,2047,937,938,938,2047,2047,2047,2047,2047,2047,2047,2047,2047,2047,2047,2047,2047,2047,2047,2047,2047,2047,2047,2047,2047,2047,2047,2047,2047,2047,2047,2047,2047,2047,2047,2047,2047,2047,2047,2047,2047,2047,2047,2047,2047,2047,2047,2047, -0.0038975999999999998, -0.0077951999999999995, -1.9245029996429894, 
1712956815849569788, 318, 244, 17.54092788696289, 937, 935,935,935,935,935,935,2047,2047,2047,2047,2047,935,935,935,935,935,2047,2047,2047,2047,2047,2047,936,936,936,936,935,2047,2047,2047,2047,2047,936,936,936,936,935,2047,2047,2047,2047,2047,2047,937,937,936,2047,2047,2047,2047,2047,2047,2047,2047,2047,937,2047,2047,2047,2047,2047,2047,2047,2047,2047,2047,2047,2047,2047,2047,2047,2047,2047,2047,2047,2047,2047,2047,2047,2047,2047,2047,2047,2047,2047,2047,2047,2047,2047,2047,2047,2047,2047,2047,2047,2047,2047,2047,2047,2047, -0.0038933999999999996, -0.007786799999999999, -1.9142030532190641, 
1712956815892025336, 319, 244, 17.483909606933594, 2047, 935,935,934,934,934,933,2047,2047,2047,2047,935,935,935,936,936,2047,2047,2047,2047,2047,936,936,935,936,936,2047,2047,2047,2047,2047,2047,936,935,936,936,2047,2047,2047,2047,2047,2047,2047,2047,2047,2047,2047,2047,2047,2047,2047,2047,2047,2047,2047,2047,2047,2047,2047,2047,2047,2047,2047,2047,2047,2047,2047,2047,2047,2047,2047,2047,2047,2047,2047,2047,2047,2047,2047,2047,2047,2047,2047,2047,2047,2047,2047,2047,2047,2047,2047,2047,2047,2047,2047,2047,2047,2047,2047,2047,2047, -0.0042777, -0.0171108, -1.8433073191224507, 
1712956815917590359, 318, 243, 18.058067321777344, 2047, 935,935,934,934,933,933,2047,2047,2047,2047,935,935,935,935,934,935,2047,2047,2047,2047,2047,2047,935,935,935,935,2047,2047,2047,2047,2047,2047,935,935,935,935,2047,2047,2047,2047,2047,2047,2047,2047,2047,2047,2047,2047,2047,2047,2047,2047,2047,2047,2047,2047,2047,2047,2047,2047,2047,2047,2047,2047,2047,2047,2047,2047,2047,2047,2047,2047,2047,2047,2047,2047,2047,2047,2047,2047,2047,2047,2047,2047,2047,2047,2047,2047,2047,2047,2047,2047,2047,2047,2047,2047,2047,2047,2047,2047, -0.0085554, -0.0128331, -1.8088778577396658, 
1712956815952930433, 318, 244, 18.208528518676758, 2047, 936,936,935,935,2047,2047,2047,2047,2047,2047,2047,936,935,935,935,936,2047,2047,2047,2047,2047,2047,936,936,936,936,2047,2047,2047,2047,2047,2047,936,936,936,936,2047,2047,2047,2047,2047,2047,936,936,936,936,2047,2047,2047,2047,2047,2047,2047,2047,936,2047,2047,2047,2047,2047,2047,2047,2047,2047,2047,2047,2047,2047,2047,2047,2047,2047,2047,2047,2047,2047,2047,2047,2047,2047,2047,2047,2047,2047,2047,2047,2047,2047,2047,2047,2047,2047,2047,2047,2047,2047,2047,2047,2047,2047, -0.0085554, -0.0171108, -1.7457478640643296, 
1712956815985808277, 318, 244, 18.370683670043945, 2047, 2047,2047,2047,2047,2047,2047,2047,2047,2047,2047,2047,2047,2047,2047,2047,2047,2047,2047,2047,2047,2047,2047,2047,2047,2047,2047,2047,2047,2047,2047,2047,2047,2047,2047,2047,2047,2047,2047,2047,2047,2047,2047,2047,2047,2047,2047,2047,2047,2047,2047,2047,2047,2047,2047,2047,2047,2047,2047,2047,2047,2047,2047,2047,2047,2047,2047,2047,2047,2047,2047,2047,2047,2047,2047,2047,2047,2047,2047,2047,2047,2047,2047,2047,2047,2047,2047,2047,2047,2047,2047,2047,2047,2047,2047,2047,2047,2047,2047,2047,2047, -0.0085554, -0.0171108, -1.70598206536536, 
1712956816017636903, 319, 245, 20.21845054626465, 2047, 2047,2047,2047,2047,2047,2047,2047,2047,2047,2047,2047,2047,2047,2047,2047,2047,2047,2047,2047,2047,2047,2047,2047,2047,2047,2047,2047,2047,2047,2047,2047,2047,2047,2047,2047,2047,2047,2047,2047,2047,2047,2047,2047,2047,2047,2047,2047,2047,2047,2047,2047,2047,2047,2047,2047,2047,2047,2047,2047,2047,2047,2047,2047,2047,2047,2047,2047,2047,2047,2047,2047,2047,2047,2047,2047,2047,2047,2047,2047,2047,2047,2047,2047,2047,2047,2047,2047,2047,2047,2047,2047,2047,2047,2047,2047,2047,2047,2047,2047,2047, -0.0042777, -0.021388499999999998, -1.5273456980332174, 
1712956816047596208, 319, 243, 18.987323760986328, 2047, 936,936,2047,2047,2047,2047,2047,2047,2047,2047,936,936,936,936,936,936,2047,2047,2047,2047,936,936,936,936,936,936,2047,2047,2047,2047,937,937,936,937,936,936,2047,2047,2047,2047,2047,936,936,936,936,2047,2047,2047,2047,2047,2047,2047,2047,2047,2047,2047,2047,2047,2047,2047,2047,2047,2047,2047,2047,2047,2047,2047,2047,2047,2047,2047,2047,2047,2047,2047,2047,2047,2047,2047,2047,2047,2047,2047,2047,2047,2047,2047,2047,2047,2047,2047,2047,2047,2047,2047,2047,2047,2047,2047, -0.0042777, -0.0128331, -1.7606288018672445, 
1712956816082813176, 319, 244, 19.415515899658203, 2047, 2047,2047,2047,2047,2047,2047,2047,2047,2047,2047,2047,2047,2047,2047,2047,2047,2047,2047,2047,2047,2047,2047,2047,2047,2047,2047,2047,2047,2047,2047,2047,2047,2047,2047,2047,2047,2047,2047,2047,2047,2047,2047,2047,2047,2047,2047,2047,2047,2047,2047,2047,2047,2047,2047,2047,2047,2047,2047,2047,2047,2047,2047,2047,2047,2047,2047,2047,2047,2047,2047,2047,2047,2047,2047,2047,2047,2047,2047,2047,2047,2047,2047,2047,2047,2047,2047,2047,2047,2047,2047,2047,2047,2047,2047,2047,2047,2047,2047,2047,2047, -0.0042777, -0.0171108, -1.6303943728083794, 
1712956816116805941, 319, 243, 19.556116104125977, 2047, 2047,2047,2047,2047,2047,2047,2047,2047,2047,2047,2047,2047,2047,2047,2047,2047,2047,2047,2047,2047,2047,2047,2047,2047,2047,2047,2047,2047,2047,2047,2047,2047,2047,2047,2047,2047,2047,2047,2047,2047,2047,2047,2047,2047,2047,2047,2047,2047,2047,2047,2047,2047,2047,2047,2047,2047,2047,2047,2047,2047,2047,2047,2047,2047,2047,2047,2047,2047,2047,2047,2047,2047,2047,2047,2047,2047,2047,2047,2047,2047,2047,2047,2047,2047,2047,2047,2047,2047,2047,2047,2047,2047,2047,2047,2047,2047,2047,2047,2047,2047, -0.0042777, -0.0128331, -1.5779883073895837, 
1712956816153832160, 319, 243, 19.81879234313965, 2047, 2047,2047,2047,2047,2047,2047,2047,2047,2047,2047,2047,2047,2047,2047,2047,2047,2047,2047,2047,2047,2047,2047,2047,2047,2047,2047,2047,2047,2047,2047,2047,2047,2047,2047,2047,2047,2047,2047,2047,2047,2047,2047,2047,2047,2047,2047,2047,2047,2047,2047,2047,2047,2047,2047,2047,2047,2047,2047,2047,2047,2047,2047,2047,2047,2047,2047,2047,2047,2047,2047,2047,2047,2047,2047,2047,2047,2047,2047,2047,2047,2047,2047,2047,2047,2047,2047,2047,2047,2047,2047,2047,2047,2047,2047,2047,2047,2047,2047,2047,2047, -0.0042777, -0.0128331, -1.5087584452382443, 
1712956816181609124, 320, 243, 19.965837478637695, 2047, 2047,2047,2047,2047,2047,2047,2047,2047,2047,2047,2047,2047,2047,2047,2047,2047,2047,2047,2047,2047,2047,2047,2047,2047,2047,2047,2047,2047,2047,2047,2047,2047,2047,2047,2047,2047,2047,2047,2047,2047,2047,2047,2047,2047,2047,2047,2047,2047,2047,2047,2047,2047,2047,2047,2047,2047,2047,2047,2047,2047,2047,2047,2047,2047,2047,2047,2047,2047,2047,2047,2047,2047,2047,2047,2047,2047,2047,2047,2047,2047,2047,2047,2047,2047,2047,2047,2047,2047,2047,2047,2047,2047,2047,2047,2047,2047,2047,2047,2047,2047, 0.0, -0.0128331, -1.4427791974594615, 
1712956816215720583, 321, 243, 20.279996871948242, 2047, 2047,2047,2047,2047,2047,2047,2047,2047,2047,813,2047,2047,2047,2047,2047,2047,2047,2047,2047,814,2047,2047,2047,2047,2047,2047,2047,2047,2047,2047,2047,2047,2047,2047,2047,2047,2047,2047,2047,2047,2047,2047,2047,2047,2047,2047,2047,2047,2047,2047,2047,2047,2047,2047,2047,2047,2047,2047,2047,2047,2047,2047,2047,2047,2047,2047,2047,2047,2047,2047,2047,2047,2047,2047,2047,2047,2047,2047,2047,2047,2047,2047,2047,2047,2047,2047,2047,2047,2047,2047,2047,2047,2047,2047,2047,2047,2047,2047,2047,2047, 0.0042777, -0.0128331, -1.3506899232394134, 
1712956816256625008, 321, 243, 20.829225540161133, 2047, 2047,2047,2047,2047,2047,2047,2047,2047,811,810,2047,2047,2047,2047,2047,2047,2047,2047,2047,811,2047,2047,2047,2047,2047,2047,2047,2047,2047,2047,2047,2047,2047,2047,2047,2047,2047,2047,2047,2047,2047,2047,2047,2047,2047,2047,2047,2047,2047,2047,2047,2047,2047,2047,2047,2047,2047,2047,2047,2047,2047,2047,2047,2047,2047,2047,2047,2047,2047,2047,2047,2047,2047,2047,2047,2047,2047,2047,2047,2047,2047,2047,2047,2047,2047,2047,2047,2047,2047,2047,2047,2047,2047,2047,2047,2047,2047,2047,2047,2047, 0.0042777, -0.0128331, -1.28403752789132, 
1712956816291753527, 320, 243, 21.312549591064453, 2047, 2047,2047,2047,2047,2047,2047,2047,2047,2047,2047,2047,2047,2047,2047,2047,2047,2047,2047,2047,2047,2047,2047,2047,2047,2047,2047,2047,2047,2047,2047,2047,2047,2047,2047,2047,2047,2047,2047,2047,2047,2047,2047,2047,2047,2047,2047,2047,2047,2047,2047,2047,2047,2047,2047,2047,2047,2047,2047,2047,2047,2047,2047,2047,2047,2047,2047,2047,2047,2047,2047,2047,2047,2047,2047,2047,2047,2047,2047,2047,2047,2047,2047,2047,2047,2047,2047,2047,2047,2047,2047,2047,2047,2047,2047,2047,2047,2047,2047,2047,2047, 0.0, -0.0128331, -1.377824445162911, 
1712956816318745291, 321, 243, 21.55032730102539, 2047, 2047,2047,2047,2047,2047,2047,2047,2047,2047,2047,2047,2047,2047,2047,2047,2047,2047,2047,2047,2047,2047,2047,2047,2047,2047,2047,2047,2047,2047,2047,2047,2047,2047,2047,2047,2047,2047,2047,2047,2047,2047,2047,2047,2047,2047,2047,2047,2047,2047,2047,2047,2047,2047,2047,2047,2047,2047,2047,2047,2047,2047,2047,2047,2047,2047,2047,2047,2047,2047,2047,2047,2047,2047,2047,2047,2047,2047,2047,2047,2047,2047,2047,2047,2047,2047,2047,2047,2047,2047,2047,2047,2047,2047,2047,2047,2047,2047,2047,2047,2047, 0.0042777, -0.0128331, -1.221245799905185, 
1712956816356975526, 321, 243, 22.026325225830078, 2047, 2047,2047,2047,2047,2047,2047,2047,2047,2047,2047,2047,2047,2047,2047,2047,2047,2047,2047,2047,2047,2047,2047,2047,2047,2047,2047,2047,2047,2047,2047,2047,2047,2047,2047,2047,2047,2047,2047,2047,2047,2047,2047,2047,2047,2047,2047,2047,2047,2047,2047,2047,2047,2047,2047,2047,2047,2047,2047,2047,2047,2047,2047,2047,2047,2047,2047,2047,2047,2047,2047,2047,2047,2047,2047,2047,2047,2047,2047,2047,2047,2047,2047,2047,2047,2047,2047,2047,2047,2047,2047,2047,2047,2047,2047,2047,2047,2047,2047,2047,2047, 0.0042777, -0.0128331, -1.2272057568418075, 
1712956816382536541, 322, 243, 22.42325210571289, 2047, 2047,2047,2047,2047,2047,2047,2047,2047,2047,2047,2047,2047,2047,2047,2047,2047,2047,2047,2047,2047,2047,2047,2047,2047,2047,2047,2047,2047,2047,2047,2047,2047,2047,2047,2047,2047,2047,2047,2047,2047,2047,2047,2047,2047,2047,2047,2047,2047,2047,2047,2047,2047,2047,2047,2047,2047,2047,2047,2047,2047,2047,2047,2047,2047,2047,2047,2047,2047,2047,2047,2047,2047,2047,2047,2047,2047,2047,2047,2047,2047,2047,2047,2047,2047,2047,2047,2047,2047,2047,2047,2047,2047,2047,2047,2047,2047,2047,2047,2047,2047, 0.0085554, -0.0128331, -1.1570568265610943, 
1712956816423004590, 322, 243, 22.919652938842773, 2047, 2047,2047,2047,2047,2047,2047,2047,2047,2047,2047,2047,2047,2047,2047,2047,2047,2047,2047,2047,2047,2047,2047,2047,2047,2047,2047,2047,2047,2047,2047,2047,2047,2047,2047,2047,2047,2047,2047,2047,2047,2047,2047,2047,2047,2047,2047,2047,2047,2047,2047,2047,2047,2047,2047,2047,2047,2047,2047,2047,2047,2047,2047,2047,2047,2047,2047,2047,2047,2047,2047,2047,2047,2047,2047,2047,2047,2047,2047,2047,2047,2047,2047,2047,2047,2047,2047,2047,2047,2047,2047,2047,2047,2047,2047,2047,2047,2047,2047,2047,2047, 0.0085554, -0.0128331, -1.1554641802857888, 
1712956816456961808, 322, 242, 23.47300910949707, 2047, 2047,2047,2047,2047,2047,2047,2047,2047,770,770,2047,2047,2047,2047,2047,2047,2047,2047,2047,770,2047,2047,2047,2047,2047,2047,2047,2047,2047,2047,2047,2047,2047,2047,2047,2047,2047,2047,2047,2047,2047,2047,2047,2047,2047,2047,2047,2047,2047,2047,2047,2047,2047,2047,2047,2047,2047,2047,2047,2047,2047,2047,2047,2047,2047,2047,2047,2047,2047,2047,2047,2047,2047,2047,2047,2047,2047,2047,2047,2047,2047,2047,2047,2047,2047,2047,2047,2047,2047,2047,2047,2047,2047,2047,2047,2047,2047,2047,2047,2047, 0.0085554, -0.0085554, -1.059516924284762, 
1712956816492160830, 322, 242, 24.039297103881836, 2047, 2047,2047,2047,2047,2047,2047,2047,2047,760,761,2047,2047,2047,2047,2047,2047,2047,2047,761,761,2047,2047,2047,2047,2047,2047,2047,2047,2047,761,2047,2047,2047,2047,2047,2047,2047,2047,2047,2047,2047,2047,2047,2047,2047,2047,2047,2047,2047,2047,2047,2047,2047,2047,2047,2047,2047,2047,2047,2047,2047,2047,2047,2047,2047,2047,2047,2047,2047,2047,2047,2047,2047,2047,2047,2047,2047,2047,2047,2047,2047,2047,2047,2047,2047,2047,2047,2047,2047,2047,2047,2047,2047,2047,2047,2047,2047,2047,2047,2047, 0.0085554, -0.0085554, -1.0226355445244435, 
1712956816518129698, 325, 243, 25.246816635131836, 2047, 2047,2047,2047,2047,2047,2047,2047,753,753,753,2047,2047,2047,2047,2047,2047,2047,2047,753,753,2047,2047,2047,2047,2047,2047,2047,2047,2047,753,2047,2047,2047,2047,2047,2047,2047,2047,2047,753,2047,2047,2047,2047,2047,2047,2047,2047,2047,2047,2047,2047,2047,2047,2047,2047,2047,2047,2047,2047,2047,2047,2047,2047,2047,2047,2047,2047,2047,2047,2047,2047,2047,2047,2047,2047,2047,2047,2047,2047,2047,2047,2047,2047,2047,2047,2047,2047,2047,2047,2047,2047,2047,2047,2047,2047,2047,2047,2047,2047, 0.021388499999999998, -0.0128331, -0.8821579916085003, 
1712956816549538126, 325, 242, 25.63248634338379, 2047, 2047,2047,2047,2047,2047,2047,2047,2047,744,744,2047,2047,2047,2047,2047,2047,2047,2047,2047,744,2047,2047,2047,2047,2047,2047,2047,2047,2047,745,2047,2047,2047,2047,2047,2047,2047,2047,2047,2047,2047,2047,2047,2047,2047,2047,2047,2047,2047,2047,2047,2047,2047,2047,2047,2047,2047,2047,2047,2047,2047,2047,2047,2047,2047,2047,2047,2047,2047,2047,2047,2047,2047,2047,2047,2047,2047,2047,2047,2047,2047,2047,2047,2047,2047,2047,2047,2047,2047,2047,2047,2047,2047,2047,2047,2047,2047,2047,2047,2047, 0.021388499999999998, -0.0085554, -0.8949231054407981, 
1712956816585306427, 326, 242, 26.419639587402344, 2047, 2047,2047,2047,2047,2047,2047,2047,2047,735,735,2047,2047,2047,2047,2047,2047,2047,2047,735,735,2047,2047,2047,2047,2047,2047,2047,2047,2047,736,2047,2047,2047,2047,2047,2047,2047,2047,2047,2047,2047,2047,2047,2047,2047,2047,2047,2047,2047,2047,2047,2047,2047,2047,2047,2047,2047,2047,2047,2047,2047,2047,2047,2047,2047,2047,2047,2047,2047,2047,2047,2047,2047,2047,2047,2047,2047,2047,2047,2047,2047,2047,2047,2047,2047,2047,2047,2047,2047,2047,2047,2047,2047,2047,2047,2047,2047,2047,2047,2047, 0.0256662, -0.0085554, -0.8620967548856843, 
1712956816620070879, 325, 242, 26.83643913269043, 2047, 2047,2047,2047,2047,2047,2047,2047,2047,2047,725,2047,2047,2047,2047,2047,2047,2047,2047,2047,726,2047,2047,2047,2047,2047,2047,2047,2047,2047,2047,2047,2047,2047,2047,2047,2047,2047,2047,2047,2047,2047,2047,2047,2047,2047,2047,2047,2047,2047,2047,2047,2047,2047,2047,2047,2047,2047,2047,2047,2047,2047,2047,2047,2047,2047,2047,2047,2047,2047,2047,2047,2047,2047,2047,2047,2047,2047,2047,2047,2047,2047,2047,2047,2047,2047,2047,2047,2047,2047,2047,2047,2047,2047,2047,2047,2047,2047,2047,2047,2047, 0.021388499999999998, -0.0085554, -0.8476873292071514, 
1712956816651558171, 326, 242, 27.454790115356445, 2047, 2047,2047,2047,717,718,717,717,716,716,715,2047,2047,2047,2047,718,717,717,716,716,715,2047,2047,2047,2047,718,717,717,716,716,715,2047,2047,2047,2047,2047,2047,2047,2047,717,716,2047,2047,2047,2047,2047,2047,2047,2047,2047,2047,2047,2047,2047,2047,2047,2047,2047,2047,2047,2047,2047,2047,2047,2047,2047,2047,2047,2047,2047,2047,2047,2047,2047,2047,2047,2047,2047,2047,2047,2047,2047,2047,2047,2047,2047,2047,2047,2047,2047,2047,2047,2047,2047,2047,2047,2047,2047,2047,2047,2047, 0.0256662, -0.0085554, -0.8188654779510067, 
1712956816681700055, 327, 241, 28.344085693359375, 2047, 2047,2047,2047,2047,706,706,705,704,704,703,2047,2047,2047,2047,2047,706,705,705,704,704,2047,2047,2047,2047,2047,2047,705,704,704,704,2047,2047,2047,2047,2047,2047,704,704,704,704,2047,2047,2047,2047,2047,2047,704,703,705,705,2047,2047,2047,2047,2047,2047,703,703,2047,2047,2047,2047,2047,2047,2047,2047,2047,2047,2047,2047,2047,2047,2047,2047,2047,2047,2047,2047,2047,2047,2047,2047,2047,2047,2047,2047,2047,2047,2047,2047,2047,2047,2047,2047,2047,2047,2047,2047,2047,2047, 0.0299439, -0.0042777, -0.8069645478541417, 
1712956816715420024, 328, 241, 29.196687698364258, 2047, 2047,2047,2047,2047,2047,694,694,693,693,692,2047,2047,2047,2047,2047,2047,694,694,693,692,2047,2047,2047,2047,2047,2047,694,694,693,693,2047,2047,2047,2047,2047,2047,694,694,694,693,2047,2047,2047,2047,2047,2047,2047,694,2047,694,2047,2047,2047,2047,2047,2047,2047,2047,2047,2047,2047,2047,2047,2047,2047,2047,2047,2047,2047,2047,2047,2047,2047,2047,2047,2047,2047,2047,2047,2047,2047,2047,2047,2047,2047,2047,2047,2047,2047,2047,2047,2047,2047,2047,2047,2047,2047,2047,2047,2047, 0.0342216, -0.0042777, -0.770047250514024, 
1712956816758499983, 328, 240, 29.914403915405273, 2047, 2047,2047,2047,2047,2047,2047,2047,678,677,677,2047,2047,2047,2047,2047,2047,2047,679,678,678,2047,2047,2047,2047,2047,2047,2047,2047,678,678,2047,2047,2047,2047,2047,2047,2047,2047,2047,677,2047,2047,2047,2047,2047,2047,2047,2047,2047,2047,2047,2047,2047,2047,2047,2047,2047,2047,2047,2047,2047,2047,2047,2047,2047,2047,2047,2047,2047,2047,2047,2047,2047,2047,2047,2047,2047,2047,2047,2047,2047,2047,2047,2047,2047,2047,2047,2047,2047,2047,2047,2047,2047,2047,2047,2047,2047,2047,2047,2047, 0.0342216, -0.0, -0.7666584760567505, 
1712956816794968590, 327, 240, 30.857698440551758, 2047, 2047,2047,2047,2047,2047,2047,2047,661,662,662,2047,2047,2047,2047,2047,2047,2047,662,662,662,2047,2047,2047,2047,2047,2047,2047,2047,662,662,2047,2047,2047,2047,2047,2047,2047,2047,2047,662,2047,2047,2047,2047,2047,2047,2047,2047,2047,663,2047,2047,2047,2047,2047,2047,2047,2047,2047,2047,2047,2047,2047,2047,2047,2047,2047,2047,2047,2047,2047,2047,2047,2047,2047,2047,2047,2047,2047,2047,2047,2047,2047,2047,2047,2047,2047,2047,2047,2047,2047,2047,2047,2047,2047,2047,2047,2047,2047,2047, 0.0299439, -0.0, -0.7417115596255585, 
1712956816823440930, 328, 239, 32.04876708984375, 2047, 2047,2047,2047,2047,2047,2047,2047,2047,644,643,2047,2047,2047,2047,2047,2047,2047,2047,644,644,2047,2047,2047,2047,2047,2047,2047,2047,2047,644,2047,2047,2047,2047,2047,2047,2047,2047,2047,644,2047,2047,2047,2047,2047,2047,2047,2047,2047,645,2047,2047,2047,2047,2047,2047,2047,2047,2047,645,2047,2047,2047,2047,2047,2047,2047,2047,2047,645,2047,2047,2047,2047,2047,2047,2047,2047,2047,646,2047,2047,2047,2047,2047,2047,2047,2047,2047,646,2047,2047,2047,2047,2047,2047,2047,2047,2047,2047, 0.0342216, 0.0042777, -0.7125498620331367, 
1712956816865760880, 330, 239, 32.96733474731445, 634, 2047,2047,2047,2047,634,633,632,632,629,626,2047,2047,2047,2047,634,633,633,633,630,627,2047,2047,2047,2047,635,634,633,633,630,628,2047,2047,2047,2047,2047,634,634,633,631,629,2047,2047,2047,2047,2047,634,634,635,632,630,2047,2047,2047,2047,2047,634,633,634,632,630,2047,2047,2047,2047,2047,2047,634,634,633,631,2047,2047,2047,2047,2047,634,633,634,633,632,2047,2047,2047,2047,2047,2047,2047,634,633,632,2047,2047,2047,2047,2047,2047,2047,2047,2047,632, 0.013104, 0.0013104, -0.6887865423280464, 
1712956816913463171, 333, 238, 34.33818817138672, 2047, 2047,2047,2047,2047,2047,2047,595,593,591,590,2047,2047,2047,2047,2047,2047,595,592,591,591,2047,2047,2047,2047,2047,2047,595,593,591,591,2047,2047,2047,2047,2047,2047,595,594,594,595,2047,2047,2047,2047,2047,2047,2047,2047,2047,596,2047,2047,2047,2047,2047,2047,2047,2047,2047,597,2047,2047,2047,2047,2047,2047,2047,2047,2047,596,2047,2047,2047,2047,2047,2047,2047,2047,2047,2047,2047,2047,2047,2047,2047,2047,2047,2047,2047,2047,2047,2047,2047,2047,2047,2047,2047,2047,2047,2047, 0.055610099999999996, 0.0085554, -0.6421748594734058, 
1712956816945872616, 334, 237, 35.87141799926758, 2047, 2047,2047,2047,2047,2047,2047,570,569,569,568,2047,2047,2047,2047,2047,2047,570,570,569,568,2047,2047,2047,2047,2047,2047,570,569,569,567,2047,2047,2047,2047,2047,2047,2047,569,569,568,2047,2047,2047,2047,2047,2047,2047,569,569,568,2047,2047,2047,2047,2047,2047,2047,2047,569,568,2047,2047,2047,2047,2047,2047,2047,2047,2047,568,2047,2047,2047,2047,2047,2047,2047,2047,2047,2047,2047,2047,2047,2047,2047,2047,2047,2047,2047,2047,2047,2047,2047,2047,2047,2047,2047,2047,2047,2047, 0.0598878, 0.0128331, -0.618999646180061, 
1712956816989880039, 336, 231, 39.26187515258789, 2047, 2047,2047,2047,2047,548,547,545,543,542,541,2047,2047,2047,2047,549,547,545,543,542,541,2047,2047,2047,2047,2047,547,546,544,543,542,2047,2047,2047,2047,2047,548,546,545,544,544,2047,2047,2047,2047,2047,2047,2047,546,546,545,2047,2047,2047,2047,2047,2047,547,546,546,546,2047,2047,2047,2047,2047,2047,2047,547,547,546,2047,2047,2047,2047,2047,2047,2047,547,547,547,2047,2047,2047,2047,2047,2047,2047,547,547,547,2047,2047,2047,2047,2047,2047,2047,2047,2047,547, 0.0684432, 0.0384993, -0.59652493948461, 
1712956817025089450, 336, 238, 41.7373161315918, 2047, 2047,2047,2047,2047,2047,2047,2047,2047,2047,2047,2047,2047,2047,2047,2047,2047,2047,2047,2047,2047,2047,2047,2047,2047,2047,2047,2047,2047,2047,2047,2047,2047,2047,2047,2047,2047,2047,2047,2047,2047,2047,2047,2047,2047,2047,2047,2047,2047,2047,2047,2047,2047,2047,2047,2047,2047,2047,2047,2047,2047,2047,2047,2047,2047,2047,2047,2047,2047,2047,2047,2047,2047,2047,2047,2047,2047,2047,2047,2047,2047,2047,2047,2047,2047,2047,2047,2047,2047,2047,2047,2047,2047,2047,2047,2047,2047,2047,2047,2047,2047, 0.0684432, 0.0085554, -0.5885346206872423, 
1712956817069300090, 339, 256, 45.808509826660156, 2047, 2047,2047,2047,2047,2047,2047,2047,2047,2047,2047,2047,2047,2047,2047,2047,2047,2047,2047,2047,2047,2047,2047,2047,2047,2047,2047,2047,2047,2047,2047,2047,2047,2047,2047,2047,2047,2047,2047,2047,2047,2047,2047,2047,2047,2047,2047,2047,2047,2047,2047,2047,2047,2047,2047,2047,2047,2047,2047,2047,2047,2047,2047,2047,2047,2047,2047,2047,2047,2047,2047,2047,2047,2047,2047,2047,2047,427,426,426,425,2047,2047,2047,2047,427,427,427,426,426,425,2047,2047,2047,429,428,427,427,426,426,425, 0.0812763, -0.0684432, -0.5128540387013535, 
1712956817103155157, 341, 291, 53.13595199584961, 384, 2047,394,394,393,390,389,388,387,386,385,2047,2047,393,392,390,387,387,386,385,384,2047,394,394,394,387,386,386,385,384,383,2047,2047,390,387,387,385,385,384,383,382,2047,390,390,387,386,385,384,383,382,382,2047,390,389,386,385,384,384,383,382,382,2047,2047,2047,385,384,384,383,382,381,381,2047,2047,2047,385,384,383,383,382,381,380,2047,2047,386,384,383,382,382,381,380,379,2047,2047,387,384,383,382,382,381,379,379, 0.0164934, -0.0400554, -0.4776690911111729, 
1712956817137777488, 345, 337, 65.85932159423828, 2047, 2047,2047,2047,2047,2047,2047,2047,2047,2047,2047,2047,2047,2047,2047,2047,2047,2047,2047,2047,2047,2047,2047,2047,2047,2047,2047,2047,2047,2047,2047,2047,2047,2047,2047,2047,2047,2047,2047,2047,2047,2047,2047,2047,2047,2047,2047,2047,2047,2047,2047,2047,2047,2047,2047,2047,2047,2047,2047,2047,2047,2047,2047,2047,2047,2047,2047,2047,2047,2047,2047,2047,2047,2047,2047,2047,2047,2047,2047,2047,2047,2047,2047,2047,2047,2047,2047,2047,2047,2047,2047,2047,2047,2047,2047,2047,2047,2047,2047,2047,2047, 0.1069425, -0.4149369, -1.463103030469555, 
