1712955600443729044, 321, 260, 22.040918350219727, 2047, 2047,2047,2047,2047,2047,2047,2047,2047,787,786,2047,2047,2047,2047,2047,2047,2047,2047,2047,787,2047,2047,2047,2047,2047,2047,2047,2047,2047,2047,2047,2047,2047,2047,2047,2047,2047,2047,2047,2047,2047,2047,2047,2047,2047,2047,2047,2047,2047,2047,2047,2047,2047,2047,2047,2047,2047,2047,2047,2047,2047,2047,2047,2047,2047,2047,2047,2047,2047,2047,2047,2047,2047,2047,2047,2047,2047,2047,2047,2047,2047,780,2047,2047,2047,2047,2047,2047,2047,2047,780,780,2047,2047,2047,2047,2047,2047,2047,2047, 0.0042777, -0.08555399999999999, -1.181281606950371, 
1712955600477927782, 321, 260, 22.14168930053711, 2047, 2047,2047,2047,2047,2047,2047,788,788,787,786,2047,2047,2047,2047,2047,2047,789,788,787,787,2047,2047,2047,2047,2047,2047,2047,2047,788,787,2047,2047,2047,2047,2047,2047,2047,2047,2047,2047,2047,2047,2047,2047,2047,2047,2047,2047,2047,2047,2047,2047,2047,2047,2047,2047,2047,2047,2047,2047,2047,2047,2047,2047,2047,2047,2047,2047,2047,2047,2047,2047,2047,2047,2047,2047,2047,2047,2047,2047,2047,2047,2047,2047,2047,2047,2047,2047,2047,2047,2047,2047,2047,2047,2047,2047,2047,2047,2047,2047, 0.0042777, -0.08555399999999999, -1.2044799314655332, 
1712955600514901736, 320, 260, 22.042675018310547, 2047, 2047,2047,2047,2047,2047,2047,2047,2047,2047,2047,2047,2047,2047,2047,2047,2047,2047,2047,2047,2047,2047,2047,2047,2047,2047,2047,2047,2047,2047,2047,2047,2047,2047,2047,2047,2047,2047,2047,2047,2047,2047,2047,2047,2047,2047,2047,2047,2047,2047,2047,2047,2047,2047,2047,2047,2047,2047,2047,2047,2047,2047,2047,2047,2047,2047,2047,2047,2047,2047,2047,2047,2047,2047,2047,2047,2047,2047,2047,2047,2047,2047,2047,2047,2047,2047,2047,2047,2047,2047,2047,2047,2047,2047,2047,2047,2047,2047,2047,2047,2047, 0.0, -0.08555399999999999, -1.209806012424754, 
1712955600544717862, 320, 260, 22.306005477905273, 2047, 2047,2047,2047,2047,2047,2047,2047,2047,787,787,2047,2047,2047,2047,2047,2047,2047,2047,787,788,2047,2047,2047,2047,2047,2047,2047,2047,2047,788,2047,2047,2047,2047,2047,2047,2047,2047,2047,787,2047,2047,2047,2047,2047,2047,2047,2047,2047,2047,2047,2047,2047,2047,2047,2047,2047,2047,2047,2047,2047,2047,2047,2047,2047,2047,2047,2047,2047,2047,2047,2047,2047,2047,2047,2047,2047,2047,2047,2047,2047,2047,2047,2047,2047,2047,2047,2047,2047,2047,2047,2047,2047,2047,2047,2047,2047,2047,2047,2047, 0.0, -0.08555399999999999, -1.2072096732883735, 
1712955600580222484, 320, 261, 22.269508361816406, 2047, 2047,2047,2047,2047,2047,2047,2047,2047,2047,787,2047,2047,2047,2047,2047,2047,2047,2047,2047,2047,2047,2047,2047,2047,2047,2047,2047,2047,2047,2047,2047,2047,2047,2047,2047,2047,2047,2047,2047,2047,2047,2047,2047,2047,2047,2047,2047,2047,2047,2047,2047,2047,2047,2047,2047,2047,2047,2047,2047,2047,2047,2047,2047,2047,2047,2047,2047,2047,2047,2047,2047,2047,2047,2047,2047,2047,2047,2047,2047,2047,2047,2047,2047,2047,2047,2047,2047,2047,2047,2047,783,2047,2047,2047,2047,2047,2047,2047,2047,2047, 0.0, -0.0898317, -1.2118257746621062, 
1712955600609376937, 320, 261, 22.167707443237305, 2047, 2047,2047,2047,2047,2047,2047,2047,2047,2047,2047,2047,2047,2047,2047,2047,2047,2047,2047,2047,2047,2047,2047,2047,2047,2047,2047,2047,2047,2047,2047,2047,2047,2047,2047,2047,2047,2047,2047,2047,2047,2047,2047,2047,2047,2047,2047,2047,2047,2047,2047,2047,2047,2047,2047,2047,2047,2047,2047,2047,2047,2047,2047,2047,2047,2047,2047,2047,2047,2047,2047,2047,2047,2047,2047,2047,2047,2047,2047,2047,2047,2047,2047,2047,2047,2047,2047,2047,2047,2047,2047,783,783,2047,2047,2047,2047,2047,2047,2047,2047, 0.0, -0.0898317, -1.2316588498698529, 
1712955600642982720, 320, 260, 22.192440032958984, 2047, 2047,2047,2047,2047,2047,2047,2047,2047,2047,786,2047,2047,2047,2047,2047,2047,2047,2047,2047,2047,2047,2047,2047,2047,2047,2047,2047,2047,2047,2047,2047,2047,2047,2047,2047,2047,2047,2047,2047,2047,2047,2047,2047,2047,2047,2047,2047,2047,2047,2047,2047,2047,2047,2047,2047,2047,2047,2047,2047,2047,2047,2047,2047,2047,2047,2047,2047,2047,2047,2047,2047,2047,2047,2047,2047,2047,2047,2047,2047,2047,2047,2047,781,781,781,2047,2047,2047,2047,2047,2047,781,780,781,780,2047,2047,2047,2047,2047, 0.0, -0.08555399999999999, -1.2008980727866334, 
1712955600677135017, 320, 260, 22.18848991394043, 2047, 2047,2047,2047,2047,2047,2047,2047,2047,786,786,2047,2047,2047,2047,2047,2047,2047,2047,2047,786,2047,2047,2047,2047,2047,2047,2047,2047,2047,2047,2047,2047,2047,2047,2047,2047,2047,2047,2047,2047,2047,2047,2047,2047,2047,2047,2047,2047,2047,2047,2047,2047,2047,2047,2047,2047,2047,2047,2047,2047,2047,2047,2047,2047,2047,2047,2047,2047,2047,2047,2047,2047,2047,2047,2047,2047,2047,2047,2047,2047,2047,780,779,2047,2047,2047,2047,2047,2047,2047,2047,779,779,2047,2047,2047,2047,2047,2047,2047, 0.0, -0.08555399999999999, -1.2043390496952557, 
1712955600708876554, 320, 261, 22.166582107543945, 2047, 2047,2047,2047,2047,2047,2047,2047,2047,2047,2047,2047,2047,2047,2047,2047,2047,2047,2047,2047,788,2047,2047,2047,2047,2047,2047,2047,2047,2047,788,2047,2047,2047,2047,2047,2047,2047,2047,2047,2047,2047,2047,2047,2047,2047,2047,2047,2047,2047,2047,2047,2047,2047,2047,2047,2047,2047,2047,2047,2047,2047,2047,2047,2047,2047,2047,2047,2047,2047,2047,2047,2047,2047,2047,2047,2047,2047,2047,2047,2047,2047,2047,2047,2047,2047,2047,2047,2047,2047,2047,784,783,2047,2047,2047,785,2047,2047,2047,2047, 0.0, -0.0898317, -1.1965934167533967, 
1712955600742850781, 321, 260, 21.973299026489258, 2047, 2047,2047,2047,2047,2047,2047,788,788,787,787,2047,2047,2047,2047,2047,2047,2047,2047,2047,787,2047,2047,2047,2047,2047,2047,2047,2047,2047,787,2047,2047,2047,2047,2047,2047,2047,2047,2047,2047,2047,2047,2047,2047,2047,2047,2047,2047,2047,2047,2047,2047,2047,2047,2047,2047,2047,2047,2047,2047,2047,2047,2047,2047,2047,2047,2047,2047,2047,2047,2047,2047,2047,2047,2047,2047,2047,2047,2047,2047,2047,2047,2047,2047,2047,2047,2047,2047,2047,2047,781,2047,2047,2047,2047,784,2047,2047,2047,2047, 0.0042777, -0.08555399999999999, -1.1690457688113434, 
1712955600776908104, 321, 260, 22.097816467285156, 2047, 2047,2047,2047,2047,2047,790,789,788,787,786,2047,2047,2047,2047,2047,790,2047,2047,787,787,2047,2047,2047,2047,2047,2047,2047,2047,786,787,2047,2047,2047,2047,2047,2047,2047,2047,2047,787,2047,2047,2047,2047,2047,2047,2047,2047,2047,2047,2047,2047,2047,2047,2047,2047,2047,2047,2047,2047,2047,2047,2047,2047,2047,2047,2047,2047,2047,2047,2047,2047,2047,2047,2047,2047,2047,2047,2047,2047,2047,2047,2047,2047,2047,2047,2047,2047,2047,2047,2047,2047,2047,2047,2047,2047,2047,2047,2047,2047, 0.0042777, -0.08555399999999999, -1.1783292398433394, 
1712955600810928052, 321, 260, 21.918476104736328, 2047, 2047,2047,2047,2047,2047,2047,2047,2047,787,787,2047,2047,2047,2047,2047,2047,2047,2047,788,787,2047,2047,2047,2047,2047,2047,2047,2047,2047,2047,2047,2047,2047,2047,2047,2047,2047,2047,2047,2047,2047,2047,2047,2047,2047,2047,2047,2047,2047,2047,2047,2047,2047,2047,2047,2047,2047,2047,2047,2047,2047,2047,2047,2047,2047,2047,2047,2047,2047,2047,2047,2047,2047,2047,2047,2047,2047,2047,2047,2047,2047,2047,2047,2047,2047,2047,2047,2047,2047,2047,2047,2047,2047,2047,2047,2047,2047,2047,2047,2047, 0.0042777, -0.08555399999999999, -1.156451382178766, 
1712955600842963011, 320, 260, 22.14498519897461, 2047, 2047,2047,2047,2047,2047,2047,2047,2047,788,788,2047,2047,2047,2047,2047,2047,2047,2047,789,789,2047,2047,2047,2047,2047,2047,2047,2047,2047,789,2047,2047,2047,2047,2047,2047,2047,2047,2047,2047,2047,2047,2047,2047,2047,2047,2047,2047,2047,2047,2047,2047,2047,2047,2047,2047,2047,2047,2047,2047,2047,2047,2047,2047,2047,2047,2047,2047,2047,2047,2047,2047,2047,2047,2047,2047,2047,2047,2047,2047,2047,2047,2047,2047,2047,2047,2047,2047,2047,2047,2047,2047,2047,2047,2047,2047,2047,2047,2047,2047, 0.0, -0.08555399999999999, -1.202159417573087, 
1712955600876902832, 320, 260, 22.177875518798828, 2047, 2047,2047,2047,2047,2047,2047,2047,2047,2047,786,2047,2047,2047,2047,2047,2047,2047,2047,2047,787,2047,2047,2047,2047,2047,2047,2047,2047,2047,787,2047,2047,2047,2047,2047,2047,2047,2047,2047,2047,2047,2047,2047,2047,2047,2047,2047,2047,2047,2047,2047,2047,2047,2047,2047,2047,2047,2047,2047,2047,2047,2047,2047,2047,2047,2047,2047,2047,2047,2047,2047,2047,2047,2047,2047,2047,2047,2047,2047,2047,2047,2047,2047,2047,2047,2047,2047,2047,2047,2047,2047,2047,2047,2047,2047,2047,2047,2047,2047,2047, 0.0, -0.08555399999999999, -1.229185498531488, 
1712955600910888450, 320, 260, 22.192440032958984, 2047, 2047,2047,2047,2047,2047,2047,2047,789,789,788,2047,2047,2047,2047,2047,2047,789,789,789,788,2047,2047,2047,2047,2047,2047,789,789,789,788,2047,2047,2047,2047,2047,2047,789,789,789,788,2047,2047,2047,2047,2047,2047,2047,789,789,788,2047,2047,2047,2047,2047,2047,2047,2047,2047,2047,2047,2047,2047,2047,2047,2047,2047,2047,2047,2047,2047,2047,2047,2047,2047,2047,2047,2047,2047,2047,2047,2047,781,781,2047,2047,2047,2047,2047,2047,2047,781,781,781,2047,2047,2047,2047,2047,2047, 0.0, -0.08555399999999999, -1.2178870710309575, 
1712955600944371209, 320, 260, 22.192440032958984, 2047, 2047,2047,2047,2047,2047,2047,2047,2047,2047,787,2047,2047,2047,2047,2047,2047,2047,2047,2047,787,2047,2047,2047,2047,2047,2047,2047,2047,2047,2047,2047,2047,2047,2047,2047,2047,2047,2047,2047,2047,2047,2047,2047,2047,2047,2047,2047,2047,2047,2047,2047,2047,2047,2047,2047,2047,2047,2047,2047,2047,2047,2047,2047,2047,2047,2047,2047,2047,2047,2047,2047,2047,2047,2047,2047,2047,2047,2047,2047,2047,2047,2047,2047,2047,2047,2047,2047,2047,2047,2047,2047,2047,2047,2047,2047,2047,2047,2047,2047,2047, 0.0, -0.08555399999999999, -1.2144494676376014, 
1712955600979955240, 320, 261, 22.167707443237305, 2047, 2047,2047,2047,2047,2047,2047,2047,2047,2047,788,2047,2047,2047,2047,2047,2047,2047,2047,2047,2047,2047,2047,2047,2047,2047,2047,2047,2047,2047,2047,2047,2047,2047,2047,2047,2047,2047,2047,2047,2047,2047,2047,2047,2047,2047,2047,2047,2047,2047,2047,2047,2047,2047,2047,2047,2047,2047,2047,2047,2047,2047,2047,2047,2047,2047,2047,2047,2047,2047,2047,2047,2047,2047,2047,2047,2047,2047,2047,2047,2047,2047,2047,2047,2047,2047,2047,2047,2047,2047,2047,2047,2047,2047,2047,2047,2047,2047,2047,2047,2047, 0.0, -0.0898317, -1.2039993787411265, 
1712955601017728871, 320, 261, 22.269508361816406, 2047, 2047,2047,2047,2047,2047,2047,2047,2047,2047,2047,2047,2047,2047,2047,2047,2047,2047,2047,2047,2047,2047,2047,2047,2047,2047,2047,2047,2047,2047,2047,2047,2047,2047,2047,2047,2047,2047,2047,2047,2047,2047,2047,2047,2047,2047,2047,2047,2047,2047,2047,2047,2047,2047,2047,2047,2047,2047,2047,2047,2047,2047,2047,2047,2047,2047,2047,2047,2047,2047,2047,2047,2047,2047,2047,2047,2047,2047,2047,2047,2047,2047,2047,2047,2047,2047,2047,2047,2047,2047,2047,2047,2047,2047,2047,2047,2047,2047,2047,2047,2047, 0.0, -0.0898317, -1.1973053124155333, 
1712955601043151607, 321, 260, 21.78470802307129, 2047, 2047,2047,2047,2047,2047,2047,2047,789,788,787,2047,2047,2047,2047,2047,2047,2047,2047,788,787,2047,2047,2047,2047,2047,2047,2047,2047,2047,787,2047,2047,2047,2047,2047,2047,2047,2047,2047,2047,2047,2047,2047,2047,2047,2047,2047,2047,2047,2047,2047,2047,2047,2047,2047,2047,2047,2047,2047,2047,2047,2047,2047,2047,2047,2047,2047,2047,2047,2047,2047,2047,2047,2047,2047,2047,2047,2047,2047,2047,2047,2047,2047,2047,2047,2047,2047,2047,2047,2047,2047,2047,2047,2047,2047,2047,2047,2047,2047,2047, 0.0042777, -0.08555399999999999, -1.1566365354244545, 
1712955601077066827, 320, 260, 22.142751693725586, 2047, 2047,2047,2047,2047,2047,2047,2047,2047,2047,787,2047,2047,2047,2047,2047,2047,2047,2047,2047,2047,2047,2047,2047,2047,2047,2047,2047,2047,2047,788,2047,2047,2047,2047,2047,2047,2047,2047,2047,2047,2047,2047,2047,2047,2047,2047,2047,2047,2047,2047,2047,2047,2047,2047,2047,2047,2047,2047,2047,2047,2047,2047,2047,2047,2047,2047,2047,2047,2047,2047,2047,2047,2047,2047,2047,2047,2047,2047,2047,2047,2047,2047,2047,2047,2047,2047,2047,2047,2047,2047,2047,2047,2047,2047,2047,2047,2047,2047,2047,2047, 0.0, -0.08555399999999999, -1.2337266831928888, 
1712955601110889134, 321, 261, 21.989164352416992, 2047, 2047,2047,2047,2047,2047,2047,2047,2047,788,787,2047,2047,2047,2047,2047,2047,2047,2047,2047,2047,2047,2047,2047,2047,2047,2047,2047,2047,2047,2047,2047,2047,2047,2047,2047,2047,2047,2047,2047,2047,2047,2047,2047,2047,2047,2047,2047,2047,2047,2047,2047,2047,2047,2047,2047,2047,2047,2047,2047,2047,2047,2047,2047,2047,2047,2047,2047,2047,2047,2047,2047,2047,2047,2047,2047,2047,2047,2047,2047,2047,2047,2047,2047,2047,2047,2047,2047,2047,2047,2047,783,2047,2047,2047,2047,2047,2047,2047,2047,2047, 0.0042777, -0.0898317, -1.1813439844110174, 
1712955601142874157, 320, 261, 22.17575454711914, 2047, 2047,2047,2047,2047,2047,2047,2047,2047,2047,2047,2047,2047,2047,2047,2047,2047,2047,2047,2047,2047,2047,2047,2047,2047,2047,2047,2047,2047,2047,2047,2047,2047,2047,2047,2047,2047,2047,2047,2047,2047,2047,2047,2047,2047,2047,2047,2047,2047,2047,2047,2047,2047,2047,2047,2047,2047,2047,2047,2047,2047,2047,2047,2047,2047,2047,2047,2047,2047,2047,2047,2047,2047,2047,2047,2047,2047,2047,2047,2047,2047,2047,2047,2047,2047,2047,2047,2047,2047,2047,2047,2047,2047,2047,2047,2047,2047,2047,2047,2047,2047, 0.0, -0.0898317, -1.214388190836002, 
1712955601176894655, 321, 260, 22.01140022277832, 2047, 2047,2047,2047,2047,2047,2047,2047,2047,787,787,2047,2047,2047,2047,2047,2047,2047,2047,2047,788,2047,2047,2047,2047,2047,2047,2047,2047,2047,788,2047,2047,2047,2047,2047,2047,2047,2047,2047,788,2047,2047,2047,2047,2047,2047,2047,2047,2047,2047,2047,2047,2047,2047,2047,2047,2047,2047,2047,2047,2047,2047,2047,2047,2047,2047,2047,2047,2047,2047,2047,2047,2047,2047,2047,2047,2047,2047,2047,2047,2047,2047,2047,2047,2047,2047,2047,2047,2047,2047,780,779,2047,2047,2047,2047,2047,2047,2047,2047, 0.0042777, -0.08555399999999999, -1.179488644842098, 
1712955601210891300, 321, 261, 22.015409469604492, 2047, 2047,2047,2047,2047,2047,2047,2047,2047,2047,787,2047,2047,2047,2047,2047,2047,2047,2047,2047,2047,2047,2047,2047,2047,2047,2047,2047,2047,2047,2047,2047,2047,2047,2047,2047,2047,2047,2047,2047,2047,2047,2047,2047,2047,2047,2047,2047,2047,2047,2047,2047,2047,2047,2047,2047,2047,2047,2047,2047,2047,2047,2047,2047,2047,2047,2047,2047,2047,2047,2047,781,780,2047,2047,2047,2047,2047,2047,2047,2047,781,780,2047,2047,2047,2047,2047,2047,2047,2047,783,782,2047,2047,2047,2047,2047,2047,2047,2047, 0.0042777, -0.0898317, -1.1752988951269148, 
1712955601242848220, 320, 260, 22.087461471557617, 2047, 2047,2047,2047,2047,2047,2047,2047,2047,787,787,2047,2047,2047,2047,2047,2047,2047,2047,2047,787,2047,2047,2047,2047,2047,2047,2047,2047,2047,787,2047,2047,2047,2047,2047,2047,2047,2047,2047,2047,2047,2047,2047,2047,2047,2047,2047,2047,2047,2047,2047,2047,2047,2047,2047,2047,2047,2047,2047,2047,2047,2047,2047,2047,2047,2047,2047,2047,2047,2047,2047,2047,2047,2047,2047,2047,2047,2047,2047,2047,2047,2047,2047,2047,2047,2047,2047,2047,2047,2047,2047,2047,2047,2047,2047,2047,2047,2047,2047,2047, 0.0, -0.08555399999999999, -1.2262232168618319, 
1712955601276866325, 321, 261, 22.01461410522461, 2047, 2047,2047,2047,2047,2047,2047,2047,2047,789,788,2047,2047,2047,2047,2047,2047,2047,2047,790,789,2047,2047,2047,2047,2047,2047,2047,2047,790,2047,2047,2047,2047,2047,2047,2047,2047,2047,2047,2047,2047,2047,2047,2047,2047,2047,2047,2047,2047,2047,2047,2047,2047,2047,2047,2047,2047,2047,2047,2047,2047,2047,2047,2047,2047,2047,2047,2047,2047,2047,2047,2047,2047,2047,2047,2047,2047,2047,2047,2047,2047,2047,2047,2047,2047,2047,2047,2047,2047,2047,2047,2047,2047,2047,2047,2047,2047,2047,2047,2047, 0.0042777, -0.0898317, -1.2008564771270342, 
1712955601310782004, 321, 260, 21.915983200073242, 2047, 2047,2047,2047,2047,2047,2047,786,786,786,786,2047,2047,2047,2047,2047,2047,2047,2047,786,787,2047,2047,2047,2047,2047,2047,2047,2047,2047,787,2047,2047,2047,2047,2047,2047,2047,2047,2047,787,2047,2047,2047,2047,2047,2047,2047,2047,2047,2047,2047,2047,2047,2047,2047,2047,2047,2047,2047,2047,2047,2047,2047,2047,2047,2047,2047,2047,2047,2047,2047,2047,2047,2047,2047,2047,2047,2047,2047,2047,781,781,2047,2047,2047,2047,2047,2047,2047,2047,781,781,2047,2047,2047,2047,2047,2047,2047,2047, 0.0042777, -0.08555399999999999, -1.1473253344991188, 
1712955601342791549, 320, 261, 22.253154754638672, 2047, 2047,2047,2047,2047,2047,2047,2047,2047,2047,2047,2047,2047,2047,2047,2047,2047,2047,2047,2047,2047,2047,2047,2047,2047,2047,2047,2047,2047,2047,2047,2047,2047,2047,2047,2047,2047,2047,2047,2047,2047,2047,2047,2047,2047,2047,2047,2047,2047,2047,2047,2047,2047,2047,2047,2047,2047,2047,2047,2047,2047,2047,2047,2047,2047,2047,2047,2047,2047,2047,2047,2047,2047,2047,2047,2047,2047,2047,2047,2047,2047,2047,2047,2047,2047,2047,2047,2047,2047,2047,2047,784,783,2047,2047,2047,2047,2047,2047,2047,2047, 0.0, -0.0898317, -1.2266636498641832, 
1712955601376900242, 320, 260, 22.29781723022461, 2047, 2047,2047,2047,2047,2047,2047,2047,2047,2047,2047,2047,2047,2047,2047,2047,2047,2047,2047,2047,2047,2047,2047,2047,2047,2047,2047,2047,2047,2047,2047,2047,2047,2047,2047,2047,2047,2047,2047,2047,2047,2047,2047,2047,2047,2047,2047,2047,2047,2047,2047,2047,2047,2047,2047,2047,2047,2047,2047,2047,2047,2047,2047,2047,2047,2047,2047,2047,2047,2047,2047,2047,2047,2047,2047,2047,2047,2047,2047,2047,2047,2047,2047,2047,2047,2047,2047,2047,2047,2047,2047,2047,2047,2047,2047,2047,2047,2047,2047,2047,2047, 0.0, -0.08555399999999999, -1.2340989062588679, 
1712955601410778832, 320, 261, 22.167707443237305, 2047, 2047,2047,2047,2047,2047,2047,2047,2047,2047,2047,2047,2047,2047,2047,2047,2047,2047,2047,2047,2047,2047,2047,2047,2047,2047,2047,2047,2047,2047,2047,2047,2047,2047,2047,2047,2047,2047,2047,2047,2047,2047,2047,2047,2047,2047,2047,2047,2047,2047,2047,2047,2047,2047,2047,2047,2047,2047,2047,2047,2047,2047,2047,781,782,782,783,2047,2047,2047,2047,783,781,781,782,781,783,783,783,781,2047,783,781,781,781,781,782,782,782,782,2047,783,783,782,782,782,784,784,784,784,784, 0.0, -0.0898317, -1.2123848899186231, 
1712955601445325006, 321, 260, 21.791465759277344, 2047, 2047,2047,2047,2047,2047,2047,2047,2047,786,786,2047,2047,2047,2047,2047,2047,2047,2047,2047,786,2047,2047,2047,2047,2047,2047,2047,2047,2047,2047,2047,2047,2047,2047,2047,2047,2047,2047,2047,2047,2047,2047,2047,2047,2047,2047,2047,2047,2047,2047,2047,2047,2047,2047,2047,2047,2047,2047,2047,2047,2047,2047,2047,2047,2047,2047,2047,2047,2047,2047,2047,2047,2047,2047,2047,2047,2047,2047,2047,2047,2047,2047,2047,2047,2047,2047,2047,2047,2047,2047,779,2047,2047,2047,2047,2047,2047,2047,2047,2047, 0.0042777, -0.08555399999999999, -1.162354302331504, 
1712955601480688347, 320, 260, 22.219585418701172, 2047, 2047,2047,2047,2047,2047,2047,2047,2047,2047,786,2047,2047,2047,2047,2047,2047,2047,2047,2047,786,2047,2047,2047,2047,2047,2047,2047,2047,2047,786,2047,2047,2047,2047,2047,2047,2047,2047,2047,2047,2047,2047,2047,2047,2047,2047,2047,2047,2047,2047,2047,2047,2047,2047,2047,2047,2047,2047,2047,2047,2047,2047,2047,2047,2047,2047,2047,2047,2047,2047,2047,2047,2047,2047,2047,2047,2047,2047,2047,2047,2047,781,780,780,780,2047,2047,2047,2047,2047,781,781,780,780,2047,2047,2047,2047,2047,2047, 0.0, -0.08555399999999999, -1.2161730389820176, 
1712955601511662742, 321, 261, 21.848936080932617, 789, 2047,2047,2047,789,790,789,788,787,787,786,2047,2047,789,789,789,789,788,787,787,786,2047,2047,789,789,789,789,788,788,787,787,2047,2047,789,789,789,789,789,788,788,787,2047,2047,2047,789,790,789,789,789,788,2047,2047,2047,2047,789,790,789,789,789,788,2047,2047,2047,2047,2047,2047,2047,2047,2047,2047,2047,2047,2047,2047,2047,2047,2047,2047,2047,2047,2047,2047,2047,2047,2047,2047,2047,2047,2047,2047,2047,2047,2047,2047,2047,2047,2047,2047,2047,2047,2047, 0.0016358999999999998, -0.03435389999999999, -1.1597849862886573, 
1712955601545454214, 320, 260, 22.233060836791992, 2047, 2047,2047,2047,2047,2047,2047,2047,788,788,787,2047,2047,2047,2047,2047,2047,2047,2047,2047,787,2047,2047,2047,2047,2047,2047,2047,2047,2047,2047,2047,2047,2047,2047,2047,2047,2047,2047,2047,2047,2047,2047,2047,2047,2047,2047,2047,2047,2047,2047,2047,2047,2047,2047,2047,2047,2047,2047,2047,2047,2047,2047,2047,2047,2047,2047,2047,2047,2047,2047,2047,2047,2047,2047,2047,2047,2047,2047,2047,2047,2047,2047,2047,2047,2047,2047,2047,2047,2047,2047,2047,2047,2047,2047,2047,2047,2047,2047,2047,2047, 0.0, -0.08555399999999999, -1.2235704945526045, 
1712955601578285738, 320, 260, 22.177165985107422, 2047, 2047,2047,2047,2047,2047,2047,2047,2047,2047,786,2047,2047,2047,2047,2047,2047,2047,2047,2047,787,2047,2047,2047,2047,2047,2047,2047,2047,2047,2047,2047,2047,2047,2047,2047,2047,2047,2047,2047,2047,2047,2047,2047,2047,2047,2047,2047,2047,2047,2047,2047,2047,2047,2047,2047,2047,2047,2047,2047,2047,2047,2047,2047,2047,2047,2047,2047,2047,2047,2047,2047,2047,2047,2047,2047,2047,2047,2047,2047,2047,2047,2047,2047,2047,2047,2047,2047,2047,2047,2047,2047,2047,2047,2047,2047,2047,2047,2047,2047,2047, 0.0, -0.08555399999999999, -1.2172793747098387, 
1712955601611502614, 320, 261, 22.07961654663086, 2047, 2047,2047,2047,2047,2047,2047,2047,2047,2047,2047,2047,2047,2047,2047,2047,2047,2047,2047,2047,2047,2047,2047,2047,2047,2047,2047,2047,2047,2047,2047,2047,2047,2047,2047,2047,2047,2047,2047,2047,2047,2047,2047,2047,2047,2047,2047,2047,2047,2047,2047,2047,2047,2047,2047,2047,2047,2047,2047,2047,2047,2047,2047,2047,2047,2047,2047,2047,2047,2047,2047,2047,2047,2047,2047,2047,2047,2047,2047,2047,2047,2047,2047,2047,2047,2047,2047,2047,2047,2047,2047,783,2047,2047,2047,2047,2047,2047,2047,2047,2047, 0.0, -0.0898317, -1.2101701307580437, 
1712955601646369488, 321, 260, 21.994640350341797, 2047, 2047,2047,2047,2047,2047,2047,2047,2047,787,787,2047,2047,2047,2047,2047,2047,2047,2047,2047,787,2047,2047,2047,2047,2047,2047,2047,2047,788,788,2047,2047,2047,2047,2047,2047,2047,2047,2047,788,2047,2047,2047,2047,2047,2047,2047,2047,2047,2047,2047,2047,2047,2047,2047,2047,2047,2047,2047,2047,2047,2047,2047,2047,2047,2047,2047,2047,2047,2047,2047,2047,2047,2047,2047,2047,2047,2047,2047,2047,2047,2047,2047,2047,2047,2047,2047,2047,2047,2047,2047,2047,2047,2047,2047,2047,2047,2047,2047,2047, 0.0042777, -0.08555399999999999, -1.169786335408106, 
1712955601677217841, 320, 261, 22.153457641601562, 2047, 2047,2047,2047,2047,2047,2047,2047,2047,2047,788,2047,2047,2047,2047,2047,2047,2047,2047,2047,789,2047,2047,2047,2047,2047,2047,2047,2047,2047,2047,2047,2047,2047,2047,2047,2047,2047,2047,2047,2047,2047,2047,2047,2047,2047,2047,2047,2047,2047,2047,2047,2047,2047,2047,2047,2047,2047,2047,2047,2047,2047,2047,2047,2047,2047,2047,2047,2047,2047,2047,2047,2047,780,2047,2047,2047,2047,2047,2047,2047,2047,2047,780,2047,2047,2047,2047,2047,2047,2047,783,782,781,781,780,782,782,2047,2047,779, 0.0, -0.0898317, -1.1985381185707509, 
1712955601711807038, 321, 261, 22.033432006835938, 2047, 2047,2047,2047,2047,2047,2047,2047,2047,2047,787,2047,2047,2047,2047,2047,2047,2047,2047,2047,2047,2047,2047,2047,2047,2047,2047,2047,2047,2047,2047,2047,2047,2047,2047,2047,2047,2047,2047,2047,2047,2047,2047,2047,2047,2047,2047,2047,2047,2047,2047,2047,2047,2047,2047,2047,2047,2047,2047,2047,2047,2047,2047,2047,2047,2047,2047,2047,2047,2047,2047,2047,2047,2047,2047,2047,2047,2047,2047,2047,2047,2047,2047,2047,2047,2047,2047,2047,2047,2047,2047,2047,2047,2047,2047,2047,2047,2047,2047,2047,2047, 0.0042777, -0.0898317, -1.1862450082113836, 
1712955601745577258, 320, 261, 22.17575454711914, 2047, 2047,2047,2047,2047,2047,2047,2047,2047,2047,2047,2047,2047,2047,2047,2047,2047,2047,2047,2047,2047,2047,2047,2047,2047,2047,2047,2047,2047,2047,2047,2047,2047,2047,2047,2047,2047,2047,2047,2047,2047,2047,2047,2047,2047,2047,2047,2047,2047,2047,2047,2047,2047,2047,2047,2047,2047,2047,2047,2047,2047,2047,2047,2047,2047,2047,2047,2047,2047,2047,2047,2047,2047,780,2047,780,781,781,2047,2047,2047,2047,781,780,780,780,781,781,2047,2047,2047,782,782,781,781,781,782,782,782,2047,782, 0.0, -0.0898317, -1.2034880314986602, 
1712955601777836414, 321, 261, 22.149568557739258, 2047, 2047,2047,2047,2047,2047,2047,2047,2047,787,786,2047,2047,2047,2047,2047,2047,2047,2047,787,787,2047,2047,2047,2047,2047,2047,2047,2047,2047,787,2047,2047,2047,2047,2047,2047,2047,2047,2047,2047,2047,2047,2047,2047,2047,2047,2047,2047,2047,2047,2047,2047,2047,2047,2047,2047,2047,2047,2047,2047,2047,2047,2047,2047,2047,2047,2047,2047,2047,2047,2047,2047,2047,2047,2047,2047,2047,2047,2047,2047,2047,2047,2047,2047,2047,2047,2047,2047,2047,2047,2047,2047,2047,2047,2047,2047,2047,2047,2047,785, 0.0042777, -0.0898317, -1.1845007026105148, 
1712955601811576801, 320, 261, 22.15269660949707, 2047, 2047,2047,2047,2047,2047,2047,2047,2047,2047,786,2047,2047,2047,2047,2047,2047,2047,2047,2047,786,2047,2047,2047,2047,2047,2047,2047,2047,2047,2047,2047,2047,2047,2047,2047,2047,2047,2047,2047,2047,2047,2047,2047,2047,2047,2047,2047,2047,2047,2047,2047,2047,2047,2047,2047,2047,2047,2047,2047,2047,2047,2047,2047,2047,2047,2047,2047,2047,2047,2047,2047,2047,2047,2047,2047,2047,2047,2047,2047,2047,2047,2047,2047,2047,2047,2047,2047,2047,2047,2047,784,784,2047,2047,2047,2047,2047,2047,2047,2047, 0.0, -0.0898317, -1.2031581998863858, 
1712955601845836892, 320, 261, 22.16350555419922, 2047, 2047,2047,2047,2047,2047,2047,2047,2047,2047,2047,2047,2047,2047,2047,2047,2047,2047,2047,2047,2047,2047,2047,2047,2047,2047,2047,2047,2047,2047,2047,2047,2047,2047,2047,2047,2047,2047,2047,2047,2047,2047,2047,2047,2047,2047,2047,2047,2047,2047,2047,2047,2047,2047,2047,2047,2047,2047,2047,2047,2047,2047,2047,2047,2047,2047,2047,2047,2047,2047,2047,2047,2047,2047,2047,2047,2047,2047,2047,2047,2047,2047,781,2047,2047,2047,2047,2047,2047,2047,2047,783,783,782,2047,2047,2047,2047,2047,2047,2047, 0.0, -0.0898317, -1.1975206506928384, 
1712955601879580074, 320, 261, 22.177032470703125, 2047, 2047,2047,2047,2047,2047,2047,2047,2047,2047,2047,2047,2047,2047,2047,2047,2047,2047,2047,2047,2047,2047,2047,2047,2047,2047,2047,2047,2047,2047,2047,2047,2047,2047,2047,2047,2047,2047,2047,2047,2047,2047,2047,2047,2047,2047,2047,2047,2047,2047,2047,2047,2047,2047,2047,2047,2047,2047,2047,2047,2047,2047,2047,2047,2047,2047,2047,2047,2047,2047,2047,2047,2047,2047,2047,2047,2047,2047,2047,2047,2047,2047,2047,2047,2047,2047,2047,2047,2047,2047,2047,783,783,2047,2047,2047,2047,2047,2047,2047,2047, 0.0, -0.0898317, -1.2207203813698926, 
1712955601911177652, 320, 260, 22.008529663085938, 2047, 2047,2047,2047,2047,2047,2047,2047,2047,2047,787,2047,2047,2047,2047,2047,2047,2047,2047,2047,2047,2047,2047,2047,2047,2047,2047,2047,2047,2047,2047,2047,2047,2047,2047,2047,2047,2047,2047,2047,2047,2047,2047,2047,2047,2047,2047,2047,2047,2047,2047,2047,2047,2047,2047,2047,2047,2047,2047,2047,2047,2047,2047,2047,2047,2047,2047,2047,2047,2047,2047,2047,2047,2047,2047,2047,2047,2047,2047,2047,2047,2047,2047,2047,2047,2047,2047,2047,2047,2047,2047,2047,2047,2047,2047,2047,2047,2047,2047,2047,2047, 0.0, -0.08555399999999999, -1.2178706065980958, 
1712955601946380461, 320, 260, 22.18848991394043, 2047, 2047,2047,2047,2047,2047,2047,2047,2047,2047,787,2047,2047,2047,2047,2047,2047,2047,2047,2047,786,2047,2047,2047,2047,2047,2047,2047,2047,2047,786,2047,2047,2047,2047,2047,2047,2047,2047,2047,2047,2047,2047,2047,2047,2047,2047,2047,2047,2047,2047,2047,2047,2047,2047,2047,2047,2047,2047,2047,2047,2047,2047,2047,2047,2047,2047,2047,2047,2047,2047,2047,2047,2047,2047,2047,2047,2047,2047,2047,2047,2047,781,781,781,781,782,2047,2047,2047,2047,783,781,780,781,781,782,2047,2047,2047,2047, 0.0, -0.08555399999999999, -1.2034063254673117, 
1712955601986242855, 321, 260, 21.71660614013672, 2047, 2047,2047,2047,2047,2047,2047,2047,2047,787,786,2047,2047,2047,2047,2047,2047,2047,2047,2047,786,2047,2047,2047,2047,2047,2047,2047,2047,2047,786,2047,2047,2047,2047,2047,2047,2047,2047,2047,2047,2047,2047,2047,2047,2047,2047,2047,2047,2047,2047,2047,2047,2047,2047,2047,2047,2047,2047,2047,2047,2047,2047,2047,2047,2047,2047,2047,2047,2047,2047,2047,2047,2047,2047,2047,2047,2047,2047,2047,2047,2047,2047,2047,2047,2047,2047,2047,2047,2047,2047,2047,2047,2047,2047,2047,2047,2047,2047,2047,2047, 0.0042777, -0.08555399999999999, -1.1576913234897588, 
1712955602012736715, 320, 261, 22.153457641601562, 2047, 2047,2047,2047,2047,2047,2047,2047,2047,2047,2047,2047,2047,2047,2047,2047,2047,2047,2047,2047,2047,2047,2047,2047,2047,2047,2047,2047,2047,2047,2047,2047,2047,2047,2047,2047,2047,2047,2047,2047,2047,2047,2047,2047,2047,2047,2047,2047,2047,2047,2047,2047,2047,2047,2047,2047,2047,2047,2047,2047,2047,2047,2047,2047,2047,2047,2047,2047,2047,2047,2047,2047,2047,2047,2047,2047,2047,2047,2047,2047,2047,2047,2047,2047,2047,2047,2047,2047,2047,2047,2047,783,783,2047,2047,2047,2047,2047,2047,2047,2047, 0.0, -0.0898317, -1.2162176691571596, 
1712955602045902559, 321, 261, 22.05617332458496, 2047, 2047,2047,2047,2047,2047,2047,2047,2047,2047,787,2047,2047,2047,2047,2047,2047,2047,2047,2047,786,2047,2047,2047,2047,2047,2047,2047,2047,2047,2047,2047,2047,2047,2047,2047,2047,2047,2047,2047,2047,2047,2047,2047,2047,2047,2047,2047,2047,2047,2047,2047,2047,2047,2047,2047,2047,2047,2047,2047,2047,2047,2047,2047,2047,2047,2047,2047,2047,2047,2047,2047,2047,2047,2047,2047,2047,2047,2047,2047,2047,2047,2047,2047,2047,2047,2047,2047,2047,2047,2047,782,2047,2047,2047,2047,2047,2047,2047,2047,2047, 0.0042777, -0.0898317, -1.1908728449290824, 
1712955602079106483, 321, 261, 21.98318862915039, 2047, 2047,2047,2047,2047,2047,2047,2047,2047,2047,787,2047,2047,2047,2047,2047,2047,2047,2047,2047,786,2047,2047,2047,2047,2047,2047,2047,2047,2047,787,2047,2047,2047,2047,2047,2047,2047,2047,2047,2047,2047,2047,2047,2047,2047,2047,2047,2047,2047,2047,2047,2047,2047,2047,2047,2047,2047,2047,2047,2047,2047,2047,2047,2047,2047,2047,2047,2047,2047,2047,2047,2047,2047,2047,2047,2047,2047,2047,2047,2047,2047,2047,2047,2047,2047,2047,2047,2047,2047,2047,2047,2047,2047,2047,2047,2047,2047,2047,2047,2047, 0.0042777, -0.0898317, -1.1739791017227252, 
1712955602111569408, 320, 261, 22.209941864013672, 2047, 2047,2047,2047,2047,2047,2047,2047,2047,2047,2047,2047,2047,2047,2047,2047,2047,2047,2047,2047,2047,2047,2047,2047,2047,2047,2047,2047,2047,2047,2047,2047,2047,2047,2047,2047,2047,2047,2047,2047,2047,2047,2047,2047,2047,2047,2047,2047,2047,2047,2047,2047,2047,2047,2047,2047,2047,2047,2047,2047,2047,2047,2047,2047,2047,2047,2047,2047,2047,2047,2047,2047,2047,2047,2047,2047,2047,2047,2047,2047,2047,2047,2047,2047,2047,2047,2047,2047,2047,2047,2047,783,2047,2047,2047,2047,2047,2047,2047,2047,2047, 0.0, -0.0898317, -1.2178233954352216, 
1712955602145460949, 320, 260, 22.111970901489258, 2047, 2047,2047,2047,2047,2047,2047,2047,2047,786,786,2047,2047,2047,2047,2047,2047,2047,2047,786,786,2047,2047,2047,2047,2047,2047,2047,2047,2047,786,2047,2047,2047,2047,2047,2047,2047,2047,2047,786,2047,2047,2047,2047,2047,2047,2047,2047,2047,2047,2047,2047,2047,2047,2047,2047,2047,2047,2047,2047,2047,2047,2047,2047,2047,2047,2047,2047,2047,2047,2047,2047,2047,2047,2047,2047,2047,2047,2047,2047,2047,2047,2047,2047,2047,2047,2047,2047,2047,2047,2047,2047,2047,2047,2047,2047,2047,2047,2047,2047, 0.0, -0.08555399999999999, -1.212540498558556, 
1712955602180200719, 321, 261, 22.06015968322754, 2047, 2047,2047,2047,2047,2047,2047,2047,2047,2047,787,2047,2047,2047,2047,2047,2047,2047,2047,2047,787,2047,2047,2047,2047,2047,2047,2047,2047,2047,787,2047,2047,2047,2047,2047,2047,2047,2047,2047,2047,2047,2047,2047,2047,2047,2047,2047,2047,2047,2047,2047,2047,2047,2047,2047,2047,2047,2047,2047,2047,2047,2047,2047,2047,2047,2047,2047,2047,2047,2047,2047,2047,2047,2047,2047,2047,2047,2047,2047,2047,2047,2047,2047,2047,2047,2047,2047,2047,2047,2047,782,781,2047,2047,2047,784,2047,2047,2047,2047, 0.0042777, -0.0898317, -1.1820693464074439, 
1712955602214820079, 320, 260, 21.97437286376953, 2047, 2047,2047,2047,2047,2047,2047,2047,2047,2047,2047,2047,2047,2047,2047,2047,2047,2047,2047,2047,2047,2047,2047,2047,2047,2047,2047,2047,2047,2047,2047,2047,2047,2047,2047,2047,2047,2047,2047,2047,2047,2047,2047,2047,2047,2047,2047,2047,2047,2047,2047,2047,2047,2047,2047,2047,2047,2047,2047,2047,2047,2047,2047,2047,2047,2047,2047,2047,2047,2047,2047,2047,2047,2047,2047,2047,2047,2047,2047,2047,2047,2047,2047,2047,2047,2047,2047,2047,2047,2047,2047,2047,2047,2047,2047,2047,2047,2047,2047,2047,2047, 0.0, -0.08555399999999999, -1.220981861292752, 
1712955602245894354, 321, 260, 21.646507263183594, 2047, 2047,2047,2047,2047,2047,2047,2047,789,788,787,2047,2047,2047,2047,2047,2047,2047,2047,788,787,2047,2047,2047,2047,2047,2047,2047,2047,788,788,2047,2047,2047,2047,2047,2047,2047,2047,2047,2047,2047,2047,2047,2047,2047,2047,2047,2047,2047,2047,2047,2047,2047,2047,2047,2047,2047,2047,2047,2047,2047,2047,2047,2047,2047,2047,2047,2047,2047,2047,2047,2047,2047,2047,2047,2047,2047,2047,2047,2047,2047,2047,2047,2047,2047,2047,2047,2047,2047,2047,2047,2047,2047,2047,2047,2047,2047,2047,2047,2047, 0.0042777, -0.08555399999999999, -1.157470103936555, 
1712955602279514197, 320, 260, 22.038536071777344, 2047, 2047,2047,2047,2047,2047,2047,2047,2047,2047,785,2047,2047,2047,2047,2047,2047,2047,2047,2047,2047,2047,2047,2047,2047,2047,2047,2047,2047,2047,2047,2047,2047,2047,2047,2047,2047,2047,2047,2047,2047,2047,2047,2047,2047,2047,2047,2047,2047,2047,2047,2047,2047,2047,2047,2047,2047,2047,2047,2047,2047,2047,2047,2047,2047,2047,2047,2047,2047,2047,2047,2047,2047,2047,2047,2047,2047,2047,2047,2047,2047,2047,2047,2047,2047,2047,2047,2047,2047,2047,2047,2047,2047,2047,2047,2047,2047,2047,2047,2047,2047, 0.0, -0.08555399999999999, -1.208139645675272, 
1712955602312816420, 321, 260, 22.018861770629883, 2047, 2047,2047,2047,2047,2047,2047,2047,785,785,786,2047,2047,2047,2047,2047,2047,2047,2047,785,786,2047,2047,2047,2047,2047,2047,2047,2047,2047,786,2047,2047,2047,2047,2047,2047,2047,2047,2047,787,2047,2047,2047,2047,2047,2047,2047,2047,2047,2047,2047,2047,2047,2047,2047,2047,2047,2047,2047,2047,2047,2047,2047,2047,2047,2047,2047,2047,2047,2047,2047,2047,2047,2047,2047,2047,2047,2047,2047,2047,2047,2047,2047,2047,2047,2047,2047,2047,2047,2047,2047,2047,2047,2047,2047,2047,2047,2047,2047,2047, 0.0042777, -0.08555399999999999, -1.1764524438212858, 
1712955602345760968, 321, 261, 22.068885803222656, 2047, 2047,2047,2047,2047,2047,2047,2047,2047,2047,787,2047,2047,2047,2047,2047,2047,2047,2047,2047,2047,2047,2047,2047,2047,2047,2047,2047,2047,2047,2047,2047,2047,2047,2047,2047,2047,2047,2047,2047,2047,2047,2047,2047,2047,2047,2047,2047,2047,2047,2047,2047,2047,2047,2047,2047,2047,2047,2047,2047,2047,2047,777,2047,2047,2047,2047,2047,2047,2047,2047,778,778,778,777,2047,2047,2047,2047,2047,2047,778,778,778,777,2047,2047,2047,2047,2047,2047,780,779,779,778,2047,2047,2047,2047,2047,2047, 0.0042777, -0.0898317, -1.1732934214685784, 
1712955602380039943, 321, 260, 21.8012638092041, 2047, 2047,2047,2047,2047,2047,2047,2047,2047,2047,786,2047,2047,2047,2047,2047,2047,2047,2047,787,787,2047,2047,2047,2047,2047,2047,2047,2047,2047,2047,2047,2047,2047,2047,2047,2047,2047,2047,2047,2047,2047,2047,2047,2047,2047,2047,2047,2047,2047,2047,2047,2047,2047,2047,2047,2047,2047,2047,2047,2047,2047,2047,2047,2047,2047,2047,2047,2047,2047,2047,2047,2047,2047,2047,2047,2047,2047,2047,2047,2047,2047,2047,2047,2047,2047,2047,2047,2047,2047,2047,2047,2047,2047,2047,2047,2047,2047,2047,2047,2047, 0.0042777, -0.08555399999999999, -1.1567589580249333, 
1712955602411386792, 320, 261, 22.167707443237305, 2047, 2047,2047,2047,2047,2047,2047,2047,2047,2047,2047,2047,2047,2047,2047,2047,2047,2047,2047,2047,2047,2047,2047,2047,2047,2047,2047,2047,2047,2047,2047,2047,2047,2047,2047,2047,2047,2047,2047,2047,2047,2047,2047,2047,2047,2047,2047,2047,2047,2047,2047,2047,2047,2047,2047,2047,2047,2047,2047,2047,2047,2047,2047,2047,2047,2047,2047,2047,2047,2047,2047,2047,2047,2047,2047,2047,2047,2047,2047,2047,2047,2047,2047,2047,2047,2047,2047,2047,2047,2047,2047,784,783,2047,2047,2047,2047,2047,2047,2047,2047, 0.0, -0.0898317, -1.2142520264548826, 
1712955602445703616, 321, 260, 22.23845672607422, 2047, 2047,2047,2047,2047,2047,2047,2047,2047,2047,786,2047,2047,2047,2047,2047,2047,2047,2047,2047,786,2047,2047,2047,2047,2047,2047,2047,2047,2047,786,2047,2047,2047,2047,2047,2047,2047,2047,2047,2047,2047,2047,2047,2047,2047,2047,2047,2047,2047,2047,2047,2047,2047,2047,2047,2047,2047,2047,2047,2047,2047,2047,2047,2047,2047,2047,2047,2047,2047,2047,2047,2047,2047,2047,2047,2047,2047,2047,2047,2047,2047,2047,2047,2047,2047,2047,2047,2047,2047,2047,2047,2047,2047,2047,2047,2047,2047,2047,2047,2047, 0.0042777, -0.08555399999999999, -1.182894773147382, 
1712955602480082257, 321, 261, 21.99043846130371, 2047, 2047,2047,2047,2047,2047,2047,2047,2047,2047,787,2047,2047,2047,2047,2047,2047,2047,2047,2047,787,2047,2047,2047,2047,2047,2047,2047,2047,2047,2047,2047,2047,2047,2047,2047,2047,2047,2047,2047,2047,2047,2047,2047,2047,2047,2047,2047,2047,2047,2047,2047,2047,2047,2047,2047,2047,2047,2047,2047,2047,2047,2047,2047,2047,2047,2047,2047,2047,2047,2047,2047,2047,2047,2047,2047,2047,2047,2047,2047,2047,2047,2047,2047,2047,2047,2047,2047,2047,2047,2047,2047,2047,2047,2047,2047,2047,2047,2047,2047,2047, 0.0042777, -0.0898317, -1.1838308369349095, 
1712955602511728655, 320, 261, 22.12877082824707, 2047, 2047,2047,2047,2047,2047,2047,2047,2047,2047,788,2047,2047,2047,2047,2047,2047,2047,2047,2047,788,2047,2047,2047,2047,2047,2047,2047,2047,2047,2047,2047,2047,2047,2047,2047,2047,2047,2047,2047,2047,2047,2047,2047,2047,2047,2047,2047,2047,2047,2047,2047,2047,2047,2047,2047,2047,2047,2047,2047,2047,2047,2047,2047,2047,2047,2047,2047,2047,2047,2047,2047,2047,2047,2047,2047,2047,2047,2047,2047,2047,2047,2047,2047,2047,2047,2047,2047,2047,2047,2047,2047,2047,2047,2047,2047,2047,2047,2047,2047,2047, 0.0, -0.0898317, -1.214949689234663, 
1712955602547000549, 320, 260, 22.06470489501953, 2047, 2047,2047,2047,2047,2047,2047,2047,2047,2047,788,2047,2047,2047,2047,2047,2047,2047,2047,2047,788,2047,2047,2047,2047,2047,2047,2047,2047,2047,788,2047,2047,2047,2047,2047,2047,2047,2047,2047,2047,2047,2047,2047,2047,2047,2047,2047,2047,2047,2047,2047,2047,2047,2047,2047,2047,2047,2047,2047,2047,2047,2047,2047,2047,2047,2047,2047,2047,2047,2047,2047,2047,2047,2047,2047,2047,2047,2047,2047,2047,2047,2047,2047,2047,2047,2047,2047,2047,2047,2047,2047,2047,780,2047,2047,2047,2047,2047,2047,2047, 0.0, -0.08555399999999999, -1.2118726718111203, 
1712955602580072511, 320, 261, 22.167707443237305, 2047, 2047,2047,2047,2047,2047,2047,2047,2047,2047,786,2047,2047,2047,2047,2047,2047,2047,2047,2047,2047,2047,2047,2047,2047,2047,2047,2047,2047,2047,2047,2047,2047,2047,2047,2047,2047,2047,2047,2047,2047,2047,2047,2047,2047,2047,2047,2047,2047,2047,2047,2047,2047,2047,2047,2047,2047,2047,2047,2047,2047,2047,2047,2047,2047,2047,2047,2047,2047,2047,2047,2047,2047,2047,2047,2047,2047,2047,2047,2047,2047,781,780,2047,2047,2047,2047,2047,2047,2047,2047,782,782,2047,2047,2047,2047,2047,2047,2047,2047, 0.0, -0.0898317, -1.2080900472814444, 
1712955602613256592, 320, 261, 21.941707611083984, 2047, 2047,2047,2047,2047,2047,2047,2047,2047,2047,788,2047,2047,2047,2047,2047,2047,2047,2047,2047,788,2047,2047,2047,2047,2047,2047,2047,2047,2047,2047,2047,2047,2047,2047,2047,2047,2047,2047,2047,2047,2047,2047,2047,2047,2047,2047,2047,2047,2047,2047,2047,2047,2047,2047,2047,2047,2047,2047,2047,2047,2047,2047,2047,2047,2047,2047,2047,2047,2047,2047,2047,2047,2047,2047,2047,2047,2047,2047,2047,2047,2047,2047,2047,2047,2047,2047,2047,2047,2047,2047,2047,2047,2047,2047,2047,2047,2047,2047,2047,2047, 0.0, -0.0898317, -1.2231183038895652, 
1712955602645580275, 321, 260, 21.841140747070312, 2047, 2047,2047,2047,2047,2047,2047,2047,2047,787,786,2047,2047,2047,2047,2047,2047,2047,787,787,787,2047,2047,2047,2047,2047,2047,2047,788,788,787,2047,2047,2047,2047,2047,2047,2047,2047,788,787,2047,2047,2047,2047,2047,2047,2047,2047,2047,2047,2047,2047,2047,2047,2047,2047,2047,2047,2047,2047,2047,2047,2047,2047,2047,2047,2047,2047,2047,2047,2047,2047,2047,2047,2047,2047,2047,2047,2047,2047,2047,2047,2047,2047,2047,2047,2047,2047,2047,2047,2047,2047,2047,2047,2047,2047,2047,2047,2047,2047, 0.0042777, -0.08555399999999999, -1.154998812736163, 
1712955602679852430, 320, 260, 22.233060836791992, 2047, 2047,2047,2047,2047,2047,2047,2047,2047,2047,787,2047,2047,2047,2047,2047,2047,2047,2047,2047,2047,2047,2047,2047,2047,2047,2047,2047,2047,2047,2047,2047,2047,2047,2047,2047,2047,2047,2047,2047,2047,2047,2047,2047,2047,2047,2047,2047,2047,2047,2047,2047,2047,2047,2047,2047,2047,2047,2047,2047,2047,2047,2047,2047,2047,2047,2047,2047,2047,2047,2047,2047,2047,2047,2047,2047,2047,2047,2047,2047,2047,2047,2047,2047,2047,2047,2047,2047,2047,2047,2047,2047,2047,2047,2047,2047,2047,2047,2047,2047,2047, 0.0, -0.08555399999999999, -1.2131341867018488, 
1712955602713434967, 321, 260, 21.973299026489258, 2047, 2047,2047,2047,2047,2047,2047,2047,2047,787,786,2047,2047,2047,2047,2047,2047,2047,2047,787,786,2047,2047,2047,2047,2047,2047,2047,2047,788,787,2047,2047,2047,2047,2047,2047,2047,2047,2047,787,2047,2047,2047,2047,2047,2047,2047,2047,2047,2047,2047,2047,2047,2047,2047,2047,2047,2047,2047,2047,2047,2047,2047,2047,2047,2047,2047,2047,2047,2047,2047,2047,2047,2047,2047,2047,2047,2047,2047,2047,2047,2047,2047,2047,2047,2047,2047,2047,2047,2047,2047,2047,2047,2047,2047,2047,2047,2047,2047,2047, 0.0042777, -0.08555399999999999, -1.1839730264560384, 
1712955602746052463, 320, 260, 22.007970809936523, 2047, 2047,2047,2047,2047,2047,2047,2047,2047,2047,786,2047,2047,2047,2047,2047,2047,2047,2047,2047,2047,2047,2047,2047,2047,2047,2047,2047,2047,2047,2047,2047,2047,2047,2047,2047,2047,2047,2047,2047,2047,2047,2047,2047,2047,2047,2047,2047,2047,2047,2047,2047,2047,2047,2047,2047,2047,2047,2047,2047,2047,2047,2047,2047,2047,2047,2047,2047,2047,2047,2047,2047,2047,2047,2047,2047,2047,2047,2047,2047,2047,2047,2047,2047,2047,2047,2047,2047,2047,2047,2047,2047,2047,2047,2047,2047,2047,2047,2047,2047,2047, 0.0, -0.08555399999999999, -1.2179282228488244, 
1712955602785047451, 320, 261, 22.15269660949707, 2047, 2047,2047,2047,2047,2047,2047,2047,2047,2047,786,2047,2047,2047,2047,2047,2047,2047,2047,2047,2047,2047,2047,2047,2047,2047,2047,2047,2047,2047,2047,2047,2047,2047,2047,2047,2047,2047,2047,2047,2047,2047,2047,2047,2047,2047,2047,2047,2047,2047,2047,2047,2047,2047,2047,2047,2047,2047,2047,2047,2047,2047,2047,2047,2047,2047,2047,2047,2047,2047,2047,2047,2047,2047,2047,2047,2047,2047,2047,2047,2047,2047,2047,2047,2047,2047,2047,2047,2047,2047,2047,2047,2047,2047,2047,2047,2047,2047,2047,2047,2047, 0.0, -0.0898317, -1.2252511294829211, 
1712955602813377671, 321, 261, 22.000452041625977, 2047, 2047,2047,2047,2047,2047,2047,2047,2047,787,787,2047,2047,2047,2047,2047,2047,2047,2047,787,787,2047,2047,2047,2047,2047,2047,2047,2047,2047,787,2047,2047,2047,2047,2047,2047,2047,2047,2047,2047,2047,2047,2047,2047,2047,2047,2047,2047,2047,2047,2047,2047,2047,2047,2047,2047,2047,2047,2047,2047,2047,2047,2047,2047,2047,2047,2047,2047,2047,2047,2047,2047,2047,2047,2047,2047,2047,2047,2047,2047,2047,2047,2047,2047,2047,2047,2047,2047,2047,2047,2047,2047,2047,2047,2047,2047,2047,2047,2047,2047, 0.0042777, -0.0898317, -1.173135996841832, 
1712955602844969883, 320, 260, 22.26240348815918, 2047, 2047,2047,2047,2047,2047,2047,2047,2047,2047,2047,2047,2047,2047,2047,2047,2047,2047,2047,2047,2047,2047,2047,2047,2047,2047,2047,2047,2047,2047,2047,2047,2047,2047,2047,2047,2047,2047,2047,2047,2047,2047,2047,2047,2047,2047,2047,2047,2047,2047,2047,2047,2047,2047,2047,2047,2047,2047,2047,2047,2047,2047,2047,2047,2047,2047,2047,2047,2047,2047,2047,2047,2047,2047,2047,2047,2047,2047,2047,2047,2047,2047,2047,780,2047,2047,2047,2047,2047,2047,2047,2047,781,780,2047,2047,2047,2047,2047,2047,2047, 0.0, -0.08555399999999999, -1.2257444812683687, 
1712955602878868161, 320, 261, 22.22815704345703, 2047, 2047,2047,2047,2047,2047,2047,2047,2047,2047,787,2047,2047,2047,2047,2047,2047,2047,2047,2047,786,2047,2047,2047,2047,2047,2047,2047,2047,2047,2047,2047,2047,2047,2047,2047,2047,2047,2047,2047,2047,2047,2047,2047,2047,2047,2047,2047,2047,2047,2047,2047,2047,2047,2047,2047,2047,2047,2047,2047,2047,2047,2047,2047,2047,2047,2047,2047,2047,2047,2047,2047,2047,2047,2047,2047,2047,2047,2047,2047,2047,2047,2047,2047,2047,2047,2047,2047,2047,2047,2047,783,2047,2047,2047,2047,2047,2047,2047,2047,2047, 0.0, -0.0898317, -1.2151332509963195, 
1712955602913916841, 321, 261, 22.205646514892578, 2047, 2047,2047,2047,2047,2047,2047,2047,2047,2047,786,2047,2047,2047,2047,2047,2047,2047,2047,2047,2047,2047,2047,2047,2047,2047,2047,2047,2047,2047,2047,2047,2047,2047,2047,2047,2047,2047,2047,2047,2047,2047,2047,2047,2047,2047,2047,2047,2047,2047,2047,2047,2047,2047,2047,2047,2047,2047,2047,2047,2047,2047,2047,2047,2047,2047,2047,2047,2047,2047,2047,2047,2047,2047,2047,2047,2047,2047,2047,2047,2047,2047,2047,2047,2047,2047,2047,2047,2047,2047,2047,783,2047,2047,2047,2047,2047,2047,2047,2047,2047, 0.0042777, -0.0898317, -1.1704028559537605, 
1712955602945074287, 320, 261, 22.10373878479004, 2047, 2047,2047,2047,2047,2047,2047,2047,2047,2047,2047,2047,2047,2047,2047,2047,2047,2047,2047,2047,2047,2047,2047,2047,2047,2047,2047,2047,2047,2047,2047,2047,2047,2047,2047,2047,2047,2047,2047,2047,2047,2047,2047,2047,2047,2047,2047,2047,2047,2047,2047,2047,2047,2047,2047,2047,2047,2047,2047,2047,2047,2047,2047,2047,2047,2047,2047,2047,2047,2047,2047,2047,2047,2047,2047,2047,2047,2047,2047,2047,2047,2047,2047,2047,2047,2047,2047,2047,2047,2047,2047,2047,2047,2047,2047,2047,2047,2047,2047,2047,2047, 0.0, -0.0898317, -1.2132312266161642, 
1712955602984859131, 320, 261, 22.256668090820312, 2047, 2047,2047,2047,2047,2047,2047,2047,2047,2047,2047,2047,2047,2047,2047,2047,2047,2047,2047,2047,2047,2047,2047,2047,2047,2047,2047,2047,2047,2047,2047,2047,2047,2047,2047,2047,2047,2047,2047,2047,2047,2047,2047,2047,2047,2047,2047,2047,2047,2047,2047,2047,2047,2047,2047,2047,2047,2047,2047,2047,2047,2047,2047,2047,2047,2047,2047,2047,2047,2047,2047,2047,2047,781,781,2047,2047,2047,2047,2047,2047,2047,781,781,781,781,2047,2047,2047,2047,2047,783,782,781,782,781,2047,2047,2047,2047,2047, 0.0, -0.0898317, -1.2077657232042092, 
1712955603022584356, 321, 261, 22.394168853759766, 2047, 2047,2047,2047,2047,2047,2047,2047,2047,2047,786,2047,2047,2047,2047,2047,2047,2047,2047,2047,2047,2047,2047,2047,2047,2047,2047,2047,2047,2047,2047,2047,2047,2047,2047,2047,2047,2047,2047,2047,2047,2047,2047,2047,2047,2047,2047,2047,2047,2047,2047,2047,2047,2047,2047,2047,2047,2047,2047,2047,2047,2047,2047,2047,2047,2047,2047,2047,2047,2047,2047,2047,2047,2047,2047,2047,2047,2047,2047,2047,2047,2047,2047,2047,2047,2047,2047,2047,2047,2047,2047,2047,2047,2047,2047,2047,2047,2047,2047,2047,2047, 0.0042777, -0.0898317, -1.182398410535427, 
1712955603051608573, 320, 261, 22.167707443237305, 2047, 2047,2047,2047,2047,2047,2047,2047,2047,786,786,2047,2047,2047,2047,2047,2047,2047,2047,2047,786,2047,2047,2047,2047,2047,2047,2047,2047,2047,2047,2047,2047,2047,2047,2047,2047,2047,2047,2047,2047,2047,2047,2047,2047,2047,2047,2047,2047,2047,2047,2047,2047,2047,2047,2047,2047,2047,2047,2047,2047,2047,2047,2047,2047,2047,2047,2047,2047,2047,2047,2047,2047,2047,2047,2047,2047,2047,2047,2047,2047,2047,2047,2047,2047,2047,2047,2047,2047,2047,2047,783,783,2047,2047,2047,2047,2047,2047,2047,2047, 0.0, -0.0898317, -1.2127615043890014, 
1712955603084221385, 321, 261, 22.0621395111084, 2047, 2047,2047,2047,2047,2047,2047,2047,2047,2047,787,2047,2047,2047,2047,2047,2047,2047,2047,2047,787,2047,2047,2047,2047,2047,2047,2047,2047,2047,2047,2047,2047,2047,2047,2047,2047,2047,2047,2047,2047,2047,2047,2047,2047,2047,2047,2047,2047,2047,2047,2047,2047,2047,2047,2047,2047,2047,2047,2047,2047,2047,2047,2047,2047,2047,2047,2047,2047,2047,2047,2047,2047,780,780,781,2047,2047,2047,2047,2047,2047,780,780,780,782,782,2047,2047,2047,2047,782,781,781,781,783,783,2047,2047,2047,2047, 0.0042777, -0.0898317, -1.1716712292730245, 
1712955603114000719, 321, 260, 22.07928466796875, 2047, 2047,2047,2047,2047,2047,2047,2047,2047,787,787,2047,2047,2047,2047,2047,2047,2047,2047,787,787,2047,2047,2047,2047,2047,2047,2047,2047,787,787,2047,2047,2047,2047,2047,2047,2047,2047,2047,786,2047,2047,2047,2047,2047,2047,2047,2047,2047,2047,2047,2047,2047,2047,2047,2047,2047,2047,2047,2047,2047,2047,2047,2047,2047,2047,2047,2047,2047,2047,2047,2047,2047,2047,2047,2047,2047,2047,2047,2047,2047,2047,2047,2047,2047,2047,2047,2047,2047,2047,2047,2047,2047,2047,2047,2047,2047,2047,2047,2047, 0.0042777, -0.08555399999999999, -1.1836977878263888, 
1712955603154493903, 321, 261, 21.989164352416992, 2047, 2047,2047,2047,2047,2047,2047,2047,2047,786,786,2047,2047,2047,2047,2047,2047,2047,2047,2047,2047,2047,2047,2047,2047,2047,2047,2047,2047,2047,788,2047,2047,2047,2047,2047,2047,2047,2047,2047,2047,2047,2047,2047,2047,2047,2047,2047,2047,2047,2047,2047,2047,2047,2047,2047,2047,2047,2047,2047,2047,2047,2047,2047,2047,2047,2047,2047,2047,2047,2047,781,781,2047,2047,2047,2047,2047,2047,2047,2047,781,781,2047,2047,2047,2047,2047,2047,2047,2047,783,2047,2047,2047,2047,2047,2047,2047,2047,2047, 0.0042777, -0.0898317, -1.176353739476426, 
1712955603182673795, 320, 260, 21.974464416503906, 2047, 2047,2047,2047,2047,2047,2047,2047,2047,787,787,2047,2047,2047,2047,2047,2047,2047,2047,2047,787,2047,2047,2047,2047,2047,2047,2047,2047,2047,787,2047,2047,2047,2047,2047,2047,2047,2047,2047,2047,2047,2047,2047,2047,2047,2047,2047,2047,2047,2047,2047,2047,2047,2047,2047,2047,2047,2047,2047,2047,2047,2047,2047,2047,2047,2047,2047,2047,2047,2047,2047,2047,2047,2047,2047,2047,2047,2047,2047,2047,2047,2047,2047,2047,2047,2047,2047,2047,2047,2047,2047,2047,2047,2047,2047,2047,2047,2047,2047,2047, 0.0, -0.08555399999999999, -1.211769274903427, 
1712955603213492380, 320, 260, 22.219585418701172, 2047, 2047,2047,2047,2047,2047,2047,2047,2047,2047,787,2047,2047,2047,2047,2047,2047,2047,2047,2047,2047,2047,2047,2047,2047,2047,2047,2047,2047,2047,2047,2047,2047,2047,2047,2047,2047,2047,2047,2047,2047,2047,2047,2047,2047,2047,2047,2047,2047,2047,2047,2047,2047,2047,2047,2047,2047,2047,2047,2047,2047,2047,2047,2047,2047,2047,2047,2047,2047,2047,2047,2047,2047,2047,2047,2047,2047,2047,2047,2047,2047,2047,2047,2047,2047,2047,2047,2047,2047,2047,2047,2047,2047,2047,2047,2047,2047,2047,2047,2047,2047, 0.0, -0.08555399999999999, -1.2176077338429137, 
1712955603247429505, 321, 260, 21.845151901245117, 2047, 2047,2047,2047,2047,2047,2047,2047,2047,786,786,2047,2047,2047,2047,2047,2047,2047,2047,2047,786,2047,2047,2047,2047,2047,2047,2047,2047,2047,2047,2047,2047,2047,2047,2047,2047,2047,2047,2047,2047,2047,2047,2047,2047,2047,2047,2047,2047,2047,2047,2047,2047,2047,2047,2047,2047,2047,2047,2047,2047,2047,2047,2047,2047,2047,2047,2047,2047,2047,2047,2047,2047,2047,2047,2047,2047,2047,2047,2047,2047,2047,2047,2047,2047,2047,2047,2047,2047,2047,2047,2047,2047,2047,2047,2047,2047,2047,2047,2047,2047, 0.0042777, -0.08555399999999999, -1.1781547253363616, 
1712955603279158101, 320, 261, 22.167707443237305, 2047, 2047,2047,2047,2047,2047,2047,2047,2047,2047,787,2047,2047,2047,2047,2047,2047,2047,2047,2047,786,2047,2047,2047,2047,2047,2047,2047,2047,2047,2047,2047,2047,2047,2047,2047,2047,2047,2047,2047,2047,2047,2047,2047,2047,2047,2047,2047,2047,2047,2047,2047,2047,2047,2047,2047,2047,2047,2047,2047,2047,2047,2047,2047,2047,2047,2047,2047,2047,2047,2047,2047,2047,2047,2047,2047,2047,2047,2047,2047,2047,2047,2047,2047,2047,2047,2047,2047,2047,2047,2047,2047,2047,2047,2047,2047,2047,2047,2047,2047,2047, 0.0, -0.0898317, -1.2121735558276892, 
1712955603312824697, 320, 260, 22.061674118041992, 2047, 2047,2047,2047,2047,2047,2047,2047,2047,2047,786,2047,2047,2047,2047,2047,2047,2047,2047,2047,786,2047,2047,2047,2047,2047,2047,2047,2047,2047,2047,2047,2047,2047,2047,2047,2047,2047,2047,2047,2047,2047,2047,2047,2047,2047,2047,2047,2047,2047,2047,2047,2047,2047,2047,2047,2047,2047,2047,2047,2047,2047,2047,2047,2047,2047,2047,2047,2047,2047,2047,2047,2047,2047,2047,2047,2047,2047,2047,2047,2047,2047,2047,2047,2047,2047,2047,2047,2047,2047,2047,2047,2047,2047,2047,2047,2047,2047,2047,2047,2047, 0.0, -0.08555399999999999, -1.1998773077357783, 
1712955603347091766, 321, 261, 22.18636131286621, 2047, 2047,2047,2047,2047,2047,2047,2047,786,787,786,2047,2047,2047,2047,2047,2047,2047,2047,787,787,2047,2047,2047,2047,2047,2047,2047,2047,787,787,2047,2047,2047,2047,2047,2047,2047,2047,2047,787,2047,2047,2047,2047,2047,2047,2047,2047,2047,2047,2047,2047,2047,2047,2047,2047,2047,2047,2047,2047,2047,2047,2047,2047,2047,2047,2047,2047,2047,2047,2047,2047,2047,2047,2047,2047,2047,2047,2047,2047,2047,2047,2047,2047,2047,2047,2047,2047,2047,2047,783,2047,2047,2047,2047,2047,2047,2047,2047,783, 0.0042777, -0.0898317, -1.1719924737389744, 
1712955603379207334, 321, 260, 22.040918350219727, 2047, 2047,2047,2047,2047,2047,2047,789,789,788,788,2047,2047,2047,2047,2047,2047,2047,2047,788,788,2047,2047,2047,2047,2047,2047,2047,2047,788,788,2047,2047,2047,2047,2047,2047,2047,2047,2047,789,2047,2047,2047,2047,2047,2047,2047,2047,2047,2047,2047,2047,2047,2047,2047,2047,2047,2047,2047,2047,2047,2047,2047,2047,2047,2047,2047,2047,2047,2047,2047,2047,2047,2047,2047,2047,2047,2047,2047,2047,2047,2047,2047,2047,2047,2047,2047,2047,2047,2047,2047,2047,2047,2047,2047,2047,2047,2047,2047,2047, 0.0042777, -0.08555399999999999, -1.1764310381563714, 
1712955603412875279, 321, 260, 21.853797912597656, 2047, 2047,2047,2047,2047,2047,2047,2047,2047,788,787,2047,2047,2047,2047,2047,2047,2047,2047,786,788,2047,2047,2047,2047,2047,2047,2047,2047,788,788,2047,2047,2047,2047,2047,2047,2047,2047,788,788,2047,2047,2047,2047,2047,2047,2047,2047,2047,788,2047,2047,2047,2047,2047,2047,2047,2047,2047,2047,2047,2047,2047,2047,2047,2047,2047,2047,2047,2047,2047,2047,2047,2047,2047,2047,2047,2047,2047,2047,2047,2047,2047,2047,2047,2047,2047,2047,2047,2047,782,2047,2047,2047,2047,2047,2047,2047,2047,2047, 0.0042777, -0.08555399999999999, -1.1585078645615166, 
1712955603446779485, 320, 260, 22.219013214111328, 2047, 2047,2047,2047,2047,2047,2047,2047,2047,2047,787,2047,2047,2047,2047,2047,2047,2047,2047,2047,787,2047,2047,2047,2047,2047,2047,2047,2047,2047,2047,2047,2047,2047,2047,2047,2047,2047,2047,2047,2047,2047,2047,2047,2047,2047,2047,2047,2047,2047,2047,2047,2047,2047,2047,2047,2047,2047,2047,2047,2047,2047,2047,2047,2047,2047,2047,2047,2047,2047,2047,2047,2047,2047,2047,2047,2047,2047,2047,2047,2047,2047,2047,2047,2047,2047,2047,2047,2047,2047,2047,2047,2047,2047,2047,2047,2047,2047,2047,2047,2047, 0.0, -0.08555399999999999, -1.2290651590637858, 
1712955603479078490, 320, 261, 22.07961654663086, 2047, 2047,2047,2047,2047,2047,2047,2047,2047,2047,2047,2047,2047,2047,2047,2047,2047,2047,2047,2047,2047,2047,2047,2047,2047,2047,2047,2047,2047,2047,2047,2047,2047,2047,2047,2047,2047,2047,2047,2047,2047,2047,2047,2047,2047,2047,2047,2047,2047,2047,2047,2047,2047,2047,2047,2047,2047,2047,2047,2047,2047,2047,2047,2047,2047,2047,2047,2047,2047,2047,2047,2047,2047,2047,2047,2047,2047,2047,2047,2047,2047,2047,2047,2047,2047,2047,2047,2047,2047,2047,2047,2047,2047,2047,2047,2047,2047,2047,2047,2047,2047, 0.0, -0.0898317, -1.2030734464201442, 
1712955603513049389, 321, 260, 21.64303970336914, 2047, 2047,2047,2047,2047,2047,2047,2047,2047,2047,787,2047,2047,2047,2047,2047,2047,2047,2047,2047,2047,2047,2047,2047,2047,2047,2047,2047,2047,2047,2047,2047,2047,2047,2047,2047,2047,2047,2047,2047,2047,2047,2047,2047,2047,2047,2047,2047,2047,2047,2047,2047,2047,2047,2047,2047,2047,2047,2047,2047,2047,2047,2047,2047,2047,2047,2047,2047,2047,2047,2047,2047,2047,2047,2047,2047,2047,2047,2047,2047,2047,2047,2047,2047,2047,2047,2047,2047,2047,2047,2047,781,2047,2047,2047,2047,2047,2047,2047,2047,2047, 0.0042777, -0.08555399999999999, -1.1575154096105778, 
1712955603546760155, 321, 260, 22.228673934936523, 2047, 2047,2047,2047,2047,2047,2047,2047,2047,787,786,2047,2047,2047,2047,2047,2047,2047,2047,2047,787,2047,2047,2047,2047,2047,2047,2047,2047,2047,2047,2047,2047,2047,2047,2047,2047,2047,2047,2047,2047,2047,2047,2047,2047,2047,2047,2047,2047,2047,2047,2047,2047,2047,2047,2047,2047,2047,2047,2047,2047,2047,2047,2047,2047,2047,2047,2047,2047,2047,2047,2047,2047,2047,2047,2047,2047,2047,2047,2047,2047,2047,2047,2047,2047,2047,2047,2047,2047,2047,2047,2047,2047,2047,2047,2047,2047,2047,2047,2047,2047, 0.0042777, -0.08555399999999999, -1.1741860918132088, 
1712955603578926496, 320, 261, 22.245798110961914, 2047, 2047,2047,2047,2047,2047,2047,2047,2047,2047,787,2047,2047,2047,2047,2047,2047,2047,2047,2047,2047,2047,2047,2047,2047,2047,2047,2047,2047,2047,2047,2047,2047,2047,2047,2047,2047,2047,2047,2047,2047,2047,2047,2047,2047,2047,2047,2047,2047,2047,2047,2047,2047,2047,2047,2047,2047,2047,2047,2047,2047,2047,2047,2047,2047,2047,2047,2047,2047,2047,2047,2047,2047,2047,2047,2047,2047,2047,2047,2047,2047,2047,2047,2047,2047,2047,2047,2047,2047,2047,2047,2047,2047,2047,2047,2047,2047,2047,2047,2047,2047, 0.0, -0.0898317, -1.2112417564514797, 
1712955603612849081, 321, 260, 21.814105987548828, 2047, 2047,2047,2047,2047,2047,2047,2047,786,787,786,2047,2047,2047,2047,2047,2047,2047,2047,2047,787,2047,2047,2047,2047,2047,2047,2047,2047,2047,787,2047,2047,2047,2047,2047,2047,2047,2047,2047,2047,2047,2047,2047,2047,2047,2047,2047,2047,2047,2047,2047,2047,2047,2047,2047,2047,2047,2047,2047,2047,2047,2047,2047,2047,2047,2047,2047,2047,2047,2047,782,781,2047,2047,2047,2047,2047,2047,2047,2047,782,781,781,781,781,2047,2047,2047,2047,2047,781,781,780,780,781,2047,2047,2047,2047,2047, 0.0042777, -0.08555399999999999, -1.1549022484722287, 
1712955603646841686, 321, 261, 22.068885803222656, 2047, 2047,2047,2047,2047,2047,2047,2047,786,786,786,2047,2047,2047,2047,2047,2047,2047,2047,787,786,2047,2047,2047,2047,2047,2047,2047,2047,787,787,2047,2047,2047,2047,2047,2047,2047,2047,2047,787,2047,2047,2047,2047,2047,2047,2047,2047,2047,2047,2047,2047,2047,2047,2047,2047,2047,2047,2047,2047,2047,2047,2047,2047,2047,2047,2047,2047,2047,2047,2047,2047,2047,2047,2047,2047,2047,2047,2047,2047,2047,2047,2047,2047,2047,2047,2047,2047,2047,2047,784,783,783,2047,2047,2047,2047,2047,2047,2047, 0.0042777, -0.0898317, -1.1754524489221951, 
1712955603679280612, 321, 261, 22.20249366760254, 2047, 2047,2047,2047,2047,2047,2047,2047,2047,786,786,2047,2047,2047,2047,2047,2047,2047,2047,2047,786,2047,2047,2047,2047,2047,2047,2047,2047,2047,2047,2047,2047,2047,2047,2047,2047,2047,2047,2047,2047,2047,2047,2047,2047,2047,2047,2047,2047,2047,2047,2047,2047,2047,2047,2047,2047,2047,2047,2047,2047,2047,2047,2047,2047,2047,2047,2047,2047,2047,2047,2047,2047,2047,2047,2047,2047,2047,2047,2047,2047,2047,2047,2047,2047,2047,2047,2047,2047,2047,2047,2047,2047,2047,2047,2047,2047,2047,2047,2047,2047, 0.0042777, -0.0898317, -1.1752846940174173, 
1712955603712925297, 320, 261, 22.153457641601562, 2047, 2047,2047,2047,2047,2047,2047,2047,2047,2047,2047,2047,2047,2047,2047,2047,2047,2047,2047,2047,2047,2047,2047,2047,2047,2047,2047,2047,2047,2047,2047,2047,2047,2047,2047,2047,2047,2047,2047,2047,2047,2047,2047,2047,2047,2047,2047,2047,2047,2047,2047,2047,2047,2047,2047,2047,2047,2047,2047,2047,2047,2047,2047,2047,2047,2047,2047,2047,2047,2047,2047,2047,2047,2047,2047,2047,2047,2047,2047,2047,2047,2047,2047,2047,2047,2047,2047,2047,2047,2047,2047,783,783,2047,2047,2047,2047,2047,2047,2047,2047, 0.0, -0.0898317, -1.195512495510425, 
1712955603747000402, 320, 260, 22.08382225036621, 2047, 2047,2047,2047,2047,2047,2047,2047,2047,2047,2047,2047,2047,2047,2047,2047,2047,2047,2047,2047,2047,2047,2047,2047,2047,2047,2047,2047,2047,2047,2047,2047,2047,2047,2047,2047,2047,2047,2047,2047,2047,2047,2047,2047,2047,2047,2047,2047,2047,2047,2047,2047,2047,2047,2047,2047,2047,2047,2047,2047,2047,2047,2047,2047,2047,2047,2047,2047,2047,2047,2047,2047,2047,2047,2047,2047,2047,2047,2047,2047,2047,2047,2047,2047,2047,2047,2047,2047,2047,2047,2047,2047,2047,2047,2047,2047,2047,2047,2047,2047,2047, 0.0, -0.08555399999999999, -1.223451840925121, 
1712955603779367297, 320, 261, 22.116239547729492, 2047, 2047,2047,2047,2047,2047,2047,2047,2047,2047,788,2047,2047,2047,2047,2047,2047,2047,2047,2047,788,2047,2047,2047,2047,2047,2047,2047,2047,2047,2047,2047,2047,2047,2047,2047,2047,2047,2047,2047,2047,2047,2047,2047,2047,2047,2047,2047,2047,2047,2047,2047,2047,2047,2047,2047,2047,2047,2047,2047,2047,2047,2047,2047,2047,2047,2047,2047,2047,2047,2047,2047,2047,2047,2047,2047,2047,2047,2047,2047,2047,2047,2047,2047,2047,2047,2047,2047,2047,2047,2047,784,2047,2047,2047,2047,2047,2047,2047,2047,2047, 0.0, -0.0898317, -1.2076213657536665, 
1712955603813183838, 321, 260, 21.910160064697266, 2047, 2047,2047,2047,2047,2047,2047,2047,788,787,787,2047,2047,2047,2047,2047,2047,2047,788,788,788,2047,2047,2047,2047,2047,2047,2047,2047,788,788,2047,2047,2047,2047,2047,2047,2047,2047,788,788,2047,2047,2047,2047,2047,2047,2047,2047,2047,2047,2047,2047,2047,2047,2047,2047,2047,2047,2047,2047,2047,2047,2047,2047,2047,2047,2047,2047,2047,2047,2047,2047,2047,2047,2047,2047,2047,2047,2047,2047,2047,2047,2047,2047,2047,2047,2047,2047,2047,2047,2047,2047,2047,2047,2047,2047,2047,2047,2047,2047, 0.0042777, -0.08555399999999999, -1.1623219875564539, 
1712955603846940460, 321, 260, 22.23845672607422, 2047, 2047,2047,2047,2047,2047,789,789,789,788,787,2047,2047,2047,2047,2047,2047,790,789,788,787,2047,2047,2047,2047,2047,2047,790,789,788,787,2047,2047,2047,2047,2047,2047,2047,2047,2047,2047,2047,2047,2047,2047,2047,2047,2047,2047,2047,2047,2047,2047,2047,2047,2047,2047,2047,2047,2047,2047,2047,2047,2047,2047,2047,2047,2047,2047,2047,2047,2047,2047,2047,2047,2047,2047,2047,2047,2047,2047,2047,2047,2047,2047,2047,2047,2047,2047,2047,2047,2047,2047,2047,2047,2047,2047,2047,2047,2047,2047, 0.0042777, -0.08555399999999999, -1.169448271677385, 
1712955603880818743, 321, 260, 21.842920303344727, 2047, 2047,2047,2047,2047,2047,2047,2047,2047,788,787,2047,2047,2047,2047,2047,2047,2047,2047,2047,787,2047,2047,2047,2047,2047,2047,2047,2047,2047,787,2047,2047,2047,2047,2047,2047,2047,2047,2047,2047,2047,2047,2047,2047,2047,2047,2047,2047,2047,2047,2047,2047,2047,2047,2047,2047,2047,2047,2047,2047,2047,2047,2047,2047,2047,2047,2047,2047,2047,2047,2047,2047,2047,2047,2047,2047,2047,2047,2047,2047,2047,2047,2047,2047,2047,2047,2047,2047,2047,2047,2047,2047,2047,2047,2047,2047,2047,2047,2047,2047, 0.0042777, -0.08555399999999999, -1.1600612306117846, 
1712955603914111774, 321, 260, 21.885845184326172, 2047, 2047,2047,2047,2047,2047,789,789,789,788,787,2047,2047,2047,2047,2047,2047,2047,789,789,788,2047,2047,2047,2047,2047,2047,2047,790,789,788,2047,2047,2047,2047,2047,2047,2047,2047,2047,2047,2047,2047,2047,2047,2047,2047,2047,2047,2047,2047,2047,2047,2047,2047,2047,2047,2047,2047,2047,2047,2047,2047,2047,2047,2047,2047,2047,2047,2047,2047,2047,2047,2047,2047,2047,2047,2047,2047,2047,2047,2047,2047,2047,2047,2047,2047,2047,2047,2047,2047,2047,2047,2047,2047,2047,2047,2047,2047,2047,2047, 0.0042777, -0.08555399999999999, -1.155888420811608, 
1712955603947151850, 320, 260, 22.192440032958984, 2047, 2047,2047,2047,2047,2047,2047,2047,2047,787,786,2047,2047,2047,2047,2047,2047,2047,2047,2047,786,2047,2047,2047,2047,2047,2047,2047,2047,2047,787,2047,2047,2047,2047,2047,2047,2047,2047,2047,2047,2047,2047,2047,2047,2047,2047,2047,2047,2047,2047,2047,2047,2047,2047,2047,2047,2047,2047,2047,2047,2047,2047,2047,2047,2047,2047,2047,2047,2047,2047,2047,2047,2047,2047,2047,2047,2047,2047,2047,2047,2047,782,781,2047,2047,2047,2047,2047,2047,2047,783,782,781,2047,2047,2047,2047,2047,2047,2047, 0.0, -0.08555399999999999, -1.2155273842806866, 
1712955603982771063, 320, 261, 22.12877082824707, 2047, 2047,2047,2047,2047,2047,2047,2047,2047,2047,2047,2047,2047,2047,2047,2047,2047,2047,2047,2047,2047,2047,2047,2047,2047,2047,2047,2047,2047,2047,2047,2047,2047,2047,2047,2047,2047,2047,2047,2047,2047,2047,2047,2047,2047,2047,2047,2047,2047,2047,2047,2047,2047,2047,2047,2047,2047,2047,2047,2047,2047,2047,2047,2047,2047,2047,2047,2047,2047,2047,2047,2047,2047,2047,2047,2047,2047,2047,2047,2047,777,2047,2047,2047,2047,2047,2047,2047,2047,2047,2047,783,2047,2047,2047,2047,2047,2047,2047,2047,2047, 0.0, -0.0898317, -1.2073486634345434, 
1712955604012939355, 320, 260, 22.000736236572266, 2047, 2047,2047,2047,2047,2047,2047,2047,2047,2047,787,2047,2047,2047,2047,2047,2047,2047,2047,2047,2047,2047,2047,2047,2047,2047,2047,2047,2047,2047,2047,2047,2047,2047,2047,2047,2047,2047,2047,2047,2047,2047,2047,2047,2047,2047,2047,2047,2047,2047,2047,2047,2047,2047,2047,2047,2047,2047,2047,2047,2047,2047,2047,2047,2047,2047,2047,2047,2047,2047,2047,2047,2047,2047,2047,2047,2047,2047,2047,2047,2047,2047,2047,2047,2047,2047,2047,2047,2047,2047,2047,2047,2047,2047,2047,2047,2047,2047,2047,2047,2047, 0.0, -0.08555399999999999, -1.231158260299142, 
1712955604049120947, 321, 260, 22.129226684570312, 2047, 2047,2047,2047,2047,2047,2047,2047,788,788,787,2047,2047,2047,2047,2047,2047,2047,788,788,787,2047,2047,2047,2047,2047,2047,2047,2047,787,787,2047,2047,2047,2047,2047,2047,2047,2047,2047,787,2047,2047,2047,2047,2047,2047,2047,2047,2047,2047,2047,2047,2047,2047,2047,2047,2047,2047,2047,2047,2047,2047,2047,2047,2047,2047,2047,2047,2047,2047,2047,2047,2047,2047,2047,2047,2047,2047,2047,2047,2047,2047,2047,2047,2047,2047,2047,2047,2047,2047,2047,2047,2047,2047,2047,2047,2047,2047,2047,2047, 0.0042777, -0.08555399999999999, -1.1792228074892488, 
1712955604080918336, 321, 260, 21.99602508544922, 2047, 2047,2047,2047,2047,2047,2047,2047,788,787,787,2047,2047,2047,2047,2047,2047,2047,2047,788,787,2047,2047,2047,2047,2047,2047,2047,2047,2047,787,2047,2047,2047,2047,2047,2047,2047,2047,2047,2047,2047,2047,2047,2047,2047,2047,2047,2047,2047,2047,2047,2047,2047,2047,2047,2047,2047,2047,2047,2047,2047,2047,2047,2047,2047,2047,2047,2047,2047,2047,2047,2047,2047,2047,2047,2047,2047,2047,2047,2047,2047,2047,2047,2047,2047,2047,2047,2047,2047,2047,2047,2047,2047,2047,2047,2047,2047,2047,2047,2047, 0.0042777, -0.08555399999999999, -1.1917382004543848, 
1712955604113245567, 320, 261, 22.167707443237305, 2047, 2047,2047,2047,2047,2047,2047,2047,2047,2047,787,2047,2047,2047,2047,2047,2047,2047,2047,2047,2047,2047,2047,2047,2047,2047,2047,2047,2047,2047,2047,2047,2047,2047,2047,2047,2047,2047,2047,2047,2047,2047,2047,2047,2047,2047,2047,2047,2047,2047,2047,2047,2047,2047,2047,2047,2047,2047,2047,2047,2047,2047,2047,2047,2047,2047,2047,2047,2047,2047,2047,2047,2047,2047,2047,2047,2047,2047,2047,2047,2047,2047,2047,2047,2047,2047,2047,2047,2047,2047,2047,784,783,2047,2047,2047,2047,2047,2047,2047,2047, 0.0, -0.0898317, -1.2176310668448636, 
1712955604146928539, 320, 261, 22.13813591003418, 2047, 2047,2047,2047,2047,2047,2047,2047,2047,2047,788,2047,2047,2047,2047,2047,2047,2047,2047,2047,2047,2047,2047,2047,2047,2047,2047,2047,2047,2047,2047,2047,2047,2047,2047,2047,2047,2047,2047,2047,2047,2047,2047,2047,2047,2047,2047,2047,2047,2047,2047,2047,2047,2047,2047,2047,2047,2047,2047,2047,2047,2047,2047,2047,2047,2047,2047,2047,2047,2047,2047,2047,2047,2047,2047,2047,2047,2047,2047,2047,2047,782,781,780,2047,2047,2047,2047,2047,2047,2047,782,782,781,2047,2047,2047,2047,2047,2047,782, 0.0, -0.0898317, -1.2116015896053547, 
1712955604180869247, 320, 260, 22.03126335144043, 2047, 2047,2047,2047,2047,2047,2047,2047,2047,2047,788,2047,2047,2047,2047,2047,2047,2047,2047,2047,788,2047,2047,2047,2047,2047,2047,2047,2047,2047,2047,2047,2047,2047,2047,2047,2047,2047,2047,2047,2047,2047,2047,2047,2047,2047,2047,2047,2047,2047,2047,2047,2047,2047,2047,2047,2047,2047,2047,2047,2047,2047,2047,2047,2047,2047,2047,2047,2047,2047,2047,2047,2047,2047,2047,2047,2047,2047,2047,2047,2047,2047,2047,2047,2047,2047,2047,2047,2047,2047,2047,2047,2047,2047,2047,2047,2047,2047,2047,2047,2047, 0.0, -0.08555399999999999, -1.224723636981502, 
1712955604212875060, 321, 260, 21.95830726623535, 2047, 2047,2047,2047,2047,2047,2047,2047,2047,788,787,2047,2047,2047,2047,2047,2047,2047,2047,788,788,2047,2047,2047,2047,2047,2047,2047,2047,788,788,2047,2047,2047,2047,2047,2047,2047,2047,2047,2047,2047,2047,2047,2047,2047,2047,2047,2047,2047,2047,2047,2047,2047,2047,2047,2047,2047,2047,2047,2047,2047,2047,2047,2047,2047,2047,2047,2047,2047,2047,2047,780,780,2047,2047,2047,2047,2047,2047,2047,2047,780,780,780,781,2047,2047,2047,2047,2047,781,780,780,780,780,2047,2047,2047,2047,2047, 0.0042777, -0.08555399999999999, -1.18467802876752, 
1712955604246970463, 320, 260, 22.03126335144043, 2047, 2047,2047,2047,2047,2047,2047,2047,2047,2047,788,2047,2047,2047,2047,2047,2047,2047,2047,2047,2047,2047,2047,2047,2047,2047,2047,2047,2047,2047,2047,2047,2047,2047,2047,2047,2047,2047,2047,2047,2047,2047,2047,2047,2047,2047,2047,2047,2047,2047,2047,2047,2047,2047,2047,2047,2047,2047,2047,2047,2047,2047,2047,2047,2047,2047,2047,2047,2047,2047,2047,2047,2047,2047,2047,2047,2047,2047,2047,2047,2047,2047,2047,2047,2047,2047,2047,2047,2047,2047,2047,2047,2047,2047,2047,2047,2047,2047,2047,2047,2047, 0.0, -0.08555399999999999, -1.2195815821263658, 
1712955604280891600, 321, 260, 22.00528907775879, 2047, 2047,2047,2047,2047,2047,2047,789,788,787,787,2047,2047,2047,2047,2047,2047,789,788,786,787,2047,2047,2047,2047,2047,2047,788,788,787,787,2047,2047,2047,2047,2047,2047,2047,2047,2047,787,2047,2047,2047,2047,2047,2047,2047,2047,2047,2047,2047,2047,2047,2047,2047,2047,2047,2047,2047,2047,2047,2047,2047,2047,2047,2047,2047,2047,2047,2047,2047,2047,2047,2047,2047,2047,2047,2047,2047,2047,2047,2047,2047,2047,2047,2047,2047,2047,2047,2047,2047,2047,2047,2047,2047,2047,2047,2047,2047,2047, 0.0042777, -0.08555399999999999, -1.1871309417353304, 
1712955604313165968, 321, 261, 21.913890838623047, 2047, 2047,2047,2047,2047,2047,2047,2047,789,788,788,2047,2047,2047,2047,2047,2047,2047,789,789,788,2047,2047,2047,2047,2047,2047,2047,2047,2047,2047,2047,2047,2047,2047,2047,2047,2047,2047,2047,2047,2047,2047,2047,2047,2047,2047,2047,2047,2047,2047,2047,2047,2047,2047,2047,2047,2047,2047,2047,2047,2047,2047,2047,2047,2047,2047,2047,2047,2047,2047,2047,2047,2047,2047,2047,2047,2047,2047,2047,2047,781,2047,2047,2047,2047,2047,2047,2047,2047,2047,782,781,2047,2047,2047,2047,2047,2047,2047,2047, 0.0042777, -0.0898317, -1.1616881387499483, 
1712955604346990736, 321, 260, 21.898828506469727, 2047, 2047,2047,2047,2047,2047,2047,2047,2047,787,787,2047,2047,2047,2047,2047,2047,2047,2047,2047,787,2047,2047,2047,2047,2047,2047,2047,2047,2047,2047,2047,2047,2047,2047,2047,2047,2047,2047,2047,2047,2047,2047,2047,2047,2047,2047,2047,2047,2047,2047,2047,2047,2047,2047,2047,2047,2047,2047,2047,2047,2047,2047,2047,2047,2047,2047,2047,2047,2047,2047,2047,2047,2047,2047,2047,2047,2047,2047,2047,2047,2047,2047,2047,2047,2047,2047,2047,2047,2047,2047,2047,2047,2047,2047,2047,2047,2047,2047,2047,2047, 0.0042777, -0.08555399999999999, -1.1664718432493548, 
1712955604380953102, 320, 261, 22.13813591003418, 2047, 2047,2047,2047,2047,2047,2047,2047,2047,789,788,2047,2047,2047,2047,2047,2047,2047,2047,2047,789,2047,2047,2047,2047,2047,2047,2047,2047,2047,2047,2047,2047,2047,2047,2047,2047,2047,2047,2047,2047,2047,2047,2047,2047,2047,2047,2047,2047,2047,2047,2047,2047,2047,2047,2047,2047,2047,2047,2047,2047,2047,2047,2047,2047,2047,2047,2047,2047,2047,2047,2047,780,779,2047,2047,2047,2047,2047,2047,2047,781,780,779,2047,2047,2047,2047,2047,2047,2047,783,783,783,2047,2047,2047,2047,2047,2047,2047, 0.0, -0.0898317, -1.2203006174593056, 
1712955604412884829, 320, 260, 22.26240348815918, 2047, 2047,2047,2047,2047,2047,2047,2047,2047,2047,786,2047,2047,2047,2047,2047,2047,2047,2047,2047,787,2047,2047,2047,2047,2047,2047,2047,2047,2047,787,2047,2047,2047,2047,2047,2047,2047,2047,2047,2047,2047,2047,2047,2047,2047,2047,2047,2047,2047,2047,2047,2047,2047,2047,2047,2047,2047,2047,2047,2047,2047,2047,2047,2047,2047,2047,2047,2047,2047,2047,2047,2047,2047,2047,2047,2047,2047,2047,2047,2047,2047,2047,2047,2047,2047,2047,2047,2047,2047,2047,2047,2047,2047,2047,2047,2047,2047,2047,2047,2047, 0.0, -0.08555399999999999, -1.2117533321642604, 
1712955604446897320, 320, 260, 22.219013214111328, 2047, 2047,2047,2047,2047,2047,2047,2047,2047,788,788,2047,2047,2047,2047,2047,2047,2047,2047,2047,788,2047,2047,2047,2047,2047,2047,2047,2047,2047,2047,2047,2047,2047,2047,2047,2047,2047,2047,2047,2047,2047,2047,2047,2047,2047,2047,2047,2047,2047,2047,2047,2047,2047,2047,2047,2047,2047,2047,2047,2047,2047,2047,2047,2047,2047,2047,2047,2047,2047,2047,2047,2047,2047,2047,2047,2047,2047,2047,2047,2047,2047,2047,2047,2047,2047,2047,2047,2047,2047,2047,2047,2047,2047,2047,2047,2047,2047,2047,2047,2047, 0.0, -0.08555399999999999, -1.2062527148612827, 
1712955604481144641, 321, 260, 22.028852462768555, 2047, 2047,2047,2047,2047,2047,2047,2047,2047,787,787,2047,2047,2047,2047,2047,2047,2047,2047,788,788,2047,2047,2047,2047,2047,2047,2047,2047,788,788,2047,2047,2047,2047,2047,2047,2047,2047,2047,2047,2047,2047,2047,2047,2047,2047,2047,2047,2047,2047,2047,2047,2047,2047,2047,2047,2047,2047,2047,2047,2047,2047,2047,2047,2047,2047,2047,2047,2047,2047,2047,2047,2047,2047,2047,2047,2047,2047,2047,2047,2047,2047,2047,2047,2047,2047,2047,2047,2047,2047,2047,2047,2047,2047,2047,2047,2047,2047,2047,2047, 0.0042777, -0.08555399999999999, -1.177678837031598, 
1712955604515995598, 321, 260, 21.95459747314453, 2047, 2047,2047,2047,2047,2047,2047,2047,2047,787,786,2047,2047,2047,2047,2047,2047,2047,2047,2047,786,2047,2047,2047,2047,2047,2047,2047,2047,2047,786,2047,2047,2047,2047,2047,2047,2047,2047,2047,2047,2047,2047,2047,2047,2047,2047,2047,2047,2047,2047,2047,2047,2047,2047,2047,2047,2047,2047,2047,2047,2047,2047,2047,2047,2047,2047,2047,2047,2047,2047,2047,2047,2047,2047,2047,2047,2047,2047,2047,2047,2047,2047,2047,2047,2047,2047,2047,2047,2047,2047,2047,2047,2047,2047,2047,2047,2047,2047,2047,2047, 0.0042777, -0.08555399999999999, -1.1822402132767762, 
1712955604546843489, 321, 260, 21.78573989868164, 2047, 2047,2047,2047,2047,2047,2047,2047,2047,787,786,2047,2047,2047,2047,2047,2047,2047,2047,2047,787,2047,2047,2047,2047,2047,2047,2047,2047,2047,787,2047,2047,2047,2047,2047,2047,2047,2047,2047,2047,2047,2047,2047,2047,2047,2047,2047,2047,2047,2047,2047,2047,2047,2047,2047,2047,2047,2047,2047,2047,2047,2047,2047,2047,2047,2047,2047,2047,2047,2047,2047,2047,2047,2047,2047,2047,2047,2047,2047,2047,2047,2047,2047,2047,2047,2047,2047,2047,2047,2047,2047,2047,2047,2047,2047,2047,2047,2047,2047,2047, 0.0042777, -0.08555399999999999, -1.1754475183527378, 
1712955604581128609, 321, 261, 22.25286865234375, 2047, 2047,2047,2047,2047,2047,2047,2047,2047,788,787,2047,2047,2047,2047,2047,2047,2047,2047,2047,787,2047,2047,2047,2047,2047,2047,2047,2047,2047,2047,2047,2047,2047,2047,2047,2047,2047,2047,2047,2047,2047,2047,2047,2047,2047,2047,2047,2047,2047,2047,2047,2047,2047,2047,2047,2047,2047,2047,2047,2047,2047,2047,2047,2047,2047,2047,2047,2047,2047,2047,2047,2047,2047,2047,2047,2047,2047,2047,2047,2047,2047,2047,2047,2047,2047,2047,2047,2047,2047,2047,783,2047,2047,2047,2047,2047,2047,2047,2047,2047, 0.0042777, -0.0898317, -1.165932553795079, 
1712955604615891841, 320, 261, 22.12877082824707, 2047, 2047,2047,2047,2047,2047,2047,2047,2047,2047,786,2047,2047,2047,2047,2047,2047,2047,2047,2047,786,2047,2047,2047,2047,2047,2047,2047,2047,2047,786,2047,2047,2047,2047,2047,2047,2047,2047,2047,2047,2047,2047,2047,2047,2047,2047,2047,2047,2047,2047,2047,2047,2047,2047,2047,2047,2047,2047,2047,2047,2047,2047,2047,2047,2047,2047,2047,2047,2047,2047,2047,2047,2047,2047,2047,2047,2047,2047,2047,2047,2047,2047,2047,2047,2047,2047,2047,2047,2047,2047,783,2047,2047,2047,2047,2047,2047,2047,2047,2047, 0.0, -0.0898317, -1.2098268213060013, 
1712955604646967944, 320, 260, 22.18848991394043, 2047, 2047,2047,2047,2047,2047,2047,2047,2047,2047,787,2047,2047,2047,2047,2047,2047,2047,2047,2047,787,2047,2047,2047,2047,2047,2047,2047,2047,2047,2047,2047,2047,2047,2047,2047,2047,2047,2047,2047,2047,2047,2047,2047,2047,2047,2047,2047,2047,2047,2047,2047,2047,2047,2047,2047,2047,2047,2047,2047,2047,2047,2047,2047,2047,2047,2047,2047,2047,2047,2047,2047,2047,2047,2047,2047,2047,2047,2047,2047,2047,2047,2047,781,2047,780,781,2047,2047,2047,2047,782,782,781,781,780,782,2047,2047,2047,2047, 0.0, -0.08555399999999999, -1.2114798221177592, 
1712955604681087658, 320, 260, 22.29781723022461, 2047, 2047,2047,2047,2047,2047,2047,2047,2047,788,787,2047,2047,2047,2047,2047,2047,2047,2047,789,788,2047,2047,2047,2047,2047,2047,2047,2047,2047,788,2047,2047,2047,2047,2047,2047,2047,2047,2047,788,2047,2047,2047,2047,2047,2047,2047,2047,2047,2047,2047,2047,2047,2047,2047,2047,2047,2047,2047,2047,2047,2047,2047,2047,2047,2047,2047,2047,2047,2047,2047,2047,2047,2047,2047,2047,2047,2047,2047,2047,2047,2047,2047,2047,2047,2047,2047,2047,2047,2047,781,780,780,2047,2047,2047,2047,2047,2047,2047, 0.0, -0.08555399999999999, -1.2154460181975415, 
1712955604716313664, 320, 260, 22.14025115966797, 2047, 2047,2047,2047,2047,2047,2047,2047,2047,2047,787,2047,2047,2047,2047,2047,2047,2047,2047,2047,2047,2047,2047,2047,2047,2047,2047,2047,2047,2047,2047,2047,2047,2047,2047,2047,2047,2047,2047,2047,2047,2047,2047,2047,2047,2047,2047,2047,2047,2047,2047,2047,2047,2047,2047,2047,2047,2047,2047,2047,2047,2047,2047,2047,2047,2047,2047,2047,2047,2047,2047,2047,2047,2047,2047,2047,2047,2047,2047,2047,2047,2047,2047,2047,2047,2047,2047,2047,2047,2047,2047,2047,2047,2047,2047,2047,2047,2047,2047,2047,2047, 0.0, -0.08555399999999999, -1.222760831768509, 
1712955604746969954, 320, 261, 22.287317276000977, 2047, 2047,2047,2047,2047,2047,2047,2047,2047,2047,787,2047,2047,2047,2047,2047,2047,2047,2047,2047,2047,2047,2047,2047,2047,2047,2047,2047,2047,2047,2047,2047,2047,2047,2047,2047,2047,2047,2047,2047,2047,2047,2047,2047,2047,2047,2047,2047,2047,2047,2047,2047,2047,2047,2047,2047,2047,2047,2047,2047,2047,2047,2047,2047,2047,2047,2047,2047,2047,2047,2047,2047,2047,2047,2047,2047,2047,2047,2047,2047,2047,2047,2047,2047,2047,2047,2047,2047,2047,2047,2047,783,781,2047,2047,2047,2047,2047,2047,2047,2047, 0.0, -0.0898317, -1.2060016516544994, 
1712955604781910951, 321, 261, 21.99918556213379, 2047, 2047,2047,2047,2047,2047,2047,2047,786,786,787,2047,2047,2047,2047,2047,2047,2047,2047,786,787,2047,2047,2047,2047,2047,2047,2047,2047,2047,2047,2047,2047,2047,2047,2047,2047,2047,2047,2047,2047,2047,2047,2047,2047,2047,2047,2047,2047,2047,2047,2047,2047,2047,2047,2047,2047,2047,2047,2047,2047,2047,2047,2047,2047,2047,2047,2047,2047,2047,2047,2047,2047,2047,2047,2047,2047,2047,2047,2047,2047,2047,2047,2047,2047,2047,2047,2047,2047,2047,2047,2047,2047,2047,2047,2047,2047,2047,2047,2047,2047, 0.0042777, -0.0898317, -1.1799696655776497, 
1712955604816554327, 321, 261, 22.26738739013672, 2047, 2047,2047,2047,2047,2047,2047,2047,2047,2047,787,2047,2047,2047,2047,2047,2047,2047,2047,2047,788,2047,2047,2047,2047,2047,2047,2047,2047,2047,2047,2047,2047,2047,2047,2047,2047,2047,2047,2047,2047,2047,2047,2047,2047,2047,2047,2047,2047,2047,2047,2047,2047,2047,2047,2047,2047,2047,2047,2047,2047,2047,2047,2047,2047,2047,2047,2047,2047,2047,2047,2047,2047,2047,2047,2047,2047,2047,2047,2047,2047,2047,2047,2047,2047,2047,2047,2047,2047,2047,2047,2047,2047,2047,2047,2047,2047,2047,2047,2047,2047, 0.0042777, -0.0898317, -1.1729569687105965, 
1712955604847169987, 321, 261, 22.379514694213867, 2047, 2047,2047,2047,2047,2047,2047,789,789,788,787,2047,2047,2047,2047,2047,2047,789,789,788,788,2047,2047,2047,2047,2047,2047,2047,788,788,787,2047,2047,2047,2047,2047,2047,2047,2047,788,787,2047,2047,2047,2047,2047,2047,2047,2047,2047,787,2047,2047,2047,2047,2047,2047,2047,2047,2047,2047,2047,2047,2047,2047,2047,2047,2047,2047,2047,2047,2047,2047,2047,2047,2047,2047,2047,2047,2047,2047,781,2047,2047,2047,2047,2047,2047,2047,2047,2047,783,2047,2047,2047,2047,2047,2047,2047,2047,2047, 0.0042777, -0.0898317, -1.1880058471738308, 
1712955604881957649, 321, 261, 22.160526275634766, 2047, 2047,2047,2047,2047,2047,2047,2047,2047,786,786,2047,2047,2047,2047,2047,2047,2047,2047,2047,786,2047,2047,2047,2047,2047,2047,2047,2047,2047,786,2047,2047,2047,2047,2047,2047,2047,2047,2047,2047,2047,2047,2047,2047,2047,2047,2047,2047,2047,2047,2047,2047,2047,2047,2047,2047,2047,2047,2047,2047,2047,2047,2047,2047,2047,2047,2047,2047,2047,2047,2047,2047,2047,2047,2047,2047,2047,2047,2047,2047,2047,2047,2047,2047,2047,2047,2047,2047,2047,2047,2047,2047,2047,2047,2047,2047,2047,2047,2047,2047, 0.0042777, -0.0898317, -1.168077872455925, 
1712955604917132058, 320, 261, 22.112083435058594, 2047, 2047,2047,2047,2047,2047,2047,2047,2047,788,788,2047,2047,2047,2047,2047,2047,2047,2047,2047,788,2047,2047,2047,2047,2047,2047,2047,2047,2047,2047,2047,2047,2047,2047,2047,2047,2047,2047,2047,2047,2047,2047,2047,2047,2047,2047,2047,2047,2047,2047,2047,2047,2047,2047,2047,2047,2047,2047,2047,2047,2047,2047,2047,2047,2047,2047,2047,2047,2047,2047,2047,2047,2047,2047,2047,2047,2047,2047,2047,2047,2047,2047,2047,2047,2047,2047,2047,2047,2047,2047,784,2047,2047,2047,2047,2047,2047,2047,2047,2047, 0.0, -0.0898317, -1.2031668067908197, 
1712955604958667598, 321, 261, 22.01461410522461, 2047, 2047,2047,2047,2047,2047,2047,789,789,788,788,2047,2047,2047,2047,2047,2047,2047,789,788,788,2047,2047,2047,2047,2047,2047,2047,2047,2047,788,2047,2047,2047,2047,2047,2047,2047,2047,2047,2047,2047,2047,2047,2047,2047,2047,2047,2047,2047,2047,2047,2047,2047,2047,2047,2047,2047,2047,2047,2047,2047,2047,2047,2047,2047,2047,2047,2047,2047,2047,2047,2047,2047,2047,2047,2047,2047,2047,2047,2047,2047,2047,2047,2047,2047,2047,2047,2047,2047,2047,2047,2047,2047,2047,2047,2047,2047,2047,2047,2047, 0.0042777, -0.0898317, -1.1642903386377685, 
1712955604987887986, 320, 261, 22.10373878479004, 2047, 2047,2047,2047,2047,2047,2047,2047,2047,2047,787,2047,2047,2047,2047,2047,2047,2047,2047,2047,2047,2047,2047,2047,2047,2047,2047,2047,2047,2047,2047,2047,2047,2047,2047,2047,2047,2047,2047,2047,2047,2047,2047,2047,2047,2047,2047,2047,2047,2047,2047,2047,2047,2047,2047,2047,2047,2047,2047,2047,2047,2047,2047,2047,2047,2047,2047,2047,2047,2047,2047,2047,2047,2047,2047,2047,2047,2047,2047,2047,2047,2047,2047,2047,2047,2047,2047,2047,2047,2047,2047,783,2047,2047,2047,2047,2047,2047,2047,2047,2047, 0.0, -0.0898317, -1.223231794574969, 
1712955605016660714, 321, 260, 21.78573989868164, 2047, 2047,2047,2047,2047,2047,2047,2047,2047,787,786,2047,2047,2047,2047,2047,2047,2047,2047,787,787,2047,2047,2047,2047,2047,2047,2047,2047,2047,786,2047,2047,2047,2047,2047,2047,2047,2047,2047,786,2047,2047,2047,2047,2047,2047,2047,2047,2047,2047,2047,2047,2047,2047,2047,2047,2047,2047,2047,2047,2047,2047,2047,2047,2047,2047,2047,2047,2047,2047,2047,2047,2047,2047,2047,2047,2047,2047,2047,2047,2047,2047,2047,2047,2047,2047,2047,2047,2047,2047,2047,2047,2047,2047,2047,2047,2047,2047,2047,2047, 0.0042777, -0.08555399999999999, -1.1496534195031256, 
1712955605051044410, 320, 261, 22.16350555419922, 2047, 2047,2047,2047,2047,2047,2047,2047,790,790,789,2047,2047,2047,2047,2047,2047,2047,790,790,789,2047,2047,2047,2047,2047,2047,2047,2047,791,789,2047,2047,2047,2047,2047,2047,2047,2047,2047,790,2047,2047,2047,2047,2047,2047,2047,2047,2047,2047,2047,2047,2047,2047,2047,2047,2047,2047,2047,2047,2047,2047,2047,2047,2047,2047,2047,2047,2047,2047,2047,2047,2047,2047,2047,2047,2047,2047,2047,2047,2047,2047,2047,2047,2047,2047,2047,2047,2047,2047,784,2047,2047,2047,2047,2047,2047,2047,2047,2047, 0.0, -0.0898317, -1.2111317245501887, 
1712955605082538081, 320, 260, 22.06470489501953, 2047, 2047,2047,2047,2047,2047,2047,2047,2047,789,788,2047,2047,2047,2047,2047,2047,2047,2047,2047,788,2047,2047,2047,2047,2047,2047,2047,2047,2047,789,2047,2047,2047,2047,2047,2047,2047,2047,2047,2047,2047,2047,2047,2047,2047,2047,2047,2047,2047,2047,2047,2047,2047,2047,2047,2047,2047,2047,2047,2047,2047,2047,2047,2047,2047,2047,2047,2047,2047,2047,2047,2047,2047,2047,2047,2047,2047,2047,2047,2047,2047,2047,2047,2047,2047,2047,2047,2047,2047,2047,2047,2047,2047,2047,2047,2047,2047,2047,2047,2047, 0.0, -0.08555399999999999, -1.2136296854733688, 
1712955605116152229, 321, 261, 22.3912353515625, 2047, 2047,2047,2047,2047,2047,2047,2047,2047,2047,787,2047,2047,2047,2047,2047,2047,2047,2047,2047,787,2047,2047,2047,2047,2047,2047,2047,2047,2047,2047,2047,2047,2047,2047,2047,2047,2047,2047,2047,2047,2047,2047,2047,2047,2047,2047,2047,2047,2047,2047,2047,2047,2047,2047,2047,2047,2047,2047,2047,2047,2047,2047,2047,2047,2047,2047,2047,2047,2047,2047,2047,2047,2047,2047,2047,2047,2047,2047,2047,2047,2047,2047,2047,2047,2047,2047,2047,2047,2047,2047,783,2047,2047,2047,2047,2047,2047,2047,2047,2047, 0.0042777, -0.0898317, -1.1813897838456144, 
1712955605150229726, 321, 260, 21.672048568725586, 2047, 2047,2047,2047,2047,2047,789,789,788,788,787,2047,2047,2047,2047,2047,2047,2047,788,788,788,2047,2047,2047,2047,2047,2047,2047,789,788,788,2047,2047,2047,2047,2047,2047,2047,2047,789,788,2047,2047,2047,2047,2047,2047,2047,2047,2047,2047,2047,2047,2047,2047,2047,2047,2047,2047,2047,2047,2047,2047,2047,2047,2047,2047,2047,2047,2047,2047,2047,2047,2047,2047,2047,2047,2047,2047,2047,2047,2047,778,2047,2047,2047,2047,2047,2047,2047,2047,779,778,2047,2047,2047,2047,2047,2047,2047,2047, 0.0042777, -0.08555399999999999, -1.1737370803599079, 
1712955605181133241, 321, 260, 21.93294906616211, 2047, 2047,2047,2047,2047,2047,2047,2047,2047,787,787,2047,2047,2047,2047,2047,2047,2047,2047,788,788,2047,2047,2047,2047,2047,2047,2047,2047,2047,788,2047,2047,2047,2047,2047,2047,2047,2047,2047,2047,2047,2047,2047,2047,2047,2047,2047,2047,2047,2047,2047,2047,2047,2047,2047,2047,2047,2047,2047,2047,2047,2047,2047,2047,2047,2047,2047,2047,2047,2047,2047,2047,2047,2047,2047,2047,2047,2047,2047,2047,2047,2047,2047,2047,2047,2047,2047,2047,2047,2047,2047,2047,2047,2047,2047,2047,2047,2047,2047,2047, 0.0042777, -0.08555399999999999, -1.1607433431017244, 
1712955605215111215, 321, 260, 22.097816467285156, 2047, 2047,2047,2047,2047,2047,2047,2047,788,787,787,2047,2047,2047,2047,2047,2047,2047,2047,788,787,2047,2047,2047,2047,2047,2047,2047,2047,2047,787,2047,2047,2047,2047,2047,2047,2047,2047,2047,786,2047,2047,2047,2047,2047,2047,2047,2047,2047,2047,2047,2047,2047,2047,2047,2047,2047,2047,2047,2047,2047,2047,2047,2047,2047,2047,2047,2047,2047,2047,2047,2047,2047,2047,2047,2047,2047,2047,2047,2047,2047,2047,2047,2047,2047,2047,2047,2047,2047,2047,2047,2047,2047,2047,2047,2047,2047,2047,2047,2047, 0.0042777, -0.08555399999999999, -1.1731277123636787, 
1712955605249573995, 320, 261, 22.245798110961914, 2047, 2047,2047,2047,2047,2047,2047,2047,2047,2047,2047,2047,2047,2047,2047,2047,2047,2047,2047,2047,2047,2047,2047,2047,2047,2047,2047,2047,2047,2047,2047,2047,2047,2047,2047,2047,2047,2047,2047,2047,2047,2047,2047,2047,2047,2047,2047,2047,2047,2047,2047,2047,2047,2047,2047,2047,2047,2047,2047,2047,2047,2047,2047,2047,2047,2047,2047,2047,2047,2047,2047,2047,2047,2047,2047,2047,2047,2047,2047,2047,2047,2047,2047,2047,2047,2047,2047,2047,2047,2047,2047,784,2047,2047,2047,2047,2047,2047,2047,2047,2047, 0.0, -0.0898317, -1.2112947345366178, 
1712955605281011095, 321, 261, 22.03106689453125, 2047, 2047,2047,2047,2047,2047,2047,2047,2047,787,786,2047,2047,2047,2047,2047,2047,2047,2047,2047,786,2047,2047,2047,2047,2047,2047,2047,2047,2047,2047,2047,2047,2047,2047,2047,2047,2047,2047,2047,2047,2047,2047,2047,2047,2047,2047,2047,2047,2047,2047,2047,2047,2047,2047,2047,2047,2047,2047,2047,2047,2047,2047,2047,2047,2047,2047,2047,2047,2047,2047,2047,2047,2047,2047,2047,2047,2047,2047,2047,2047,781,779,2047,2047,2047,2047,2047,2047,2047,2047,783,781,2047,2047,2047,2047,2047,2047,2047,2047, 0.0042777, -0.0898317, -1.1790502929833022, 
1712955605315856126, 320, 261, 22.153457641601562, 2047, 2047,2047,2047,2047,2047,2047,2047,2047,2047,2047,2047,2047,2047,2047,2047,2047,2047,2047,2047,2047,2047,2047,2047,2047,2047,2047,2047,2047,2047,2047,2047,2047,2047,2047,2047,2047,2047,2047,2047,2047,2047,2047,2047,2047,2047,2047,2047,2047,2047,2047,2047,2047,2047,2047,2047,2047,2047,2047,2047,2047,2047,2047,2047,2047,2047,2047,2047,2047,2047,2047,2047,2047,2047,2047,2047,2047,2047,2047,2047,2047,2047,2047,2047,2047,2047,2047,2047,2047,2047,2047,2047,2047,2047,2047,2047,2047,2047,2047,2047,2047, 0.0, -0.0898317, -1.1986976172372767, 
1712955605352685564, 320, 260, 22.038536071777344, 2047, 2047,2047,2047,2047,2047,2047,2047,2047,2047,787,2047,2047,2047,2047,2047,2047,2047,2047,2047,2047,2047,2047,2047,2047,2047,2047,2047,2047,2047,2047,2047,2047,2047,2047,2047,2047,2047,2047,2047,2047,2047,2047,2047,2047,2047,2047,2047,2047,2047,2047,2047,2047,2047,2047,2047,2047,2047,2047,2047,2047,2047,2047,2047,2047,2047,2047,2047,2047,2047,2047,2047,2047,2047,2047,2047,2047,2047,2047,2047,2047,2047,2047,2047,2047,2047,2047,2047,2047,2047,2047,2047,2047,2047,2047,2047,2047,2047,2047,2047,2047, 0.0, -0.08555399999999999, -1.227716603341986, 
1712955605383852527, 321, 261, 22.07944107055664, 2047, 2047,2047,2047,2047,2047,2047,2047,2047,788,788,2047,2047,2047,2047,2047,2047,2047,2047,788,787,2047,2047,2047,2047,2047,2047,2047,2047,788,787,2047,2047,2047,2047,2047,2047,2047,2047,2047,787,2047,2047,2047,2047,2047,2047,2047,2047,2047,2047,2047,2047,2047,2047,2047,2047,2047,2047,2047,2047,2047,2047,2047,2047,2047,2047,2047,2047,2047,2047,2047,2047,2047,2047,2047,2047,2047,2047,2047,2047,2047,2047,2047,2047,2047,2047,2047,2047,2047,781,2047,2047,2047,2047,2047,2047,2047,2047,2047,782, 0.0042777, -0.0898317, -1.1742936734980947, 
1712955605414835399, 320, 260, 22.192440032958984, 2047, 2047,2047,2047,2047,2047,2047,2047,2047,2047,786,2047,2047,2047,2047,2047,2047,2047,2047,2047,786,2047,2047,2047,2047,2047,2047,2047,2047,2047,2047,2047,2047,2047,2047,2047,2047,2047,2047,2047,2047,2047,2047,2047,2047,2047,2047,2047,2047,2047,2047,2047,2047,2047,2047,2047,2047,2047,2047,2047,2047,2047,2047,2047,2047,2047,2047,2047,2047,2047,2047,2047,2047,2047,2047,2047,2047,2047,2047,2047,2047,2047,2047,2047,2047,2047,2047,2047,2047,2047,2047,2047,2047,2047,2047,2047,2047,2047,2047,2047,2047, 0.0, -0.08555399999999999, -1.206368740857752, 
1712955605448866952, 321, 261, 22.10713768005371, 2047, 2047,2047,2047,2047,2047,2047,2047,2047,2047,787,2047,2047,2047,2047,2047,2047,2047,2047,2047,2047,2047,2047,2047,2047,2047,2047,2047,2047,2047,2047,2047,2047,2047,2047,2047,2047,2047,2047,2047,2047,2047,2047,2047,2047,2047,2047,2047,2047,2047,2047,2047,2047,2047,2047,2047,2047,2047,2047,2047,2047,2047,2047,2047,2047,2047,2047,2047,2047,2047,2047,2047,2047,2047,2047,2047,2047,2047,2047,2047,2047,2047,2047,2047,2047,2047,2047,2047,2047,2047,2047,2047,2047,2047,2047,2047,2047,2047,2047,2047,2047, 0.0042777, -0.0898317, -1.1790920191772578, 
