1712956244260806376, 95, 218, 22.998798370361328, 789, 786,787,786,787,787,787,788,788,788,788,786,788,787,788,787,788,788,788,788,788,788,788,788,788,788,788,788,788,788,788,788,789,788,788,788,789,789,789,789,789,789,789,788,789,789,789,789,789,789,790,789,789,789,789,789,789,789,789,789,790,789,789,789,789,789,789,789,789,790,790,789,790,789,790,789,790,790,790,790,791,789,790,789,790,789,790,790,790,790,791,790,790,790,790,790,791,790,791,791,792, -0.3680775, 0.035989799999999995, -1.10516887335298, 
1712956244294188450, 96, 216, 22.747806549072266, 789, 787,786,787,787,787,787,787,787,787,788,787,787,787,787,788,788,788,787,787,788,788,787,788,788,788,788,788,788,788,788,788,788,788,788,788,789,789,788,788,789,788,788,788,788,789,789,789,789,789,789,789,788,789,788,789,789,789,789,789,790,789,789,789,789,789,789,789,789,790,790,789,789,789,789,789,790,790,790,791,791,789,789,790,789,790,790,790,790,791,791,790,790,790,789,790,790,791,791,792,792, -0.3664416, 0.039261599999999994, -1.1266128917182436, 
1712956244328471600, 96, 218, 22.22093963623047, 789, 788,787,787,787,788,788,788,788,788,788,788,787,788,788,788,788,788,788,788,788,788,788,788,788,789,789,789,788,788,789,789,789,789,789,789,789,789,789,789,789,789,789,789,789,789,789,789,789,789,790,789,789,789,789,789,789,789,789,790,790,789,789,790,789,790,789,790,790,790,790,790,790,790,790,790,790,790,790,791,790,791,791,791,790,791,791,791,791,792,792,791,791,792,791,791,791,792,792,793,792, -0.3664416, 0.035989799999999995, -1.1185620117011907, 
1712956244360529864, 95, 219, 21.903963088989258, 790, 787,788,787,788,788,788,788,788,788,788,788,788,788,788,788,788,788,788,788,788,788,789,789,789,789,789,789,789,789,789,789,789,789,789,789,789,789,789,789,789,789,789,789,789,789,790,789,789,790,790,789,790,790,790,789,790,790,790,790,790,789,790,790,790,790,790,790,790,791,791,789,790,790,790,790,790,790,791,791,791,789,790,790,790,790,791,790,791,792,792,790,791,791,791,791,791,791,792,792,792, -0.36854999999999993, 0.034398, -1.1003905422548044, 
1712956244394360729, 95, 219, 22.094932556152344, 789, 786,788,787,788,788,788,788,788,788,788,787,788,787,788,788,789,789,789,788,788,788,788,788,789,788,789,789,789,789,789,789,789,788,789,789,789,789,789,789,789,789,789,788,789,789,789,789,789,789,790,789,789,789,789,789,789,789,789,789,790,789,789,789,789,789,789,789,790,789,790,790,790,790,790,790,790,790,790,790,791,790,790,790,790,790,790,790,791,791,791,790,791,790,791,790,790,790,791,791,791, -0.3680775, 0.03435389999999999, -1.1047931820010959, 
1712956244436691952, 95, 219, 21.92987632751465, 789, 786,786,785,787,787,787,788,788,788,788,786,787,786,787,787,788,788,788,788,788,788,788,787,788,788,788,788,788,788,788,788,788,788,788,788,789,789,788,788,789,788,789,788,789,788,789,789,789,789,789,789,789,789,789,789,789,789,789,789,789,789,789,789,789,789,789,789,789,789,790,790,790,790,790,789,790,790,790,790,790,790,790,790,790,789,790,790,791,791,791,791,791,791,791,790,791,791,791,791,791, -0.3680775, 0.03435389999999999, -1.099272089967445, 
1712956244462110282, 97, 219, 22.167098999023438, 788, 785,786,786,786,787,787,787,787,788,788,786,787,787,787,788,787,787,787,788,788,787,788,788,788,788,788,788,788,788,788,788,788,788,788,788,788,788,788,789,789,788,788,788,788,788,788,788,789,789,789,788,789,789,789,789,788,788,789,789,789,789,789,789,789,789,788,788,789,789,789,790,790,790,790,789,789,789,789,789,789,790,790,790,790,790,790,790,790,790,790,791,791,791,791,790,790,791,791,791,791, -0.3643374, 0.034309799999999994, -1.116374737256768, 
1712956244496149305, 97, 219, 22.436429977416992, 788, 785,786,786,787,787,787,787,787,788,788,786,787,787,787,788,788,788,788,788,788,787,788,787,788,788,788,788,788,788,789,787,788,787,788,788,788,788,788,789,789,788,788,788,788,788,788,788,789,789,789,788,789,788,788,789,788,789,789,789,789,788,789,788,789,789,789,789,789,789,789,788,789,788,789,789,789,789,789,790,790,788,789,788,789,789,790,790,791,791,792,2047,2047,2047,2047,790,790,791,791,792,792, -0.3643374, 0.034309799999999994, -1.1068695229308785, 
1712956244529949986, 96, 219, 22.007301330566406, 789, 787,786,787,787,788,788,788,787,787,788,788,787,788,788,788,788,788,788,788,788,788,788,788,788,788,788,788,788,788,788,789,788,788,788,788,788,788,788,788,789,789,788,789,788,789,789,789,789,789,789,789,788,789,788,789,789,789,789,789,789,789,789,789,789,789,789,789,789,789,789,789,789,790,789,790,789,790,790,790,789,790,790,790,790,791,790,790,791,791,790,2047,2047,2047,790,792,791,791,792,791,791, -0.3664416, 0.03435389999999999, -1.1130560699685308, 
1712956244562140463, 96, 220, 21.783119201660156, 789, 788,786,787,787,788,788,788,788,788,788,788,787,788,788,789,788,788,788,788,789,789,788,788,788,789,789,789,789,789,789,789,788,789,788,789,789,789,789,789,789,789,789,789,789,789,789,789,789,789,789,790,789,789,789,789,789,789,790,790,790,790,789,789,789,790,790,790,791,791,791,789,2047,2047,789,790,790,791,791,792,792,2047,2047,2047,2047,2047,790,791,791,792,791,2047,2047,2047,2047,2047,2047,2047,792,792,792, -0.3664416, 0.032718, -1.100936654812769, 
1712956244594906387, 96, 221, 22.097553253173828, 789, 788,788,788,788,789,788,788,788,788,789,789,788,788,788,789,789,789,788,789,789,789,789,789,789,789,789,789,789,789,789,789,789,789,789,789,789,789,789,789,789,790,789,789,789,789,789,789,789,789,789,791,790,790,789,790,789,789,789,789,789,790,790,790,790,790,790,790,790,790,790,790,790,2047,2047,790,791,791,791,790,790,792,792,2047,2047,2047,792,792,791,791,791,2047,2047,2047,2047,2047,792,792,792,2047,2047, -0.3664416, 0.031082099999999998, -1.1187159389381578, 
1712956244632414626, 95, 222, 22.50147247314453, 790, 789,789,788,788,788,789,789,788,788,789,789,789,788,789,789,789,789,789,789,789,789,789,789,789,789,789,789,789,789,789,789,789,789,789,789,789,789,789,789,789,789,789,789,789,789,790,789,789,789,790,789,790,789,790,790,790,790,790,790,791,789,789,789,790,790,790,790,791,791,792,2047,2047,2047,791,791,791,792,792,792,793,2047,2047,2047,2047,2047,792,792,792,792,793,2047,2047,2047,2047,2047,2047,793,793,793,793, -0.36854999999999993, 0.029484, -1.147699760156797, 
1712956244666292357, 92, 223, 24.253965377807617, 789, 788,787,788,788,789,788,789,788,789,789,788,788,789,789,789,789,789,788,789,789,789,789,790,789,789,789,789,788,789,789,789,790,790,789,789,789,789,789,789,789,789,2047,789,789,789,789,789,789,790,789,2047,2047,2047,789,789,789,789,789,790,790,2047,2047,2047,2047,2047,2047,2047,2047,2047,791,2047,2047,2047,2047,2047,2047,2047,2047,2047,2047,2047,2047,2047,2047,2047,2047,2047,2047,2047,2047,2047,2047,2047,2047,2047,2047,2047,2047,2047,2047, -0.37298519999999996, 0.0278103, -1.2010477855514674, 
1712956244704529887, 92, 223, 24.245738983154297, 789, 788,787,788,788,788,788,788,788,788,789,788,788,789,789,789,788,789,788,789,789,789,789,789,789,789,789,789,789,789,789,789,789,789,789,789,789,789,789,789,789,789,789,789,789,789,789,789,789,790,790,789,2047,790,789,789,789,789,789,790,790,2047,2047,2047,2047,2047,2047,2047,790,791,791,2047,2047,2047,2047,2047,2047,2047,2047,791,791,2047,2047,2047,2047,2047,2047,2047,2047,2047,2047,2047,2047,2047,2047,2047,2047,2047,2047,2047,2047, -0.37298519999999996, 0.0278103, -1.2221353101434387, 
1712956244732874065, 92, 223, 24.056747436523438, 790, 788,788,789,789,789,788,789,788,789,789,789,789,789,789,789,789,789,789,789,789,789,790,790,789,789,789,789,789,789,789,789,790,790,789,789,789,789,789,789,789,789,789,790,789,789,789,789,789,789,789,790,2047,790,790,790,790,790,789,790,790,2047,2047,2047,2047,791,791,791,790,790,790,2047,2047,2047,2047,790,791,791,790,790,790,2047,2047,2047,2047,790,790,791,791,790,790,2047,2047,2047,2047,791,791,791,791,791,791, -0.373464, 0.027845999999999996, -1.1840517015298855, 
1712956244766899210, 92, 224, 24.353759765625, 2047, 788,788,789,789,789,789,789,789,789,789,788,789,789,789,789,789,789,789,789,789,789,789,790,789,789,789,789,789,790,790,789,2047,789,789,789,789,789,789,790,790,2047,2047,791,790,790,789,790,790,790,791,2047,2047,2047,2047,2047,2047,2047,2047,791,792,2047,2047,2047,2047,2047,2047,2047,2047,2047,792,2047,2047,2047,2047,2047,2047,2047,2047,2047,2047,2047,2047,2047,2047,2047,2047,2047,2047,2047,2047,2047,2047,2047,2047,2047,2047,2047,2047,2047,2047, -0.9753156, 0.0684432, -1.2545585459822446, 
1712956244801623188, 92, 224, 24.382469177246094, 2047, 788,789,789,789,790,790,790,790,790,789,789,790,791,790,790,790,791,790,791,790,2047,2047,2047,789,790,791,791,791,791,790,2047,2047,2047,789,790,790,791,792,792,791,2047,2047,2047,2047,2047,2047,2047,2047,2047,792,2047,2047,2047,2047,2047,2047,2047,2047,2047,2047,2047,2047,2047,2047,2047,2047,2047,2047,2047,2047,2047,2047,2047,2047,2047,2047,2047,2047,2047,2047,2047,2047,2047,2047,2047,2047,2047,2047,2047,2047,2047,2047,2047,2047,2047,2047,2047,2047,2047,2047, -0.9753156, 0.0684432, -1.259112552107972, 
1712956244828362658, 92, 223, 24.382556915283203, 790, 788,788,788,788,789,788,789,788,789,789,788,788,789,789,789,789,789,789,789,789,789,2047,790,789,789,789,789,789,789,789,2047,2047,2047,789,789,789,789,789,789,789,2047,2047,2047,789,789,789,790,789,790,790,2047,2047,2047,2047,790,790,792,792,793,793,2047,2047,2047,2047,2047,792,793,793,793,793,2047,2047,2047,2047,2047,2047,793,794,794,794,2047,2047,2047,2047,2047,2047,2047,2047,794,792,2047,2047,2047,2047,2047,2047,2047,2047,2047,792, -0.373464, 0.027845999999999996, -1.2132021367632426, 
1712956244861358912, 92, 223, 24.253965377807617, 790, 788,788,788,789,789,789,789,789,789,789,788,789,789,789,789,789,789,789,789,789,789,790,790,789,789,789,790,789,790,790,789,790,790,789,789,789,790,789,790,790,789,790,790,789,789,789,790,790,790,790,2047,2047,2047,790,790,790,791,790,791,791,2047,2047,2047,2047,2047,2047,791,790,791,792,2047,2047,2047,2047,2047,2047,2047,2047,2047,792,2047,2047,2047,2047,2047,2047,2047,2047,2047,2047,2047,2047,2047,2047,2047,2047,2047,2047,2047,2047, -0.373464, 0.027845999999999996, -1.216585460012818, 
1712956244895004268, 91, 223, 24.061569213867188, 789, 788,788,787,788,789,789,789,789,789,789,789,788,788,789,789,789,789,789,789,789,790,789,790,790,789,789,789,789,789,789,790,789,791,790,789,789,789,789,789,789,791,791,791,790,789,789,789,789,788,789,792,2047,2047,2047,789,789,788,789,788,789,792,2047,2047,2047,2047,790,789,2047,789,789,2047,2047,2047,2047,2047,2047,2047,2047,2047,789,2047,2047,2047,2047,2047,2047,2047,2047,2047,2047,2047,2047,2047,2047,2047,2047,2047,2047,2047,2047, -0.37462109999999993, 0.0278103, -1.199944928931382, 
1712956244928482229, 93, 222, 22.678720474243164, 790, 787,788,788,789,788,789,788,789,789,789,787,788,789,789,788,789,789,789,789,789,787,788,789,789,789,789,789,789,789,789,2047,790,789,789,789,789,789,789,789,789,2047,2047,790,790,789,790,789,789,789,789,2047,2047,791,790,789,790,789,789,790,790,2047,2047,2047,790,790,790,789,789,790,790,2047,2047,2047,2047,790,793,790,789,791,791,2047,2047,2047,2047,2047,2047,2047,2047,790,791,2047,2047,2047,2047,2047,2047,2047,2047,2047,790, -0.371826, 0.029484, -1.1127304317931128, 
1712956244961076676, 91, 222, 24.622243881225586, 789, 788,788,788,788,789,789,789,789,789,789,789,788,788,789,789,789,789,789,789,789,789,788,788,789,789,789,789,789,789,789,790,789,789,789,789,789,789,789,789,789,791,790,2047,789,789,789,788,789,788,789,791,2047,2047,2047,789,789,788,788,788,789,2047,2047,2047,2047,2047,2047,788,788,788,790,2047,2047,2047,2047,2047,2047,2047,2047,2047,2047,2047,2047,2047,2047,2047,2047,2047,2047,2047,2047,2047,2047,2047,2047,2047,2047,2047,2047,2047,2047, -0.37462109999999993, 0.0294462, -1.1781644715710087, 
1712956244994994141, 93, 222, 22.678720474243164, 790, 787,788,789,789,788,789,789,789,789,789,788,789,789,789,789,789,789,789,789,789,788,789,789,789,789,789,789,789,789,789,790,790,790,790,790,789,789,789,789,789,790,791,790,790,790,790,789,790,789,790,2047,791,791,791,790,790,790,790,790,790,2047,2047,791,791,791,791,790,790,790,790,2047,2047,2047,2047,2047,792,790,791,790,791,2047,2047,2047,2047,2047,2047,2047,2047,790,791,2047,2047,2047,2047,2047,2047,2047,2047,2047,2047, -0.371826, 0.029484, -1.1449117931728148, 
1712956245028864477, 93, 222, 22.341127395629883, 789, 788,788,789,789,789,789,789,789,789,789,787,788,788,789,789,789,789,789,789,789,788,789,789,789,789,790,789,789,789,790,789,789,789,789,789,790,790,790,790,790,788,789,789,789,789,789,789,790,790,791,789,789,789,789,789,789,789,790,790,791,2047,789,788,789,789,789,789,790,791,792,2047,2047,788,789,789,790,790,791,792,792,2047,2047,2047,2047,2047,2047,2047,792,792,792,2047,2047,2047,2047,2047,2047,2047,793,793,793, -0.3713493, 0.0294462, -1.126472619184243, 
1712956245061873803, 93, 222, 22.678720474243164, 790, 787,788,789,789,789,789,789,790,789,789,787,788,789,789,789,789,789,790,790,790,787,789,789,789,789,790,789,790,790,790,788,789,789,790,789,790,790,791,790,790,789,790,790,790,789,790,790,791,791,791,789,790,789,789,789,790,789,790,790,791,2047,2047,789,790,789,790,789,790,791,791,2047,2047,2047,2047,2047,2047,790,791,792,791,2047,2047,2047,2047,2047,2047,2047,2047,793,792,2047,2047,2047,2047,2047,2047,2047,2047,2047,2047, -0.371826, 0.029484, -1.1340092080557291, 
1712956245095100653, 93, 221, 22.294580459594727, 791, 787,787,788,788,788,788,788,789,789,789,788,788,788,788,788,789,789,789,789,789,788,788,788,789,789,789,789,789,789,789,789,789,789,789,789,789,789,789,789,789,789,791,790,790,790,790,789,790,789,789,2047,792,791,791,790,791,790,792,790,790,2047,2047,791,791,790,791,790,792,792,792,2047,2047,2047,791,790,791,791,791,791,792,2047,2047,2047,792,2047,2047,2047,2047,791,2047,2047,2047,2047,2047,2047,2047,2047,2047,2047,2047, -0.3723027, 0.0311619, -1.1055287054058347, 
1712956245128663904, 93, 222, 22.544652938842773, 792, 788,788,789,789,788,789,789,789,789,789,788,789,789,789,789,789,789,789,789,789,789,789,789,789,789,790,789,790,790,790,791,791,790,790,790,790,790,790,790,790,791,791,791,790,790,791,791,791,791,791,792,792,791,791,791,792,791,792,791,792,792,792,792,791,791,792,792,792,792,792,2047,792,792,792,792,792,792,792,792,792,2047,2047,2047,2047,2047,2047,792,792,792,792,2047,2047,2047,2047,2047,2047,2047,2047,792,792, -0.3727793999999999, 0.0295596, -1.144202396637027, 
1712956245161075691, 93, 222, 22.507814407348633, 790, 787,788,789,789,789,789,789,790,789,789,787,788,789,789,789,790,789,790,790,790,788,789,789,789,789,789,789,790,790,790,788,790,790,790,790,790,790,790,790,790,2047,791,791,790,790,790,790,791,790,790,2047,791,790,790,790,790,790,791,791,790,2047,2047,2047,2047,2047,791,791,792,792,791,2047,2047,2047,2047,2047,2047,2047,792,792,792,2047,2047,2047,2047,2047,2047,2047,2047,792,792,2047,2047,2047,2047,2047,2047,2047,2047,2047,791, -0.371826, 0.029484, -1.146241156231321, 
1712956245194912407, 93, 221, 22.097553253173828, 790, 786,786,788,789,788,789,788,789,789,789,787,787,789,789,789,789,789,789,789,789,787,788,789,789,789,789,789,789,789,790,788,789,789,789,789,789,789,790,790,790,790,791,790,790,789,789,789,790,790,790,2047,2047,790,790,790,790,789,790,790,790,2047,2047,790,790,790,790,789,790,790,791,2047,2047,2047,790,790,790,790,790,791,791,2047,2047,2047,791,791,791,790,791,792,792,2047,2047,2047,2047,2047,2047,790,791,792,792, -0.371826, 0.031121999999999997, -1.104083938434535, 
1712956245228701848, 93, 221, 22.2197322845459, 790, 787,788,788,789,788,788,788,789,789,789,788,788,789,789,789,789,788,789,789,789,788,788,789,789,789,789,789,789,789,789,789,789,789,789,789,789,789,789,789,789,789,790,789,790,789,790,789,790,790,790,790,790,789,790,790,790,790,791,790,790,789,789,789,789,789,790,790,792,790,790,2047,790,790,790,789,792,792,792,792,791,2047,2047,2047,2047,2047,2047,2047,2047,2047,791,2047,2047,2047,2047,2047,2047,2047,2047,2047,2047, -0.371826, 0.031121999999999997, -1.1149085783999302, 
1712956245261002099, 93, 221, 22.294580459594727, 790, 787,788,788,789,788,789,788,789,789,789,788,789,789,789,789,789,789,789,789,789,788,789,789,789,789,789,789,789,789,789,789,789,789,789,789,789,789,789,789,789,789,790,789,790,790,790,789,790,790,790,789,790,790,790,790,790,790,790,790,791,2047,790,790,791,790,791,791,791,790,791,2047,2047,791,792,791,792,791,791,791,792,2047,2047,2047,792,792,792,792,792,792,792,2047,2047,2047,2047,2047,792,792,792,792,792, -0.371826, 0.031121999999999997, -1.1062576679072031, 
1712956245294982616, 93, 221, 22.294580459594727, 790, 786,787,788,788,788,788,788,789,789,789,787,788,789,789,788,789,788,789,789,789,787,789,789,789,789,789,789,789,789,789,788,789,789,789,789,789,789,789,789,790,789,790,789,789,789,789,789,789,790,790,790,790,789,789,789,790,789,790,790,791,2047,790,790,789,789,790,789,790,790,791,2047,2047,2047,790,790,790,789,790,2047,792,2047,2047,2047,2047,2047,2047,2047,2047,2047,2047,2047,2047,2047,2047,2047,2047,2047,2047,2047,2047, -0.371826, 0.031121999999999997, -1.1326379608338333, 
1712956245332341001, 93, 221, 22.294580459594727, 790, 786,787,788,789,789,789,789,789,789,789,787,788,789,789,789,789,789,789,789,789,788,789,789,789,789,789,789,790,789,790,789,789,789,789,789,789,789,790,789,790,790,789,789,790,789,790,789,790,790,790,2047,790,789,790,790,790,789,790,790,790,2047,2047,790,790,790,790,2047,2047,791,791,2047,2047,2047,2047,2047,2047,2047,2047,2047,792,2047,2047,2047,2047,2047,2047,2047,2047,2047,2047,2047,2047,2047,2047,2047,2047,2047,2047,2047,2047, -0.371826, 0.031121999999999997, -1.119738456834455, 
1712956245360165625, 93, 221, 22.097553253173828, 790, 786,787,788,788,788,788,788,789,789,789,787,788,789,789,788,789,788,789,789,789,787,788,789,789,789,789,789,789,789,789,788,789,789,789,789,789,789,790,789,789,2047,790,790,790,789,790,789,790,790,790,2047,2047,790,790,789,790,789,791,790,790,2047,2047,790,790,789,790,790,790,790,790,2047,2047,2047,790,790,790,790,791,791,791,2047,2047,2047,2047,2047,793,793,791,791,791,2047,2047,2047,2047,2047,2047,793,791,791,791, -0.371826, 0.031121999999999997, -1.1211045138047881, 
1712956245396159847, 93, 221, 22.097553253173828, 790, 787,788,788,789,788,789,789,789,789,789,788,789,789,789,789,789,789,789,789,789,787,788,789,789,789,789,789,790,790,790,787,789,789,789,789,789,789,790,789,790,789,790,790,790,789,790,789,790,790,790,2047,2047,790,790,789,790,789,790,790,791,2047,2047,790,791,790,791,790,791,791,791,2047,2047,2047,2047,2047,791,791,791,792,792,2047,2047,2047,2047,2047,2047,2047,791,791,791,2047,2047,2047,2047,2047,2047,2047,2047,791,791, -0.371826, 0.031121999999999997, -1.110898631445329, 
1712956245428503067, 93, 221, 22.294580459594727, 790, 786,786,787,788,788,788,788,789,789,789,787,787,788,789,788,789,789,789,789,789,787,788,789,789,789,789,789,789,789,789,788,789,789,789,789,789,789,789,789,789,789,789,789,789,789,790,789,789,789,789,2047,790,789,789,789,790,790,790,790,790,2047,2047,790,790,790,791,790,790,790,791,2047,2047,789,789,790,791,790,791,791,791,2047,2047,2047,2047,2047,793,791,792,792,792,2047,2047,2047,2047,2047,794,792,792,792,792, -0.371826, 0.031121999999999997, -1.1086328309249984, 
1712956245460435228, 93, 221, 22.294580459594727, 789, 786,786,788,788,788,788,788,789,789,789,787,787,788,789,788,788,788,789,789,789,787,788,789,789,788,789,789,789,789,789,788,789,789,789,789,789,789,789,789,789,790,790,790,789,789,789,789,789,789,789,790,790,790,789,789,789,789,789,790,790,2047,790,790,789,789,790,789,790,790,791,2047,2047,790,790,789,791,790,791,791,791,2047,2047,2047,791,2047,792,793,792,792,792,2047,2047,2047,2047,2047,2047,2047,793,792,792, -0.3713493, 0.031082099999999998, -1.1109330302864022, 
1712956245494185344, 93, 222, 22.507814407348633, 789, 788,789,789,789,789,789,789,790,789,789,788,789,789,789,789,789,789,790,789,789,789,789,789,789,789,789,789,790,790,790,789,789,789,789,789,790,789,790,790,790,789,789,789,789,789,790,789,790,790,791,789,789,789,789,789,789,789,790,790,791,790,789,789,789,789,789,789,791,791,792,2047,789,789,789,789,2047,2047,2047,792,793,2047,2047,2047,2047,2047,2047,2047,2047,2047,793,2047,2047,2047,2047,2047,2047,2047,2047,2047,794, -0.3713493, 0.0294462, -1.1507833919128394, 
1712956245529987927, 93, 222, 22.507814407348633, 790, 787,788,789,789,789,789,789,789,789,789,787,788,788,789,789,789,789,789,789,789,788,789,789,789,789,789,789,789,789,789,789,790,789,790,790,790,789,790,789,790,790,790,790,790,790,790,789,790,790,790,2047,789,789,790,790,790,789,790,790,791,2047,2047,2047,2047,2047,2047,790,790,791,791,2047,2047,2047,2047,2047,2047,2047,790,791,792,2047,2047,2047,2047,2047,2047,2047,2047,792,791,2047,2047,2047,2047,2047,2047,2047,2047,2047,791, -0.371826, 0.029484, -1.1323564768104704, 
1712956245567932465, 93, 222, 22.373483657836914, 790, 788,788,789,789,789,789,789,789,789,789,788,788,789,789,789,789,789,790,789,790,788,789,789,789,789,790,789,790,790,790,790,790,790,790,789,790,790,790,790,790,2047,2047,790,790,789,790,790,790,790,791,2047,2047,790,790,789,790,790,791,791,791,2047,2047,790,790,790,791,791,792,792,792,2047,2047,2047,791,789,792,792,792,792,792,2047,2047,2047,2047,2047,2047,792,790,792,791,2047,2047,2047,2047,2047,2047,2047,790,792,789, -0.371826, 0.029484, -1.1348145602813935, 
1712956245598222290, 93, 222, 22.507814407348633, 791, 788,788,789,789,788,789,789,789,789,789,788,788,789,789,789,789,789,789,789,789,789,789,789,789,789,790,789,790,789,790,790,790,789,790,790,790,790,790,790,790,791,790,790,790,790,790,790,790,790,791,791,791,790,790,790,791,790,791,791,791,2047,2047,2047,791,791,792,791,791,792,792,2047,2047,2047,2047,792,792,792,792,792,792,2047,2047,2047,2047,2047,2047,2047,792,793,793,2047,2047,2047,2047,2047,2047,2047,2047,793,793, -0.3723027, 0.029521799999999997, -1.1234564224581274, 
1712956245635015441, 93, 222, 22.507814407348633, 790, 788,788,789,789,789,789,789,789,789,789,788,788,789,789,789,789,789,789,789,790,789,789,789,789,789,789,789,790,790,790,790,790,790,789,789,790,789,790,790,790,790,790,790,790,790,790,790,791,790,790,790,790,790,790,790,790,790,790,791,791,790,790,790,790,790,791,790,791,791,792,2047,790,790,790,2047,792,2047,792,792,792,2047,2047,2047,2047,2047,2047,2047,2047,792,792,2047,2047,2047,2047,2047,2047,2047,2047,2047,2047, -0.371826, 0.029484, -1.1326422991617633, 
1712956245671411715, 93, 222, 22.345746994018555, 791, 787,788,789,789,789,789,789,789,789,789,787,788,789,789,789,790,789,790,790,790,788,789,789,790,789,790,790,790,790,790,789,791,790,790,790,791,790,790,790,790,2047,2047,790,790,790,790,790,790,790,791,2047,2047,790,790,790,791,790,791,791,792,2047,2047,2047,791,2047,791,791,792,792,792,2047,2047,2047,2047,2047,2047,2047,2047,792,792,2047,2047,2047,2047,2047,2047,2047,2047,2047,792,2047,2047,2047,2047,2047,2047,2047,2047,2047,2047, -0.3723027, 0.029521799999999997, -1.1161094210133513, 
1712956245703130545, 94, 222, 22.38212776184082, 790, 788,789,789,789,789,789,789,789,789,789,788,789,789,789,789,789,789,789,790,790,789,789,789,789,789,789,789,790,790,790,789,789,790,790,790,790,790,790,790,791,790,789,790,790,790,790,791,791,791,792,2047,789,790,790,790,790,791,791,792,792,2047,789,790,790,791,790,791,792,792,793,2047,2047,2047,790,791,791,792,792,792,793,2047,2047,2047,2047,792,792,792,792,793,793,2047,2047,2047,2047,2047,2047,2047,793,793,794, -0.37018799999999996, 0.029484, -1.144928358686165, 
1712956245728384715, 93, 222, 22.678720474243164, 790, 788,788,789,789,789,789,789,789,789,789,788,788,789,789,789,789,789,789,789,789,788,789,789,789,789,789,789,789,789,789,790,790,789,789,789,789,789,789,789,789,2047,2047,790,790,789,790,789,790,789,790,2047,2047,790,790,789,790,789,790,790,790,2047,2047,2047,790,790,791,790,791,791,791,2047,2047,2047,792,792,793,792,792,792,792,2047,2047,2047,2047,2047,2047,793,793,793,792,2047,2047,2047,2047,2047,2047,793,792,793,792, -0.371826, 0.029484, -1.1453835999575803, 
1712956245760607155, 91, 223, 24.515399932861328, 789, 788,788,787,788,789,789,789,789,789,789,789,789,788,789,789,789,789,789,789,790,789,789,788,789,789,789,789,789,789,789,790,789,789,789,789,789,789,789,789,789,2047,2047,2047,789,789,789,789,789,789,789,2047,2047,2047,789,789,789,789,789,788,790,2047,2047,2047,2047,788,2047,2047,2047,2047,2047,2047,2047,2047,2047,2047,2047,2047,2047,2047,2047,2047,2047,2047,2047,2047,2047,2047,2047,2047,2047,2047,2047,2047,2047,2047,2047,2047,2047,2047,2047, -0.37462109999999993, 0.0278103, -1.2093598961236194, 
1712956245794111065, 94, 220, 22.447288513183594, 789, 787,787,788,788,788,788,789,789,789,789,787,788,788,788,788,788,789,789,789,789,788,788,789,788,789,788,789,789,789,789,788,788,789,788,789,789,789,789,789,789,788,788,789,789,789,789,789,789,789,789,788,789,789,789,789,789,789,789,789,790,789,789,789,789,789,789,789,789,790,790,788,788,789,789,789,789,789,789,790,790,2047,2047,2047,789,789,789,789,789,790,790,2047,2047,2047,2047,2047,789,789,790,790,791, -0.36971339999999997, 0.032718, -1.1005926204696308, 
1712956245837944941, 95, 222, 22.24951171875, 790, 789,789,788,789,789,789,789,789,789,789,788,789,788,789,789,789,789,789,789,790,789,789,789,789,789,790,789,790,790,790,789,789,789,789,789,790,790,790,790,790,789,789,789,790,789,791,790,791,791,791,789,789,789,790,789,790,791,791,791,791,789,789,789,790,790,790,791,791,791,791,2047,2047,2047,2047,790,791,791,791,791,791,2047,2047,2047,2047,2047,791,792,792,792,791,2047,2047,2047,2047,2047,2047,792,792,792,2047, -0.36854999999999993, 0.029484, -1.1592166968919402, 
1712956245860682885, 95, 221, 22.534032821655273, 790, 788,788,788,788,788,789,789,788,788,788,789,789,788,788,788,789,789,789,789,789,789,789,788,789,789,789,789,789,789,789,789,789,789,789,789,789,789,789,789,789,789,790,789,789,789,789,789,789,789,789,790,790,790,790,789,790,790,790,790,790,790,790,790,790,790,790,790,790,791,791,790,790,790,791,790,790,791,791,791,792,2047,2047,2047,2047,2047,791,791,792,792,792,2047,2047,2047,2047,2047,2047,792,792,792,792, -0.36854999999999993, 0.031121999999999997, -1.1040964481416742, 
1712956245894962368, 94, 222, 24.382469177246094, 789, 787,788,788,787,788,787,788,788,788,788,787,788,788,788,788,788,788,788,788,788,788,789,789,788,789,788,788,788,788,788,2047,789,790,789,789,788,788,788,789,789,2047,2047,791,790,790,789,789,789,789,789,2047,2047,790,789,790,789,789,789,790,790,2047,2047,2047,2047,2047,788,789,789,790,790,2047,2047,2047,2047,2047,2047,2047,791,791,792,2047,2047,2047,2047,2047,2047,2047,792,792,792,2047,2047,2047,2047,2047,2047,2047,2047,792,792, -0.36971339999999997, 0.0294462, -1.1861510154082329, 
1712956245928312461, 96, 223, 24.232603073120117, 789, 788,788,788,788,788,788,788,788,788,788,789,788,789,788,789,788,788,788,788,788,789,788,789,789,789,788,788,788,788,789,790,789,789,789,789,789,789,789,788,789,789,788,789,788,789,789,789,789,789,789,2047,2047,2047,2047,2047,789,789,789,789,790,2047,2047,2047,2047,2047,2047,2047,790,791,791,2047,2047,2047,2047,2047,2047,2047,2047,792,792,2047,2047,2047,2047,2047,2047,2047,2047,792,792,2047,2047,2047,2047,2047,2047,2047,2047,792,792, -0.3664416, 0.0278103, -1.2198310249003281, 
1712956245967800015, 99, 222, 24.377342224121094, 790, 788,788,788,788,788,788,788,788,788,789,788,788,788,788,788,788,788,788,788,789,788,788,789,788,788,788,788,788,788,788,789,789,789,789,789,789,789,788,789,789,789,789,789,789,789,789,789,789,789,789,789,789,790,790,790,790,790,790,791,790,789,790,790,791,791,791,791,791,792,791,790,791,791,792,792,792,792,791,792,791,790,791,792,792,792,792,792,792,792,792,2047,2047,793,793,793,793,793,793,793,793, -0.361998, 0.029484, -1.173487376247081, 
1712956245999812102, 102, 221, 24.15066909790039, 789, 788,788,788,788,788,788,788,788,788,788,788,788,788,788,788,788,788,788,788,789,788,788,788,788,788,788,788,788,788,789,789,789,788,788,788,788,789,788,788,789,789,789,789,788,788,789,789,788,788,789,789,789,789,789,789,789,789,789,789,789,789,790,790,789,789,789,789,789,789,790,790,790,790,789,789,790,790,790,790,790,790,790,790,790,789,790,790,790,790,791,790,790,793,792,789,790,790,790,790,791, -0.3566262, 0.031082099999999998, -1.132518575141819, 
1712956246028741014, 104, 223, 23.880006790161133, 790, 788,788,788,788,788,788,788,789,789,789,788,788,788,788,789,788,789,789,789,789,788,788,788,788,789,789,789,789,789,789,789,789,789,790,789,789,789,789,789,790,790,790,790,791,790,790,790,790,790,791,791,791,791,791,791,790,790,790,790,791,792,792,792,792,791,790,790,790,790,790,792,792,792,792,792,792,791,791,791,791,793,793,793,793,793,792,792,792,792,791,793,793,793,793,793,793,792,792,792,791, -0.353808, 0.027845999999999996, -1.1881431420437363, 
1712956246060980950, 106, 223, 24.060455322265625, 789, 787,788,788,787,788,788,788,788,788,788,788,788,788,787,788,788,788,788,789,789,788,788,788,787,788,788,788,788,789,789,789,789,789,788,788,789,789,789,789,789,789,789,789,789,789,789,789,789,789,790,790,790,790,789,789,789,789,789,789,790,791,791,790,790,789,789,789,789,790,790,792,792,791,791,791,789,789,790,790,790,792,792,792,792,792,790,790,790,790,790,792,792,792,792,792,790,790,790,791,791, -0.35008259999999997, 0.0278103, -1.1698134151794983, 
1712956246095090902, 110, 222, 23.505416870117188, 789, 787,787,787,787,787,788,788,788,788,788,787,788,788,788,788,788,788,788,788,789,788,788,788,788,788,788,788,789,788,789,788,788,788,788,788,788,788,789,789,789,789,789,789,789,789,789,789,789,789,789,790,790,789,789,789,789,789,789,790,791,791,791,790,790,789,789,789,790,790,791,791,791,791,790,790,789,790,790,791,792,792,792,791,791,790,790,790,791,792,792,792,792,792,791,791,790,791,791,792,792, -0.343539, 0.0294462, -1.214145063045005, 
1712956246128594407, 113, 223, 23.786182403564453, 791, 787,787,788,788,788,788,788,788,789,789,787,787,788,788,788,788,788,788,789,789,788,788,788,789,789,788,788,789,789,789,789,788,789,789,789,788,788,789,789,790,789,788,789,790,790,790,790,791,790,791,790,789,791,791,791,791,791,792,792,791,792,792,793,792,793,792,792,792,792,792,2047,793,793,793,793,793,792,792,792,792,2047,793,793,793,793,793,793,792,792,792,793,793,793,793,793,793,793,792,793,793, -0.3395007, 0.0278817, -1.1801299937272902, 
1712956246160855463, 117, 224, 24.21861457824707, 788, 788,788,788,788,788,788,788,789,789,789,788,788,788,788,788,788,788,789,789,789,788,788,788,788,788,788,788,789,789,789,789,789,788,788,788,788,788,789,789,789,789,789,789,788,788,788,788,788,788,789,790,789,789,788,788,788,787,788,788,788,790,790,789,789,788,788,787,787,787,789,790,790,790,789,789,788,788,788,788,787,791,791,790,789,789,789,788,788,788,788,791,791,791,790,789,789,788,788,788,788, -0.33166139999999994, 0.0261408, -1.2093207396762478, 
1712956246194808041, 120, 224, 23.963613510131836, 791, 787,788,788,788,788,788,788,788,788,789,788,788,788,788,788,788,789,789,789,789,789,788,788,788,789,789,789,789,789,789,789,789,789,789,789,789,789,790,789,790,789,789,789,789,790,790,790,790,790,790,790,790,790,790,790,791,790,791,790,790,791,791,791,791,791,791,791,791,790,790,791,791,791,791,791,2047,2047,2047,790,790,791,791,791,791,2047,2047,2047,2047,2047,789,791,791,791,791,2047,2047,2047,789,789,788, -0.32802, 0.026241599999999997, -1.1802844935051915, 
1712956246228828517, 124, 225, 23.941329956054688, 2047, 788,788,787,787,787,787,788,788,788,788,789,788,788,788,788,788,788,788,788,789,789,789,788,788,788,788,788,788,788,788,790,789,789,789,789,789,789,788,788,789,791,790,789,789,789,789,789,789,788,789,791,791,791,789,2047,2047,2047,2047,2047,2047,791,791,789,789,2047,2047,2047,2047,2047,2047,791,791,789,789,789,2047,2047,2047,2047,2047,791,790,789,788,788,2047,2047,2047,2047,2047,2047,2047,789,2047,2047,2047,2047,2047,2047,2047, -0.8384291999999999, 0.0641655, -1.209943888021158, 
1712956246261110389, 129, 225, 23.590391159057617, 790, 787,788,788,788,788,788,788,788,788,788,787,788,788,788,788,788,788,788,788,788,788,788,788,788,788,788,788,788,789,789,788,789,788,788,788,789,789,789,789,789,789,789,789,788,789,789,789,789,789,789,789,790,789,789,789,790,789,789,790,790,789,789,789,789,789,790,790,790,790,791,789,789,789,789,789,790,790,790,791,791,789,789,789,789,790,791,791,791,791,791,790,791,790,790,791,791,791,791,791,791, -0.312858, 0.024569999999999998, -1.147252045095041, 
1712956246294705125, 134, 224, 23.505416870117188, 790, 788,787,787,787,787,787,787,788,788,788,788,788,787,787,787,788,788,788,788,789,789,788,788,788,788,788,788,788,789,789,789,789,788,789,789,789,789,789,789,790,789,789,789,789,789,789,789,789,789,790,789,789,789,790,789,790,790,790,789,790,792,792,790,790,790,790,790,790,790,791,792,792,792,791,791,791,791,790,790,791,792,792,792,791,792,792,791,791,790,792,792,792,792,791,792,792,791,790,790,790, -0.304668, 0.026208, -1.1177146796500537, 
1712956246328803538, 139, 226, 23.586597442626953, 789, 788,788,787,787,788,788,788,788,788,788,788,788,788,788,789,789,788,788,789,788,789,789,789,789,789,789,788,789,788,788,789,789,789,789,789,789,789,789,789,789,790,790,790,789,789,789,789,789,789,789,791,791,790,790,789,789,789,789,789,789,792,791,790,790,789,789,789,789,789,789,792,791,790,789,789,789,789,789,789,790,2047,2047,2047,2047,2047,2047,2047,2047,790,790,2047,2047,2047,2047,2047,2047,2047,2047,791,791, -0.29609789999999997, 0.0229026, -1.1923401947871102, 
1712956246362638402, 144, 225, 23.428728103637695, 789, 787,787,787,787,787,787,787,787,787,787,788,788,788,788,788,788,788,787,788,788,788,788,788,788,788,788,788,787,788,788,788,788,788,788,788,788,788,787,788,788,789,788,789,789,788,788,788,788,788,789,789,789,789,789,789,789,789,789,789,790,789,789,789,789,789,789,789,789,789,790,789,789,790,790,790,789,789,789,790,791,789,790,790,790,790,790,790,790,791,791,790,790,791,791,791,790,790,790,791,791, -0.28791839999999996, 0.024538499999999998, -1.1500825508742976, 
1712956246394913310, 150, 227, 23.243688583374023, 788, 787,786,786,786,786,787,787,787,787,788,787,787,787,787,787,787,787,787,787,788,787,787,787,787,788,788,788,788,788,788,787,787,788,788,788,788,788,788,788,788,787,787,788,788,788,788,788,788,789,789,2047,787,788,788,789,788,788,789,789,789,2047,788,788,789,789,789,789,789,790,789,2047,790,790,789,789,789,789,789,789,789,2047,790,790,790,790,789,789,789,2047,2047,2047,791,791,791,790,789,789,789,2047,2047, -0.277746, 0.0212394, -1.1765297223611173, 
1712956246428676240, 157, 226, 23.325969696044922, 789, 786,786,786,786,786,786,786,786,786,786,786,786,787,786,787,787,786,786,787,787,787,787,787,787,788,787,787,787,788,788,788,788,788,788,788,788,788,788,788,788,788,788,789,788,788,788,788,788,788,788,789,789,789,789,789,789,789,789,789,789,789,790,790,790,789,789,789,789,789,789,790,791,792,791,790,790,790,789,789,789,791,792,792,791,791,790,790,789,789,789,791,792,792,791,791,791,789,789,789,789, -0.2666517, 0.0229026, -1.1406613128222207, 
1712956246462301590, 163, 227, 22.956859588623047, 788, 786,786,786,786,786,786,785,786,786,786,786,786,786,786,787,786,786,786,787,786,787,787,787,787,787,787,787,787,788,787,788,788,788,788,788,788,787,788,788,788,788,788,788,788,788,788,788,788,788,788,788,788,788,788,788,788,788,788,788,788,788,788,788,788,788,788,788,788,788,788,788,788,788,788,788,789,789,788,788,789,2047,788,788,788,789,789,789,789,789,789,2047,789,789,789,789,790,790,790,790,790, -0.2565066, 0.0212394, -1.1254639147519372, 
1712956246494591233, 169, 227, 23.328224182128906, 787, 785,786,786,785,785,785,785,785,785,785,786,786,787,786,786,786,786,786,786,786,787,787,787,787,787,786,786,786,786,787,787,787,787,787,787,787,787,787,787,787,788,788,788,788,788,788,788,787,787,787,788,788,788,787,788,787,787,788,787,788,788,788,788,788,788,788,788,788,787,787,789,789,789,789,789,789,788,788,788,788,789,788,789,789,789,789,788,788,788,788,789,789,789,789,789,789,788,788,788,788, -0.2463867, 0.0212121, -1.1009385474217401, 
1712956246528234560, 174, 229, 22.896604537963867, 788, 786,786,786,786,786,786,786,786,786,785,787,787,787,787,787,786,786,786,786,785,788,788,788,787,787,787,787,787,786,786,788,788,788,788,787,787,787,787,786,786,789,788,788,788,788,788,788,787,787,786,789,789,789,788,788,788,788,787,787,786,789,789,789,788,789,788,788,788,787,787,789,789,789,789,789,788,788,788,788,788,790,789,789,789,789,789,789,788,789,789,791,790,789,789,789,789,789,789,788,788, -0.2385348, 0.0179718, -1.1398232587918626, 
1712956246562139322, 182, 229, 22.647680282592773, 786, 786,785,785,785,785,785,785,785,785,785,786,786,785,785,785,785,785,785,785,785,786,786,785,785,785,785,785,786,786,785,787,786,786,786,785,785,785,786,786,786,787,787,786,786,785,786,786,786,787,787,788,788,788,787,786,786,786,787,787,787,789,789,789,786,786,787,787,787,787,787,788,788,789,789,788,788,788,788,788,787,789,789,789,789,2047,789,789,788,788,788,789,789,789,789,790,789,789,789,789,788, -0.2248848, 0.0179256, -1.1400661549043924, 
1712956246594502651, 188, 228, 22.38871192932129, 786, 785,785,785,785,785,784,785,785,785,784,785,785,785,785,785,785,785,785,785,785,785,785,785,785,785,785,785,785,785,785,785,786,786,785,785,785,785,785,785,785,786,786,786,786,786,786,786,785,786,785,786,786,786,786,786,786,786,785,786,786,786,787,787,786,786,786,787,786,787,786,787,787,787,786,787,787,787,787,787,787,787,787,787,787,787,787,787,787,788,787,788,788,788,788,788,788,788,788,788,788, -0.21510719999999997, 0.0195552, -1.1062993446672003, 
1712956246628737046, 195, 229, 22.209630966186523, 786, 785,784,784,784,784,784,784,784,784,784,785,785,784,784,784,785,785,784,784,785,785,785,784,784,784,785,784,785,784,785,785,785,785,785,785,785,785,785,785,785,786,785,785,785,785,785,785,785,785,785,787,786,786,786,786,786,785,785,785,786,787,787,787,787,786,786,786,786,786,787,788,787,787,787,787,787,786,786,786,787,788,788,788,788,788,787,788,788,788,788,788,788,788,788,788,788,788,789,789,788, -0.2037, 0.0179256, -1.12029225304933, 
1712956246662281326, 202, 230, 22.213871002197266, 788, 785,784,784,784,784,784,784,784,784,784,785,785,785,785,785,784,784,784,784,784,785,785,785,785,785,784,785,784,785,785,785,785,785,785,785,785,785,785,785,785,786,786,786,786,786,786,786,785,786,785,787,787,787,787,788,788,787,787,787,786,788,788,788,788,788,789,788,788,788,787,788,788,788,788,788,789,788,788,788,787,789,789,789,788,788,788,788,788,788,788,789,789,789,788,788,789,788,789,788,788, -0.1927884, 0.016338, -1.1120807236715446, 
1712956246703691589, 209, 231, 22.20263671875, 786, 785,785,785,785,784,784,784,784,784,784,785,785,785,785,785,785,785,784,785,784,785,785,785,785,785,785,785,785,785,785,786,786,785,785,785,785,785,785,785,785,787,786,786,785,785,785,785,785,785,785,787,787,787,786,786,786,786,786,786,785,788,788,787,787,788,787,787,787,787,786,788,788,787,788,788,788,787,787,787,787,788,788,788,788,788,788,788,788,788,788,788,788,788,788,788,788,788,788,788,788, -0.18088559999999998, 0.0146664, -1.1213323281738357, 
1712956246734496845, 216, 232, 22.192440032958984, 787, 785,785,785,785,785,784,784,784,784,784,786,785,785,785,785,785,785,785,785,785,786,785,785,785,785,785,785,785,785,785,787,786,786,786,785,785,785,785,785,785,787,786,786,786,786,786,785,785,785,785,788,787,786,787,787,787,786,786,786,786,788,787,787,787,787,787,787,787,786,786,789,788,788,788,788,788,788,788,787,787,788,788,787,788,788,788,788,788,788,789,788,788,788,788,788,788,789,789,789,789, -0.1696968, 0.0130536, -1.1260845815260578, 
1712956246769565395, 223, 232, 21.791440963745117, 785, 785,785,785,784,784,784,784,784,784,784,785,785,785,785,784,784,784,784,784,784,785,785,785,785,785,784,784,784,784,784,785,785,785,785,785,785,785,785,785,785,786,785,785,785,785,785,785,785,786,786,786,786,785,786,785,785,785,786,786,786,786,786,786,786,786,786,786,787,787,787,787,787,787,787,787,787,787,787,787,787,787,787,788,788,788,788,788,788,788,787,787,788,788,788,788,788,788,788,787,787, -0.15786749999999997, 0.01302, -1.0993922392588558, 
1712956246811220133, 231, 232, 21.78325080871582, 786, 786,786,785,785,785,785,785,785,785,785,786,786,786,786,785,785,785,785,785,785,786,786,787,786,786,785,786,786,785,785,786,786,786,786,786,786,786,786,786,785,785,786,786,785,785,785,786,785,785,785,786,786,786,786,786,786,786,786,786,785,786,786,787,787,787,787,787,786,786,786,786,786,787,787,787,787,787,786,786,786,786,786,787,787,787,787,787,786,786,786,786,786,786,787,787,787,787,786,786,786, -0.1450344, 0.0130368, -1.0901964357103189, 
1712956246845478639, 238, 233, 21.308916091918945, 788, 787,787,787,787,786,786,785,785,785,784,788,788,787,787,787,786,786,785,785,784,788,788,788,788,787,787,786,785,785,785,788,788,788,787,787,787,786,786,785,785,788,787,788,788,787,787,787,786,785,785,788,787,787,788,787,788,787,787,786,786,788,788,788,788,788,788,788,787,786,786,787,787,787,787,787,787,787,787,787,786,788,787,787,787,787,787,787,787,787,787,787,787,787,787,787,787,787,787,787,787, -0.1339716, 0.011436599999999998, -1.0944219332240868, 
1712956246879551324, 246, 234, 21.50591278076172, 787, 2047,785,786,786,786,786,785,785,785,785,2047,785,785,786,786,786,786,786,785,785,2047,2047,785,785,786,786,786,786,785,785,2047,785,785,785,786,786,786,786,786,786,785,785,785,786,786,787,786,786,786,786,785,785,785,786,787,787,787,787,787,787,785,785,785,785,787,787,787,787,787,787,786,786,786,786,786,787,787,787,787,787,786,787,786,786,787,787,787,787,788,787,786,787,787,787,787,787,787,787,787,787, -0.12074579999999999, 0.009790199999999999, -1.1197281494716829, 
1712956246916501053, 255, 234, 21.731412887573242, 786, 2047,2047,788,787,787,787,786,786,786,785,2047,2047,2047,788,787,787,787,786,786,786,2047,2047,2047,2047,787,787,787,786,785,785,2047,2047,2047,2047,786,786,786,785,785,785,2047,2047,2047,2047,2047,786,786,785,785,785,2047,2047,2047,787,785,786,786,786,785,786,2047,2047,2047,787,785,786,786,786,786,786,786,787,787,787,786,786,786,786,786,786,787,787,787,787,786,786,786,786,786,787,787,787,787,787,787,787,787,786,787,787, -0.10592399999999999, 0.0097776, -1.1056272968657301, 
1712956246948017905, 263, 235, 21.29584503173828, 787, 2047,2047,2047,786,786,786,786,785,785,785,2047,2047,2047,787,786,786,786,786,786,786,2047,2047,2047,786,786,786,786,786,786,786,2047,2047,2047,786,786,786,787,787,787,786,784,784,785,785,786,787,787,787,787,787,785,784,785,785,786,787,787,787,787,787,785,784,785,785,786,787,787,787,787,787,785,784,785,786,787,787,787,787,787,787,785,785,785,786,787,787,787,787,787,787,786,786,786,787,788,788,787,787,787,787, -0.09300689999999999, 0.0081585, -1.119406317392466, 
1712956246983526492, 272, 236, 21.98224639892578, 786, 2047,2047,785,785,785,785,785,785,785,785,2047,2047,785,785,785,785,785,785,785,785,2047,2047,784,784,785,785,785,785,785,785,2047,2047,785,785,785,785,786,786,785,786,785,785,786,786,786,786,786,787,786,786,785,785,786,786,786,786,786,787,786,786,786,786,786,786,786,786,786,787,787,787,786,786,786,786,786,786,787,787,787,787,787,786,787,786,787,787,787,787,787,787,787,787,787,787,787,787,787,787,787,787, -0.0782208, 0.0065184, -1.1614310914707153, 
1712956247021115614, 281, 236, 21.691959381103516, 2047, 2047,2047,2047,786,787,786,786,785,785,785,2047,2047,2047,2047,2047,786,786,785,785,785,2047,2047,2047,2047,2047,2047,785,785,785,785,2047,2047,2047,2047,2047,2047,786,785,785,785,2047,2047,2047,2047,2047,2047,785,785,785,785,2047,2047,2047,2047,2047,2047,2047,784,785,788,787,786,786,2047,2047,2047,784,784,785,785,787,786,786,785,785,785,785,784,785,785,787,786,786,785,786,785,785,785,785,785,787,786,786,785,786,785,785,785,785,785, -0.1668303, 0.0171108, -1.1615936576060244, 
1712956247056119069, 290, 237, 21.49610710144043, 783, 2047,2047,2047,2047,2047,786,786,786,786,785,2047,2047,2047,2047,2047,2047,787,786,786,786,2047,2047,2047,2047,2047,2047,2047,786,786,786,2047,2047,2047,2047,2047,2047,787,787,787,786,2047,2047,2047,2047,783,783,787,787,787,787,2047,2047,2047,784,783,783,783,783,787,787,2047,2047,2047,785,784,784,784,784,784,787,785,785,785,785,785,784,784,784,784,787,785,785,786,785,785,786,784,784,787,787,785,785,786,785,785,785,785,786,786,786, -0.048699, 0.004869899999999999, -1.2075422539477236, 
1712956247085235542, 300, 237, 21.163375854492188, 785, 2047,2047,2047,2047,2047,786,786,786,786,785,2047,2047,2047,2047,2047,2047,786,786,786,786,2047,2047,2047,2047,2047,2047,785,786,786,785,2047,2047,2047,2047,2047,2047,784,784,785,785,2047,2047,2047,2047,2047,785,784,784,784,784,2047,2047,784,784,784,785,784,784,784,785,785,785,784,785,784,785,784,784,784,784,785,785,785,785,785,785,784,784,784,785,785,785,785,785,785,785,784,784,784,785,786,785,785,786,785,785,784,784,784,784, -0.032549999999999996, 0.0048825, -1.2072595917220728, 
1712956247113359758, 309, 238, 21.438934326171875, 2047, 2047,2047,2047,2047,2047,2047,2047,2047,786,786,2047,2047,2047,2047,2047,2047,2047,2047,786,786,2047,2047,2047,2047,2047,2047,2047,2047,2047,786,2047,2047,2047,2047,2047,2047,2047,2047,2047,785,2047,2047,2047,2047,2047,2047,2047,2047,2047,785,2047,2047,2047,2047,2047,2047,2047,2047,2047,785,784,783,2047,2047,2047,2047,2047,784,784,785,784,784,783,783,784,784,784,784,784,785,784,784,784,784,784,784,784,784,784,785,785,784,784,784,784,784,784,784,784,784, -0.0470547, 0.0085554, -1.244315551654511, 
1712956247145455347, 319, 239, 21.338071823120117, 781, 2047,2047,2047,2047,2047,2047,2047,2047,788,787,2047,2047,2047,2047,2047,2047,2047,2047,2047,787,2047,2047,2047,2047,2047,2047,2047,2047,2047,2047,2047,2047,2047,2047,2047,2047,2047,2047,2047,782,2047,2047,2047,2047,2047,2047,2047,2047,2047,2047,2047,782,781,782,782,781,782,782,782,2047,784,783,783,783,783,782,783,783,783,785,784,784,784,784,783,783,784,784,784,785,784,784,784,784,783,783,784,784,785,785,785,784,784,784,784,784,785,785,785,785, -0.0016191, 0.0016191, -1.2684682270536132, 
1712956247179285227, 328, 240, 21.962987899780273, 2047, 935,2047,2047,2047,2047,2047,2047,2047,2047,2047,934,2047,2047,2047,2047,2047,2047,2047,2047,2047,934,2047,2047,2047,2047,2047,2047,2047,2047,2047,2047,2047,2047,2047,2047,2047,2047,2047,2047,2047,2047,2047,2047,2047,2047,2047,2047,2047,2047,2047,2047,2047,2047,2047,2047,2047,2047,2047,785,784,2047,2047,2047,2047,2047,2047,2047,785,786,785,785,785,786,785,786,786,786,785,786,785,785,785,786,785,786,785,786,785,785,785,786,786,786,785,785,785,785,785,785,786, 0.0342216, -0.0, -1.3434720809658263, 
1712956247212804789, 338, 241, 21.558700561523438, 2047, 935,934,2047,2047,2047,2047,2047,2047,2047,2047,935,2047,2047,2047,2047,2047,2047,2047,2047,2047,2047,2047,2047,2047,2047,2047,2047,2047,2047,2047,2047,2047,2047,2047,2047,2047,2047,2047,2047,2047,2047,2047,2047,2047,2047,2047,2047,2047,2047,2047,786,785,785,2047,2047,2047,2047,2047,2047,2047,786,786,785,785,2047,2047,2047,2047,2047,2047,786,786,785,785,785,786,785,785,2047,2047,786,786,785,785,785,785,785,785,785,786,786,786,786,785,785,786,786,786,786,786, 0.0769986, -0.0042777, -1.3229987399460414, 
1712956247245150584, 348, 241, 21.61541175842285, 2047, 933,933,933,2047,2047,2047,2047,2047,2047,2047,933,933,933,933,932,2047,2047,2047,2047,2047,933,933,933,933,932,2047,2047,2047,2047,2047,933,933,933,933,932,2047,2047,2047,2047,2047,933,933,933,933,933,2047,2047,2047,2047,2047,933,933,933,933,933,2047,2047,2047,2047,2047,933,933,933,932,932,2047,2047,2047,2047,2047,933,933,933,933,786,2047,786,786,786,785,786,934,786,786,786,786,785,786,785,785,786,786,786,786,786,786,785,785,785,785, 0.1197756, -0.0042777, -1.3693858804608405, 
1712956247278960602, 358, 242, 22.005781173706055, 933, 934,934,934,933,933,932,931,2047,2047,2047,935,934,934,933,933,932,931,2047,2047,2047,934,934,934,933,933,932,932,932,2047,2047,935,934,934,934,933,933,932,932,2047,2047,935,934,934,934,934,933,933,933,932,2047,935,935,935,934,934,933,932,933,933,2047,785,785,785,935,934,933,932,932,2047,2047,785,785,785,785,786,785,785,785,2047,2047,785,785,785,785,786,786,786,786,786,786,785,785,785,785,785,785,785,786,786,786, 0.0736554, -0.0038766, -1.446574387830712, 
1712956247312769771, 369, 242, 21.396095275878906, 934, 934,934,934,934,933,933,933,2047,2047,2047,934,934,933,933,933,933,933,933,933,2047,934,934,934,934,934,933,934,933,934,2047,934,934,934,934,934,934,934,934,934,2047,933,934,934,934,934,934,934,934,935,935,934,934,934,934,934,934,934,934,934,2047,933,933,933,934,934,934,934,934,934,934,933,933,933,934,934,933,933,786,786,786,787,787,787,787,787,787,786,786,786,786,786,786,786,786,786,786,786,786,786,786, 0.0950796, -0.0038808, -1.4540466847918778, 
1712956247345190273, 380, 243, 21.784273147583008, 933, 935,935,935,935,935,935,2047,2047,2047,2047,935,935,934,934,935,934,934,2047,2047,2047,935,935,934,934,935,934,934,934,2047,2047,935,934,934,934,934,934,934,933,2047,2047,934,934,934,934,934,934,933,933,930,2047,934,934,934,934,934,933,933,930,930,930,934,786,933,934,934,934,933,930,930,2047,786,786,786,786,934,933,933,931,785,2047,786,786,786,786,786,786,786,786,785,785,786,786,786,786,786,786,786,786,785,785, 0.11629799999999998, -0.0058149, -1.4642450153877162, 
1712956247378965534, 391, 245, 22.197736740112305, 936, 934,934,935,934,934,934,934,935,935,935,934,934,935,934,934,935,934,935,935,935,934,934,935,934,934,934,935,936,935,935,934,934,935,934,934,934,935,936,935,935,934,936,936,935,935,935,935,936,935,935,934,936,936,936,936,936,937,937,936,936,933,787,787,787,787,787,938,938,939,786,786,787,787,787,787,787,786,787,787,787,786,786,787,786,787,787,786,787,786,786,786,786,786,786,786,786,786,786,786,786, 0.13806659999999998, -0.009722999999999999, -1.490427107885248, 
1712956247412868528, 402, 245, 21.953140258789062, 935, 934,934,934,934,934,934,935,935,935,935,934,934,935,934,934,935,935,935,935,935,934,935,935,934,934,935,935,935,935,935,935,935,935,934,935,935,935,935,935,935,935,934,935,934,934,935,935,935,934,934,935,934,935,934,934,935,935,935,934,934,786,786,786,787,786,786,786,788,934,787,786,786,786,787,786,786,786,786,786,786,786,786,786,786,786,786,786,786,786,786,786,786,786,787,786,786,786,787,786,786, 0.159285, -0.009712499999999999, -1.5471604196793567, 
1712956247445453805, 414, 246, 22.22410011291504, 934, 935,935,934,935,934,935,935,934,934,935,934,934,934,934,934,934,934,934,934,934,935,935,934,934,934,934,934,934,934,934,935,935,935,935,935,934,934,934,935,935,935,935,935,935,935,934,934,934,935,935,935,935,935,935,935,934,934,934,934,934,935,935,935,935,935,934,934,934,934,2047,934,934,935,934,934,934,786,786,786,785,787,787,787,786,786,786,786,786,786,785,787,787,787,787,787,787,787,787,786,786, 0.1823976, -0.011642399999999999, -1.5339173353875613, 
1712956247478815952, 426, 247, 22.38871192932129, 933, 936,936,936,935,935,935,934,934,934,934,936,936,936,935,935,935,935,935,934,934,935,935,935,935,935,934,934,934,934,934,935,935,935,935,934,934,934,934,934,934,935,935,935,934,934,934,934,934,934,934,934,935,934,934,934,933,934,934,934,934,786,786,786,933,933,933,933,934,934,934,786,786,786,786,786,786,786,786,786,786,786,786,786,786,786,786,786,786,786,786,787,786,787,786,787,787,787,786,787,787, 0.2054598, -0.0135681, -1.5817379566855463, 
1712956247512808937, 438, 246, 21.934030532836914, 935, 936,936,936,936,935,935,935,934,934,934,935,936,935,935,935,935,934,934,934,934,935,936,935,935,935,935,935,934,934,934,935,935,935,935,935,935,935,934,934,934,935,936,935,935,935,935,934,934,934,934,935,936,935,935,935,935,934,935,934,934,935,936,935,935,934,935,934,935,934,934,936,936,935,935,934,935,934,934,934,934,937,937,935,935,934,934,934,934,933,933,789,789,789,789,789,789,788,788,787,786, 0.22921499999999997, -0.011654999999999999, -1.6110611723350265, 
1712956247544997316, 450, 248, 22.766132354736328, 935, 935,935,935,936,936,936,935,935,935,934,934,935,935,936,936,936,935,935,935,934,934,934,935,935,935,935,935,935,935,935,934,935,935,935,935,935,935,935,935,935,934,935,935,935,935,935,935,935,935,935,935,935,935,935,935,935,935,935,935,935,935,935,935,936,935,935,935,935,935,935,787,789,789,789,789,935,935,935,935,935,787,789,790,790,790,790,791,791,791,789,787,788,789,789,788,789,790,789,789,789, 0.252525, -0.01554, -1.597862208615973, 
1712956247578733205, 462, 249, 23.294973373413086, 934, 934,934,934,934,934,934,934,934,934,933,935,934,935,934,934,934,934,934,934,934,935,934,935,934,934,934,934,934,934,934,935,934,934,934,934,934,934,934,934,934,934,934,934,934,934,934,934,934,934,934,934,934,934,934,934,934,933,934,934,934,934,934,933,934,933,934,933,933,934,934,934,934,933,934,934,934,933,933,933,936,933,933,933,932,932,932,932,786,786,786,788,788,788,788,788,787,787,787,786,787, 0.27553679999999997, -0.0174636, -1.641945878119723, 
1712956247612756920, 475, 249, 23.410720825195312, 934, 935,935,935,935,935,935,935,935,934,935,935,935,935,935,935,935,935,935,935,935,935,935,935,935,935,935,935,935,934,935,935,935,935,935,935,934,935,934,934,935,935,935,935,935,935,934,934,934,934,935,934,935,935,934,934,934,934,934,934,935,934,934,934,934,934,934,934,934,934,935,934,934,934,934,934,933,934,935,934,935,933,933,934,934,933,933,934,934,934,935,932,927,934,934,933,933,933,787,935,935, 0.300762, -0.0174636, -1.6877623200161584, 
1712956247645479629, 487, 251, 23.589828491210938, 934, 934,934,934,934,934,934,934,934,934,934,934,934,934,934,934,934,934,934,934,934,934,934,934,934,934,934,934,934,934,934,934,934,934,934,934,934,934,934,934,934,934,934,934,934,934,934,934,934,934,934,934,934,934,934,934,934,934,934,934,934,935,935,934,934,934,934,934,934,934,934,789,789,789,789,934,934,791,793,934,933,790,789,789,789,789,789,790,791,791,791,789,789,788,788,788,788,789,789,789,787, 0.32404679999999997, -0.0213444, -1.7340460790299617, 
1712956247679460363, 500, 252, 23.788331985473633, 934, 935,935,935,934,934,934,934,934,934,934,934,935,934,934,934,934,934,934,934,934,934,935,934,934,934,934,934,934,934,934,934,934,934,934,934,934,934,934,934,934,935,934,934,934,934,934,934,934,934,934,935,935,934,934,934,934,934,934,934,934,934,934,934,934,935,934,934,934,934,934,934,934,934,934,934,934,934,934,933,933,934,934,934,933,934,934,934,934,934,934,785,785,785,786,786,786,785,785,785,785, 0.34927199999999997, -0.023284799999999998, -1.715843859945306, 
1712956247720103062, 512, 254, 23.717182159423828, 933, 934,934,934,934,934,934,934,934,934,934,934,934,934,934,934,934,934,934,934,934,934,934,934,934,934,934,933,933,933,933,934,934,934,934,934,934,933,933,933,933,934,934,934,934,934,933,933,933,933,933,934,934,934,934,934,933,933,932,932,932,935,935,934,934,933,933,932,932,932,934,2047,2047,2047,2047,788,2047,788,788,788,788,2047,2047,2047,2047,786,788,788,788,788,788,2047,2047,2047,786,786,786,788,788,788,787, 0.3721536, -0.0271362, -1.7742234519338684, 
1712956247762501301, 540, 254, 24.052125930786133, 2047, 935,934,934,934,934,2047,2047,2047,2047,2047,935,934,934,934,933,2047,2047,2047,2047,2047,935,934,934,934,934,2047,2047,2047,2047,2047,935,934,934,934,934,934,2047,2047,2047,2047,935,934,934,934,934,934,2047,2047,2047,2047,935,934,934,933,933,2047,2047,2047,2047,2047,935,934,934,933,933,785,785,2047,2047,2047,935,934,934,786,786,786,786,785,2047,2047,935,935,935,786,786,786,786,786,787,2047,786,786,786,786,786,786,786,786,786,786, 0.941094, -0.0598878, -1.4474265234269441, 
1712956247794492406, 554, 256, 24.546743392944336, 934, 935,935,935,935,935,935,2047,2047,2047,2047,935,935,935,935,935,935,935,935,2047,2047,935,935,935,935,934,934,935,935,2047,2047,935,935,935,934,934,934,934,934,2047,2047,935,934,934,934,934,934,934,934,2047,2047,935,934,934,934,934,934,934,934,934,2047,935,934,934,934,934,934,934,934,934,2047,935,935,935,935,934,934,934,934,784,786,934,934,935,935,934,934,934,784,784,2047,934,934,935,935,935,785,784,784,784,786, 0.45405359999999995, -0.0310464, -1.4872111961214776, 
1712956247828521376, 568, 256, 24.86975860595703, 935, 936,936,936,936,936,2047,2047,2047,2047,2047,935,935,935,936,935,2047,2047,2047,2047,2047,935,935,935,935,935,935,935,2047,2047,2047,935,935,935,935,935,935,935,936,2047,2047,935,935,935,935,935,935,935,935,935,935,935,935,935,935,935,935,934,935,935,934,935,935,935,935,935,934,934,935,935,934,935,935,935,935,935,934,934,934,934,934,936,936,936,935,935,934,934,934,934,934,937,937,937,936,935,935,2047,2047,934,2047, 0.48173999999999995, -0.03108, -1.6137939424977326, 
1712956247862378614, 580, 255, 24.05258560180664, 934, 935,935,935,935,934,934,934,934,2047,2047,935,935,935,935,934,934,934,934,2047,2047,935,935,935,935,934,934,934,934,2047,2047,935,935,935,935,935,934,935,934,934,934,935,935,935,935,935,934,935,934,934,935,935,935,935,935,935,934,935,935,934,935,935,935,935,935,935,935,935,935,935,935,935,935,935,935,935,935,935,935,935,935,934,935,935,935,935,935,935,935,936,2047,934,935,935,935,936,936,936,2047,2047,2047, 0.504504, -0.029105999999999996, -1.6582497300927166, 
1712956247894478366, 592, 256, 24.701736450195312, 935, 935,935,935,934,934,935,935,935,934,934,935,935,935,934,935,935,935,935,935,934,935,935,935,935,935,935,935,935,935,935,935,935,935,935,935,935,935,935,935,935,935,935,935,935,935,935,935,935,935,935,935,935,935,935,935,935,935,935,935,935,935,936,935,935,935,935,935,935,935,935,935,936,935,935,935,935,935,935,2047,2047,2047,2047,2047,935,935,935,935,935,2047,2047,2047,2047,2047,2047,2047,787,787,2047,784,784, 0.52836, -0.03108, -1.7242065861162779, 
1712956247929861341, 606, 260, 25.26865577697754, 2047, 935,935,935,935,935,934,934,934,934,934,935,936,935,935,935,934,934,934,935,934,936,937,936,935,935,934,934,934,934,934,2047,938,938,936,935,934,934,935,935,2047,2047,939,939,939,937,937,2047,786,2047,2047,2047,2047,2047,2047,2047,2047,2047,786,786,2047,2047,2047,2047,2047,785,785,785,786,786,787,2047,2047,2047,783,785,785,784,785,786,786,2047,2047,2047,2047,783,784,784,785,786,786,2047,783,783,783,783,784,785,785,786,786, 1.2234222, -0.08555399999999999, -1.5916328459830382, 
1712956247962536184, 618, 267, 23.386760711669922, 2047, 2047,2047,864,863,863,862,862,862,861,861,2047,2047,2047,2047,2047,2047,861,861,861,861,2047,2047,2047,2047,2047,2047,2047,860,859,860,2047,2047,2047,2047,2047,2047,2047,2047,2047,2047,2047,2047,2047,2047,2047,2047,2047,2047,2047,2047,2047,2047,2047,2047,2047,2047,2047,2047,2047,2047,2047,2047,2047,2047,2047,2047,2047,2047,2047,2047,2047,2047,2047,2047,2047,2047,2047,2047,2047,2047,2047,2047,2047,2047,2047,2047,2047,2047,2047,2047,2047,2047,2047,2047,2047,2047,2047,2047,2047,2047, 1.2747546, -0.11549789999999999, -1.74123779179438, 
1712956247994193472, 627, 278, 20.05019760131836, 2047, 2047,2047,2047,2047,2047,2047,2047,2047,2047,2047,2047,2047,2047,2047,2047,2047,2047,2047,2047,2047,2047,2047,2047,2047,2047,2047,2047,2047,2047,2047,2047,2047,2047,2047,2047,2047,2047,2047,2047,2047,2047,2047,2047,2047,2047,2047,2047,2047,2047,2047,2047,2047,2047,2047,2047,2047,2047,2047,2047,2047,2047,2047,2047,2047,2047,2047,2047,2047,2047,2047,2047,2047,2047,2047,2047,2047,2047,2047,2047,2047,2047,2047,2047,2047,2047,2047,2047,2047,2047,2047,2047,2047,2047,2047,2047,2047,2047,2047,2047,2047, 1.3132538999999999, -0.1625526, -1.1317590501599242, 
1712956248028448049, 636, 293, 16.37843894958496, 2047, 2047,2047,2047,2047,2047,2047,2047,2047,2047,2047,2047,2047,2047,2047,2047,2047,2047,2047,2047,2047,2047,2047,2047,2047,2047,2047,2047,2047,2047,2047,2047,2047,2047,2047,2047,2047,2047,2047,2047,2047,2047,2047,2047,2047,2047,2047,2047,2047,2047,2047,2047,2047,2047,2047,2047,2047,2047,2047,2047,2047,2047,2047,2047,2047,2047,2047,2047,2047,2047,2047,2047,2047,2047,2047,2047,2047,2047,2047,2047,2047,2047,2047,2047,2047,2047,2047,2047,2047,2047,2047,2047,2047,2047,2047,2047,2047,2047,2047,2047,2047, 1.3517531999999999, -0.2267181, -1.0816123745602153, 
