1712955939553467575, 55, 262, 25.005523681640625, 784, 780,781,781,781,782,782,782,782,783,783,781,781,782,782,782,782,783,783,784,783,781,782,782,782,782,783,783,783,783,783,782,782,783,783,783,783,784,784,784,784,782,782,783,783,784,784,784,784,784,784,783,784,784,784,784,784,784,784,784,784,784,784,784,784,784,784,784,784,784,784,784,784,784,785,785,784,784,784,784,785,785,785,785,785,785,785,785,784,785,785,786,785,785,786,786,786,785,785,785,786, -0.430731, -0.0357588, -1.0955875490905318, 
1712955939590056882, 55, 262, 25.460853576660156, 784, 781,781,781,782,782,782,783,783,783,783,781,781,782,782,782,783,783,783,784,783,781,782,782,782,783,783,783,783,783,783,782,782,783,783,783,784,784,784,784,783,782,783,784,783,784,784,784,784,784,783,783,784,784,784,784,784,784,784,784,784,784,784,784,784,784,784,784,784,784,784,784,784,785,784,784,784,784,784,784,784,785,785,785,785,785,785,785,784,785,785,785,786,786,786,786,786,785,785,786,786, -0.430731, -0.0357588, -1.0933059091874158, 
1712955939634873041, 55, 263, 25.521602630615234, 784, 781,781,782,782,782,783,783,783,783,783,781,782,782,782,783,783,783,783,783,783,782,782,783,783,783,784,784,783,784,784,782,783,783,783,784,784,784,783,784,784,783,783,784,784,784,784,784,784,784,784,783,784,784,784,784,784,784,784,784,784,784,784,784,784,784,784,784,784,784,784,784,785,785,785,785,785,784,784,784,784,785,785,785,786,785,785,784,784,785,785,785,785,786,786,786,785,785,785,785,787, -0.430731, -0.0373842, -1.1509964326284203, 
1712955939678433217, 54, 261, 26.39586067199707, 784, 780,781,781,781,781,782,782,782,782,783,781,781,781,781,781,782,782,783,783,783,781,781,781,782,782,782,783,783,783,784,781,781,782,782,782,783,783,783,783,784,781,781,782,783,783,783,784,784,784,784,782,782,782,783,783,784,784,784,784,784,783,783,783,784,784,784,784,784,784,784,783,783,784,784,784,784,784,784,784,785,784,784,784,784,785,785,785,784,784,785,784,784,785,785,785,785,785,785,785,785, -0.4323564, -0.034133399999999994, -1.0765888549606715, 
1712955939705176553, 55, 262, 25.022533416748047, 784, 781,781,781,781,781,782,782,782,783,783,781,781,781,781,782,782,783,783,783,783,781,781,782,782,782,782,783,783,783,783,782,782,782,782,783,783,783,783,783,783,782,782,783,782,783,783,783,783,784,784,783,783,784,784,784,784,784,784,784,784,784,784,784,784,784,784,784,784,784,784,784,784,784,784,784,784,784,784,784,784,784,785,785,785,785,785,785,785,785,785,785,786,785,785,785,786,786,786,786,785, -0.430731, -0.0357588, -1.0872067512953438, 
1712955939733361079, 56, 261, 24.902868270874023, 784, 781,781,781,781,782,782,782,783,783,783,781,781,781,782,782,783,783,783,783,783,781,781,782,782,783,783,783,784,784,784,781,782,782,782,783,783,783,784,783,784,782,783,783,783,784,784,784,784,784,784,782,783,783,784,784,784,784,784,784,784,784,784,784,784,784,784,784,784,784,785,784,785,785,785,784,784,784,784,785,785,785,785,785,785,785,784,784,784,785,785,786,785,786,786,785,785,785,785,785,785, -0.4291056, -0.034133399999999994, -1.0986390105748156, 
1712955939756072512, 55, 262, 25.323137283325195, 784, 781,781,781,782,782,783,783,783,784,783,781,781,782,782,783,783,784,784,784,784,781,781,782,782,783,783,784,784,784,784,781,782,783,783,783,784,784,784,784,784,782,782,783,783,784,784,784,784,784,784,782,783,784,784,784,784,784,784,784,784,783,783,784,784,784,784,784,784,784,784,783,784,785,785,784,784,784,784,784,784,784,785,785,785,785,785,785,785,784,784,2047,2047,2047,786,785,786,786,785,785,785, -0.430731, -0.0357588, -1.083134777643623, 
1712955939782876110, 56, 260, 25.495197296142578, 783, 780,780,780,780,781,781,781,781,782,782,780,780,781,781,781,781,781,782,782,783,780,781,781,781,781,782,782,782,783,783,781,781,781,781,782,782,782,783,783,783,781,781,781,782,782,782,783,783,783,783,781,782,782,782,783,783,783,783,783,784,782,782,782,783,783,783,783,783,783,784,783,783,783,784,784,783,783,784,784,784,784,784,784,784,784,784,784,784,784,785,784,784,784,785,784,784,784,784,785,785, -0.4285512, -0.032466, -1.0893967583283617, 
1712955939817382713, 56, 262, 25.35624122619629, 784, 781,781,781,782,782,782,783,783,783,783,781,781,782,782,782,783,783,783,783,783,781,782,782,782,782,783,783,783,783,783,782,782,782,783,783,783,783,784,783,784,782,783,783,783,784,783,784,784,784,784,784,784,784,784,784,784,784,784,784,784,784,784,784,784,784,784,784,784,784,784,784,785,784,784,785,784,784,784,784,785,785,785,785,785,785,785,785,785,784,785,785,785,785,785,786,786,786,786,785,786, -0.4291056, -0.0357588, -1.096966176649433, 
1712955939849233388, 55, 262, 25.308002471923828, 784, 781,781,781,781,782,782,783,783,783,783,781,781,781,782,782,783,783,783,784,783,781,782,782,782,783,783,783,783,783,783,781,782,783,783,783,783,784,784,784,783,782,782,783,783,783,783,783,783,783,783,783,783,784,784,784,784,784,784,784,784,783,783,784,784,784,784,784,784,784,784,783,783,784,783,783,784,783,784,784,784,784,784,784,784,784,784,783,784,785,785,2047,784,784,785,784,785,784,785,786,785, -0.430731, -0.0357588, -1.0898388584655425, 
1712955939882851520, 56, 262, 25.16455841064453, 784, 781,781,781,781,782,782,783,783,783,783,781,782,782,782,782,783,783,783,783,783,782,782,782,782,782,783,783,783,783,783,782,783,782,783,783,783,783,783,783,784,783,783,783,783,783,784,783,784,784,784,783,784,784,784,784,784,784,784,784,784,783,784,784,784,784,784,784,784,784,785,784,784,784,784,784,784,784,784,784,785,785,785,785,785,785,784,784,785,785,785,785,786,786,785,785,784,785,786,786,786, -0.4291056, -0.0357588, -1.0968908597468585, 
1712955939915256666, 55, 262, 25.73366355895996, 784, 780,781,781,781,782,782,782,783,784,783,781,781,781,782,782,783,783,783,784,784,781,781,782,782,782,783,783,783,784,783,781,782,782,782,782,783,783,783,784,784,782,782,783,783,783,783,783,783,784,784,783,784,784,784,784,784,783,783,784,783,784,784,784,784,784,784,783,783,784,784,784,784,784,784,784,784,783,783,783,783,785,785,785,784,784,784,783,784,784,783,785,786,785,785,785,785,783,784,784,783, -0.430731, -0.0357588, -1.0828522653550545, 
1712955939947098240, 55, 262, 25.342660903930664, 784, 780,781,781,781,782,782,782,783,783,783,781,781,781,782,782,782,783,783,784,783,781,781,782,782,782,783,783,783,783,783,781,782,783,783,783,783,783,783,784,784,782,782,783,783,783,783,783,784,784,784,783,783,784,784,784,784,784,784,784,784,784,784,784,784,784,784,784,784,784,784,784,785,785,785,785,785,784,784,784,784,785,785,785,785,785,785,785,785,786,786,785,785,785,785,786,786,785,786,787,787, -0.430731, -0.0357588, -1.0863004723385723, 
1712955939981106919, 55, 263, 25.603069305419922, 784, 781,781,781,782,782,782,783,783,783,783,781,781,782,782,782,783,783,783,783,783,782,782,783,782,783,783,783,783,784,783,782,782,783,783,783,783,783,783,784,784,783,783,784,784,784,784,784,784,784,784,783,783,784,784,784,784,784,784,784,785,783,783,783,783,784,784,783,784,784,785,784,784,784,784,784,784,784,784,785,785,784,785,784,784,784,784,784,785,785,785,784,785,784,784,784,784,784,785,785,785, -0.430731, -0.0373842, -1.103967702347622, 
1712955940014999409, 56, 262, 25.224096298217773, 784, 781,781,781,782,782,783,783,783,783,783,781,782,782,782,783,783,783,784,783,783,782,782,782,783,783,783,783,784,783,783,782,783,783,783,784,784,784,784,784,784,783,783,783,784,784,784,784,784,784,784,784,784,784,784,784,784,784,784,784,784,784,785,785,785,785,784,784,785,784,785,785,785,785,785,785,784,784,784,784,785,786,786,786,786,786,785,785,785,785,785,786,786,786,786,786,786,786,786,786,786, -0.4291056, -0.0357588, -1.0956788554070775, 
1712955940046946737, 56, 260, 24.909936904907227, 783, 780,780,781,781,781,781,782,783,783,783,780,781,781,781,782,782,782,783,783,783,781,781,781,782,782,782,783,783,783,783,781,781,782,782,782,783,783,783,783,783,781,782,782,782,782,783,783,783,783,783,782,783,782,783,783,783,783,784,784,784,783,783,783,783,783,783,783,784,784,784,783,784,784,784,784,784,784,784,784,784,783,784,784,784,784,784,784,784,784,785,783,784,784,784,784,783,784,784,784,784, -0.4285512, -0.032466, -1.0865731595836559, 
1712955940081187190, 55, 260, 25.24390983581543, 783, 781,781,781,781,781,781,781,782,783,783,781,781,781,781,781,782,782,782,783,783,781,781,781,781,782,782,782,783,783,783,781,781,782,782,782,783,783,783,784,783,781,782,782,782,783,783,783,783,784,783,781,782,783,782,783,783,784,784,784,784,782,782,783,783,783,783,784,784,784,784,783,783,784,783,784,784,784,784,784,784,783,783,784,784,784,784,784,784,784,784,783,783,784,783,784,784,784,784,784,784, -0.43017449999999996, -0.032466, -1.0817760097301858, 
1712955940115070156, 55, 262, 25.401870727539062, 784, 780,781,781,781,781,782,782,782,783,783,781,781,781,782,782,782,783,783,783,783,781,781,782,782,782,783,783,783,783,783,781,782,782,782,783,783,783,783,783,783,782,782,783,783,783,783,783,783,783,783,783,783,784,784,784,784,784,784,784,784,783,783,784,784,784,784,784,784,784,784,784,784,784,784,784,784,784,784,784,785,785,785,785,785,785,784,784,784,784,785,785,785,785,785,785,785,784,784,785,785, -0.430731, -0.0357588, -1.0855950136524086, 
1712955940147559066, 56, 262, 25.227649688720703, 784, 781,781,781,782,782,782,783,783,783,783,781,781,782,782,782,783,783,783,783,783,782,782,782,783,783,783,783,783,783,783,782,783,783,783,784,784,784,784,784,784,783,783,783,784,784,784,784,784,784,784,784,784,784,784,784,784,784,784,784,784,784,784,784,784,784,784,784,784,784,784,785,785,785,784,784,783,784,784,784,785,786,785,785,785,785,784,784,784,785,785,786,785,785,785,785,785,785,785,785,786, -0.4291056, -0.0357588, -1.096314613374027, 
1712955940181655078, 56, 261, 25.224096298217773, 783, 780,780,781,781,781,781,781,782,783,782,780,781,781,781,781,782,782,782,783,783,781,781,781,781,782,782,782,783,783,783,781,782,782,782,782,782,783,783,783,783,781,782,782,782,783,783,783,783,783,783,782,783,783,783,783,783,783,783,783,783,783,784,784,784,784,783,784,784,784,784,783,784,784,784,784,784,784,784,784,784,784,784,784,784,784,783,784,784,784,785,785,785,785,785,784,784,784,784,785,785, -0.4285512, -0.034089299999999996, -1.0935471655860494, 
1712955940215112339, 56, 260, 24.990097045898438, 783, 780,781,781,781,781,781,781,782,783,783,781,781,781,781,781,782,782,783,783,783,781,781,781,781,782,782,782,783,783,783,781,781,781,782,782,782,783,783,783,783,781,782,782,782,782,783,783,783,783,783,782,782,782,783,783,783,783,784,783,784,782,783,782,783,783,783,783,783,784,784,783,783,783,783,784,783,784,784,784,784,783,783,783,783,784,784,784,784,784,785,783,784,783,783,784,783,784,784,784,785, -0.4285512, -0.032466, -1.0926479791000694, 
1712955940247639386, 56, 260, 25.079971313476562, 783, 780,780,780,781,781,781,782,783,783,783,781,781,781,781,781,782,782,783,783,783,781,781,781,781,782,782,782,783,783,783,781,781,781,782,782,783,783,784,784,784,781,782,782,782,782,783,783,783,783,784,781,782,782,782,783,783,783,784,784,784,782,783,782,783,783,783,783,784,784,784,783,784,783,784,784,784,784,784,784,784,784,784,784,784,784,784,784,784,784,784,784,784,784,785,785,784,784,785,785,785, -0.4285512, -0.032466, -1.0910710333071532, 
1712955940281469492, 55, 262, 25.29836082458496, 784, 780,781,781,781,782,782,782,782,783,783,781,781,781,782,782,782,782,783,783,783,781,781,782,782,782,782,783,783,783,783,782,782,782,782,782,783,783,783,783,783,782,782,783,783,783,783,783,783,783,783,784,784,784,784,784,784,784,784,784,784,784,784,784,784,784,784,784,784,784,784,785,785,785,784,784,784,784,784,784,785,785,785,785,785,785,784,784,784,785,785,786,785,785,785,785,785,785,785,786,786, -0.430731, -0.0357588, -1.0897533204526724, 
1712955940316258365, 56, 262, 24.990097045898438, 784, 781,781,781,781,782,782,783,783,783,783,781,781,782,782,782,783,783,784,784,784,781,782,782,782,783,783,783,784,783,784,782,782,782,783,783,784,784,784,784,784,782,783,783,783,784,784,784,784,784,784,784,784,784,784,784,784,784,784,784,785,785,785,785,785,785,784,784,784,784,785,785,785,785,785,784,784,784,784,784,785,787,786,786,786,785,785,785,785,785,786,788,787,787,787,786,785,785,785,785,786, -0.4291056, -0.0357588, -1.093533982322764, 
1712955940352074750, 55, 262, 25.023950576782227, 784, 780,781,781,781,782,782,782,782,783,783,781,781,781,782,782,783,783,783,783,783,781,781,782,782,782,783,783,783,783,783,781,782,782,782,783,783,783,783,784,783,782,783,783,783,784,784,783,784,784,784,783,784,784,784,784,784,784,784,784,784,784,784,784,784,784,784,784,784,784,784,785,784,784,785,784,784,783,784,784,784,785,785,785,785,785,785,784,784,784,784,785,785,785,786,785,785,785,785,785,785, -0.430731, -0.0357588, -1.0806443444447333, 
1712955940385248427, 55, 261, 25.298614501953125, 783, 780,781,781,781,781,781,781,781,782,782,780,781,781,781,781,782,782,782,783,783,781,781,781,781,782,782,782,783,783,783,781,781,782,782,782,782,783,783,783,783,781,782,782,782,782,783,783,783,783,783,782,782,782,782,783,783,783,783,783,784,783,783,783,783,784,784,784,784,784,784,783,784,784,784,784,784,784,784,785,785,784,784,784,784,784,784,784,784,785,785,785,785,785,785,785,785,785,785,786,786, -0.43017449999999996, -0.034089299999999996, -1.0880370266166193, 
1712955940419351785, 56, 262, 25.16455841064453, 784, 781,781,781,782,782,783,783,783,783,783,781,781,782,782,783,783,783,784,783,783,781,782,782,782,783,783,783,783,783,783,782,782,782,783,783,784,784,784,784,784,782,783,783,783,784,784,784,784,784,784,783,784,784,784,784,784,784,784,784,784,784,784,784,784,784,784,784,784,784,785,785,784,784,784,784,783,784,784,784,785,786,785,785,785,784,784,784,785,785,784,786,785,785,785,785,783,784,784,785,785, -0.4291056, -0.0357588, -1.0886743456181676, 
1712955940451103089, 55, 262, 25.63248062133789, 784, 780,781,781,781,781,782,782,783,783,783,780,781,781,781,781,782,783,783,784,783,781,781,781,781,782,782,783,783,783,783,781,781,782,782,782,783,783,783,784,784,782,782,783,782,783,783,783,783,784,784,783,783,784,783,784,784,784,784,784,784,784,784,784,784,784,784,784,784,784,784,785,784,784,784,784,784,783,783,784,784,786,785,785,785,785,784,783,784,784,785,786,785,785,785,785,784,783,784,785,785, -0.430731, -0.0357588, -1.0836703868931272, 
1712955940481381388, 56, 262, 25.224096298217773, 784, 781,781,781,781,782,782,782,783,783,783,781,781,781,782,782,782,783,783,783,783,781,782,782,782,782,782,783,783,783,783,782,782,782,782,783,783,783,783,783,784,782,783,783,783,783,783,783,783,784,784,784,784,784,784,784,784,784,784,784,784,784,785,784,784,784,784,784,784,784,784,785,785,785,784,784,783,783,784,784,784,786,785,785,785,785,784,784,784,785,785,786,785,785,785,785,785,785,785,786,786, -0.4291056, -0.0357588, -1.09573923744103, 
1712955940514974341, 55, 262, 25.401870727539062, 784, 781,781,782,782,782,783,783,783,784,783,781,781,782,782,783,783,783,783,784,783,781,782,783,782,783,783,783,783,784,783,782,782,783,783,783,784,784,784,784,784,782,783,783,783,784,784,784,784,784,783,783,783,784,784,784,784,784,784,784,784,783,784,784,784,784,784,784,784,784,784,784,785,784,784,784,784,784,784,784,784,785,785,785,785,785,785,785,785,785,785,785,786,786,786,786,787,781,787,787,787, -0.430731, -0.0357588, -1.0985584855223047, 
1712955940547333077, 56, 261, 25.023944854736328, 783, 780,781,781,781,781,781,782,782,783,783,781,781,781,781,782,782,782,783,783,783,781,781,781,781,782,782,782,783,783,783,781,781,781,782,782,782,783,783,783,783,781,782,782,782,782,783,783,783,783,784,782,782,782,783,783,783,783,783,783,784,783,784,783,784,784,783,783,784,784,784,783,783,783,784,784,784,784,784,784,785,784,784,784,784,784,784,784,784,785,785,786,785,785,785,785,784,785,785,785,785, -0.4285512, -0.034089299999999996, -1.0906098276431297, 
1712955940581197433, 56, 262, 25.487445831298828, 784, 781,781,781,781,782,782,783,783,783,783,781,781,781,782,782,783,783,784,783,783,781,782,782,782,782,783,783,784,783,783,781,782,782,783,783,783,783,784,784,784,782,783,782,783,783,783,783,784,784,784,784,784,784,784,784,784,784,784,784,784,784,785,784,784,784,784,784,784,784,784,785,785,785,785,784,784,784,784,783,784,786,786,786,786,785,785,784,784,784,784,787,787,787,787,787,786,785,784,784,785, -0.4291056, -0.0357588, -1.0929323847697865, 
1712955940615153237, 55, 262, 25.402149200439453, 784, 780,781,781,781,781,782,782,783,784,783,780,781,781,781,782,782,783,783,784,784,781,781,782,782,782,782,783,783,784,783,782,782,783,782,783,783,783,783,784,784,782,782,783,783,783,784,783,783,784,784,783,783,784,784,784,784,784,784,784,784,784,784,784,784,784,784,784,784,784,784,785,785,785,785,784,784,784,784,784,784,785,785,785,785,785,785,785,785,785,785,786,786,785,786,786,787,787,786,785,785, -0.430731, -0.0357588, -1.088125850692937, 
1712955940647406223, 55, 263, 25.496505737304688, 784, 781,781,781,782,782,783,783,783,784,783,781,781,782,782,782,783,783,783,783,783,781,782,783,782,783,783,783,784,784,783,782,782,783,783,783,784,783,784,784,784,783,783,784,784,784,784,784,784,784,784,783,784,784,784,784,784,784,784,784,784,784,784,784,784,784,784,784,784,784,784,784,784,784,784,784,784,784,784,784,784,784,785,785,785,784,785,784,785,785,785,784,785,785,785,785,785,784,785,2047,2047, -0.430731, -0.0373842, -1.110845310110537, 
1712955940681126607, 56, 262, 25.009235382080078, 784, 781,781,781,781,782,782,783,783,783,783,781,781,781,782,782,783,783,784,784,784,781,782,782,782,783,783,783,784,784,784,782,782,782,783,783,783,783,784,784,784,782,783,783,783,783,783,783,784,784,784,783,784,784,784,784,784,784,784,784,785,784,784,784,784,784,784,784,784,784,784,784,784,784,784,784,783,783,784,784,784,785,785,785,785,785,784,785,785,785,785,786,786,785,786,786,785,786,785,786,786, -0.4291056, -0.0357588, -1.0946393896428703, 
1712955940715280056, 56, 261, 24.824481964111328, 783, 780,781,781,781,781,782,782,782,783,783,780,781,781,781,782,782,782,782,783,783,781,781,781,781,782,782,783,783,783,783,781,782,781,782,782,782,783,783,783,783,781,782,782,782,783,783,783,783,783,784,782,783,782,783,783,783,783,783,783,784,783,784,784,784,784,783,783,784,784,784,784,784,784,784,784,784,783,784,784,785,784,785,784,784,784,784,784,784,784,785,785,785,785,785,785,784,784,785,785,785, -0.4285512, -0.034089299999999996, -1.0929482850265473, 
1712955940748245991, 55, 262, 25.318077087402344, 783, 780,781,781,781,782,782,783,783,783,783,781,781,782,782,782,783,783,783,784,783,781,781,782,782,783,783,783,783,784,783,781,782,783,783,783,783,784,784,784,784,782,782,783,783,783,783,784,784,784,784,782,783,783,783,783,783,783,784,784,784,782,783,784,783,783,783,784,784,784,784,782,783,784,783,783,783,783,783,784,784,784,786,785,785,784,784,784,784,784,784,784,787,785,785,785,785,784,785,785,785, -0.43017449999999996, -0.0357126, -1.0811586236271895, 
1712955940781756103, 55, 262, 25.913253784179688, 784, 780,781,781,781,781,782,782,782,783,783,781,781,781,781,782,782,782,783,783,783,781,781,782,782,782,782,783,783,783,783,781,782,782,782,783,783,783,783,783,783,782,782,783,783,783,783,783,783,783,784,783,783,784,784,784,784,784,784,784,784,783,784,784,784,784,784,784,784,784,785,784,784,784,784,784,784,784,784,785,785,784,785,785,785,785,784,784,784,785,785,784,785,785,785,785,785,785,785,786,786, -0.430731, -0.0357588, -1.1023979449249783, 
1712955940815281749, 56, 261, 25.16455841064453, 783, 781,781,781,781,782,782,782,783,783,783,781,781,781,781,782,782,783,783,784,783,781,781,781,782,782,783,783,784,784,784,781,782,782,782,783,783,783,784,783,784,782,782,782,783,783,784,783,784,784,784,782,783,782,783,783,783,783,784,784,784,783,784,783,783,784,784,783,784,784,784,783,784,783,784,784,784,784,784,784,785,783,784,783,783,783,783,784,784,784,785,784,784,784,784,784,784,784,784,784,785, -0.4285512, -0.034089299999999996, -1.0915188517524996, 
1712955940848161831, 55, 262, 25.509355545043945, 784, 780,781,781,781,781,782,782,782,783,783,780,781,781,781,782,782,783,783,783,783,781,781,782,782,782,782,783,783,783,783,781,781,782,782,782,783,783,783,784,783,782,782,783,783,783,783,783,783,783,783,783,783,784,783,783,784,783,783,784,784,783,783,784,784,784,784,784,784,784,784,784,783,784,784,784,784,783,784,784,784,784,784,784,784,784,784,784,785,785,785,784,784,784,784,784,785,784,785,785,786, -0.430731, -0.0357588, -1.0832204581443055, 
1712955940881664000, 55, 261, 25.318077087402344, 783, 780,780,781,781,781,781,781,782,782,783,780,781,781,781,781,781,782,782,782,783,781,781,781,781,781,782,782,782,783,783,781,781,782,781,781,782,782,782,783,783,781,782,782,782,782,782,783,783,783,783,782,782,783,782,783,783,783,783,784,784,783,783,783,783,783,784,783,783,784,784,783,783,784,783,783,784,784,784,784,784,784,784,784,784,783,783,783,783,784,784,784,784,784,784,784,784,783,784,784,784, -0.43017449999999996, -0.034089299999999996, -1.0816341341931481, 
1712955940915416283, 56, 262, 25.496728897094727, 783, 781,781,781,781,781,781,782,782,782,782,781,781,781,781,781,782,782,782,782,783,781,781,781,781,782,782,782,782,782,783,781,782,782,782,782,783,783,783,783,784,782,783,782,783,783,783,783,783,783,784,783,783,783,783,784,783,783,783,784,784,784,784,784,784,784,784,784,784,784,784,784,784,784,784,784,784,784,784,784,785,785,785,785,785,785,785,785,785,785,785,785,785,786,786,786,785,785,785,786,786, -0.4285512, -0.0357126, -1.0924180994974946, 
1712955940948381492, 58, 262, 25.09494972229004, 783, 781,781,781,781,782,782,782,782,783,783,781,781,781,782,782,782,782,783,783,783,781,781,781,782,782,782,782,783,783,784,781,781,782,782,782,782,783,784,784,784,782,782,782,783,783,782,783,784,784,784,782,783,783,783,783,783,783,784,784,785,782,783,783,783,783,783,784,784,785,785,782,783,783,783,783,783,783,784,784,785,783,783,784,783,783,784,784,785,785,785,784,784,784,784,784,784,785,785,785,786, -0.4253046, -0.0357126, -1.1022229658929399, 
1712955940981349527, 63, 261, 24.941747665405273, 783, 781,781,781,781,781,782,782,782,782,783,781,781,781,782,781,782,782,782,783,783,781,781,782,782,782,782,782,783,783,783,781,781,782,782,782,782,782,783,783,784,782,782,783,783,783,783,783,783,784,784,782,782,782,783,783,783,783,784,784,784,782,782,783,783,783,783,784,784,784,785,783,783,783,784,783,783,784,784,784,785,783,783,784,784,783,783,784,784,784,785,784,784,784,784,784,784,784,784,785,785, -0.41718809999999995, -0.034089299999999996, -1.1092856030926277, 
1712955941015710100, 69, 261, 25.413599014282227, 784, 781,781,781,781,782,782,782,783,784,784,781,781,781,782,782,782,783,783,784,784,782,782,782,782,782,783,783,783,784,784,782,782,782,783,783,783,783,784,784,784,783,783,783,784,784,783,784,784,784,785,783,783,784,784,784,784,784,784,785,785,784,784,784,784,784,784,784,785,785,785,784,784,784,784,784,784,784,785,785,785,784,784,785,785,785,785,785,785,785,786,785,785,785,785,785,785,785,785,785,787, -0.4079754, -0.034133399999999994, -1.1092293364937724, 
1712955941047942957, 79, 261, 24.295888900756836, 785, 782,782,782,783,783,784,784,784,784,784,782,783,783,783,784,784,784,784,784,784,783,783,783,783,784,784,784,784,784,784,783,784,784,784,784,785,785,784,784,785,784,784,784,784,785,785,785,785,785,785,784,784,784,785,785,785,785,785,785,785,784,784,785,785,785,785,786,785,786,786,785,785,785,785,785,785,786,785,786,785,785,786,786,786,786,786,786,786,787,786,785,787,787,787,787,787,788,788,788,2047, -0.39222749999999995, -0.03417749999999999, -1.0910730441950929, 
1712955941081586214, 86, 260, 24.748836517333984, 784, 781,781,781,782,782,782,782,783,784,784,781,781,781,782,782,782,782,783,784,784,782,781,782,782,783,783,783,783,784,784,782,782,782,783,783,783,783,784,784,784,782,782,783,783,783,783,784,784,785,785,783,783,783,784,784,784,784,784,785,785,784,784,784,784,784,784,784,785,785,786,784,784,784,785,784,784,785,785,786,786,784,784,784,784,784,784,785,785,786,786,784,784,784,784,784,784,785,785,786,787, -0.3803436, -0.032507999999999995, -1.1183099101480725, 
1712955941115327941, 94, 261, 24.415483474731445, 785, 782,782,782,782,783,782,782,783,783,783,782,782,782,782,783,782,783,783,784,784,783,782,782,782,783,783,783,784,784,784,783,783,783,783,784,784,784,784,784,784,784,784,784,784,784,784,785,784,785,785,784,784,785,784,785,785,785,785,785,785,785,785,785,785,785,785,786,786,786,786,785,785,785,786,786,786,786,786,786,786,786,786,787,787,787,787,787,787,787,787,786,787,787,787,787,787,787,787,787,787, -0.367815, -0.03417749999999999, -1.0841290631188842, 
1712955941148025774, 103, 262, 23.83824920654297, 784, 783,783,782,783,784,784,784,784,784,784,783,783,783,783,784,784,784,784,784,784,784,784,784,784,784,784,784,784,785,785,784,784,784,784,785,784,785,785,785,785,785,785,785,785,785,785,785,785,785,785,785,785,785,785,785,784,785,785,785,785,785,786,785,785,785,785,785,785,786,786,786,786,786,785,785,785,785,786,786,787,786,786,785,785,785,785,786,786,787,788,786,786,786,786,785,786,787,786,788,788, -0.35271179999999996, -0.0357588, -1.088032686506746, 
1712955941183702459, 111, 262, 23.938167572021484, 786, 784,784,784,784,784,784,784,784,784,785,784,784,784,784,784,784,784,784,784,785,784,784,784,784,784,785,785,785,785,785,785,785,785,785,785,785,785,785,785,785,785,785,785,785,785,785,786,785,785,786,785,785,785,786,785,786,786,786,786,786,786,786,786,786,786,786,787,787,787,787,786,786,786,787,786,787,787,787,787,788,788,787,788,788,787,788,788,788,788,788,788,788,788,788,788,789,789,788,788,789, -0.34058639999999996, -0.0358512, -1.0885970345550235, 
1712955941217659862, 119, 261, 23.937339782714844, 785, 783,783,783,783,782,783,783,783,784,784,784,784,784,784,783,783,784,783,784,784,784,784,784,784,783,784,784,784,784,784,784,784,784,784,784,784,784,784,784,784,785,785,785,785,784,784,785,784,785,784,785,786,785,785,785,785,785,785,785,785,786,786,786,785,786,786,786,785,786,785,786,787,786,786,787,787,787,786,787,786,787,787,786,786,787,787,787,786,786,786,787,787,787,787,787,787,787,787,787,787, -0.3271275, -0.03417749999999999, -1.0879289365497886, 
1712955941249113020, 127, 260, 23.64856719970703, 784, 781,781,782,782,782,782,782,782,783,783,782,781,782,782,782,782,782,783,784,784,782,782,782,782,782,783,783,783,784,784,783,782,782,782,783,783,783,783,784,784,783,783,783,783,783,784,784,784,784,784,784,783,784,784,784,784,784,784,784,785,784,784,784,784,784,784,784,785,785,785,785,785,785,784,784,784,784,785,785,785,786,785,785,784,784,784,785,785,785,786,786,786,786,785,785,785,785,786,786,786, -0.3137022, -0.032507999999999995, -1.0868034478508894, 
1712955941281866945, 135, 262, 24.163978576660156, 785, 783,783,783,783,783,783,783,783,783,783,783,783,783,783,783,783,783,783,783,783,784,784,784,784,784,784,784,784,784,784,784,784,784,784,784,784,784,784,784,784,785,785,784,784,784,784,784,784,784,784,785,785,785,785,785,785,785,784,784,784,785,786,785,785,785,785,785,784,784,784,786,786,786,785,785,785,785,785,785,785,787,787,786,786,786,786,785,785,785,785,788,788,787,787,787,787,786,786,786,786, -0.30108749999999995, -0.035805, -1.0974809494140223, 
1712955941318619279, 144, 260, 23.4462947845459, 784, 782,782,782,782,782,782,782,783,783,783,782,782,782,782,782,783,783,783,783,783,783,783,783,783,783,783,783,783,784,784,784,784,784,783,784,784,783,784,784,784,784,784,784,784,784,784,784,784,784,784,784,784,784,784,784,784,784,784,785,785,785,785,784,784,784,784,784,785,785,785,785,785,785,785,784,785,785,785,785,785,786,785,785,785,785,785,785,785,785,785,786,785,785,785,785,785,785,785,785,785, -0.2860704, -0.032507999999999995, -1.083511443126122, 
1712955941347424014, 153, 261, 23.42596435546875, 784, 782,783,783,783,783,783,783,783,783,782,783,783,783,783,783,783,783,783,783,783,783,783,783,783,783,783,783,784,784,784,784,784,784,784,783,784,784,784,784,784,784,784,784,784,784,784,784,784,784,784,784,784,784,784,784,784,784,784,784,784,785,785,784,784,784,784,784,784,784,784,785,785,785,785,785,785,785,785,785,785,785,785,785,785,785,785,785,785,785,786,786,786,786,786,787,787,787,787,787,786, -0.2714418, -0.034133399999999994, -1.0886862311516272, 
1712955941381534791, 161, 261, 23.300188064575195, 784, 783,782,782,782,782,782,782,782,782,782,783,783,782,782,782,782,782,782,782,782,784,783,783,782,783,782,783,783,782,783,784,784,783,783,783,783,783,783,783,783,784,784,784,783,783,783,783,783,783,784,784,784,784,783,784,784,784,784,784,784,784,784,784,784,784,784,784,784,784,784,785,785,785,784,784,785,785,785,785,785,785,785,785,785,785,785,785,785,785,785,787,787,786,2047,787,786,786,786,786,786, -0.2584386, -0.034133399999999994, -1.0847354601956656, 
1712955941414921674, 169, 260, 23.089035034179688, 784, 781,781,781,781,781,781,781,781,781,781,782,781,781,781,781,781,781,781,781,782,783,782,783,782,782,782,781,781,781,782,783,783,783,783,782,782,782,781,782,782,784,784,784,784,783,783,782,782,783,783,784,784,784,784,784,784,783,783,784,783,784,784,784,784,784,784,784,784,784,784,785,785,785,785,785,784,784,784,785,784,785,785,785,785,785,785,785,785,785,785,785,785,785,785,785,785,785,785,785,785, -0.2454354, -0.032507999999999995, -1.0827785082094117, 
1712955941449366260, 178, 261, 22.915796279907227, 784, 782,782,781,781,781,781,781,781,781,781,782,782,781,781,781,781,781,781,781,781,783,782,782,782,781,781,782,781,781,781,783,783,782,782,781,782,783,782,782,782,784,783,783,782,782,782,783,783,782,783,784,784,784,784,783,784,784,784,784,784,785,785,785,785,785,785,785,784,785,785,786,786,785,785,785,786,785,785,785,785,787,787,786,786,787,786,786,786,785,786,787,787,787,787,787,787,786,786,786,786, -0.23080679999999998, -0.034133399999999994, -1.0848656037142195, 
1712955941483143536, 186, 261, 22.8090877532959, 784, 782,782,781,781,782,782,781,781,781,781,782,782,782,782,783,782,782,782,782,782,783,782,782,782,783,783,782,782,782,782,783,783,783,783,784,783,783,783,783,782,784,784,783,784,784,784,784,784,783,783,785,785,784,785,785,784,784,784,784,784,786,786,785,785,785,785,785,785,785,784,786,786,786,786,786,785,785,785,785,784,787,787,786,787,786,786,786,785,785,785,788,788,787,787,787,786,786,786,785,785, -0.21780359999999999, -0.034133399999999994, -1.0847397973039725, 
1712955941516651890, 194, 261, 22.8474178314209, 784, 783,783,782,782,781,781,781,781,781,781,784,783,782,782,781,781,781,781,781,781,784,783,782,782,781,781,781,781,781,781,784,784,783,782,781,781,781,781,781,781,785,784,784,783,782,782,782,782,782,782,785,785,785,784,783,784,783,783,782,783,785,785,785,785,784,785,784,784,783,784,786,785,785,785,785,785,785,784,784,784,786,786,786,785,785,785,785,785,785,785,787,787,787,786,786,786,785,785,785,785, -0.2048004, -0.034133399999999994, -1.0833618994052145, 
1712955941548444736, 202, 260, 22.222082138061523, 783, 781,781,781,781,781,781,781,780,781,780,782,781,781,781,781,781,781,781,781,780,782,782,782,781,781,781,781,781,781,781,782,782,782,781,781,781,781,781,781,781,783,783,782,782,782,782,782,782,782,782,784,784,783,783,783,783,782,782,782,782,784,784,784,784,784,783,783,783,783,783,784,784,785,784,784,784,784,784,784,784,785,785,785,785,785,784,784,784,784,784,785,786,786,785,785,785,785,785,785,784, -0.19154939999999998, -0.032466, -1.081305657149199, 
1712955941589266353, 210, 261, 22.54716682434082, 783, 782,782,781,781,780,780,780,780,780,780,783,782,782,781,781,781,781,781,780,781,784,783,783,782,781,781,781,781,781,781,784,784,783,783,782,782,782,781,781,782,784,784,784,783,783,783,782,782,782,782,785,785,784,784,784,783,783,783,783,783,785,785,784,784,784,783,783,783,783,783,785,785,784,784,784,784,784,784,784,784,785,785,785,784,784,784,784,784,784,784,785,785,785,784,784,784,784,784,784,784, -0.178563, -0.034089299999999996, -1.082422045630878, 
1712955941617720009, 218, 261, 22.20263671875, 783, 782,782,782,781,781,781,781,781,781,781,782,782,782,782,782,781,781,781,781,781,783,783,783,783,782,782,781,781,781,781,784,784,784,783,783,783,782,782,782,782,785,784,784,784,784,783,783,783,783,783,785,785,784,784,784,783,783,783,783,783,785,785,784,784,784,784,784,783,783,783,785,785,785,784,784,784,784,784,783,783,786,785,785,785,785,784,784,784,784,784,786,786,785,785,785,785,785,784,785,785, -0.1655766, -0.034089299999999996, -1.0819960697644344, 
1712955941647810552, 225, 261, 22.07791519165039, 784, 784,784,784,783,782,782,782,781,781,781,784,784,784,783,783,782,782,782,781,781,785,784,784,784,783,782,782,782,781,781,785,785,785,784,784,783,783,783,782,782,785,785,785,785,785,784,784,784,783,783,785,785,785,785,785,784,784,784,783,783,785,785,785,785,785,784,784,784,784,784,785,785,785,785,785,784,785,785,784,784,785,785,785,785,785,784,785,785,785,784,785,785,785,785,785,785,785,785,785,785, -0.154413, -0.034133399999999994, -1.0824040980042031, 
1712955941681477485, 233, 261, 22.110145568847656, 785, 783,783,783,782,782,782,781,781,781,781,784,784,783,783,782,782,781,781,781,781,784,784,784,783,783,783,782,782,782,781,784,785,784,784,784,783,783,782,782,782,785,785,785,784,784,784,784,783,783,783,786,785,785,785,785,785,784,784,784,784,786,786,785,785,785,785,785,784,784,784,786,786,786,786,786,786,785,785,785,785,787,787,786,786,786,786,786,785,785,785,787,787,786,786,786,786,786,785,785,785, -0.1415925, -0.03417749999999999, -1.0824836214196276, 
1712955941715418716, 240, 260, 21.633407592773438, 783, 783,783,783,782,782,781,781,781,781,780,784,783,783,782,782,782,781,781,781,781,784,784,783,783,782,782,781,781,781,781,784,784,784,783,783,783,782,782,781,781,784,784,784,784,783,783,782,782,782,781,785,784,784,784,784,783,783,783,782,782,785,785,785,785,785,784,784,783,783,783,2047,785,785,785,785,785,784,784,783,783,2047,2047,786,785,785,785,784,784,784,783,2047,786,786,786,786,785,785,785,784,784, -0.129864, -0.032466, -1.0809461259729751, 
1712955941747321902, 247, 260, 22.209331512451172, 783, 784,783,783,782,781,781,781,781,780,780,784,784,783,783,782,782,781,781,781,781,784,784,783,783,782,782,781,781,781,781,784,784,784,783,783,782,782,781,781,781,785,784,784,784,784,783,783,782,782,782,785,784,784,784,784,783,783,783,783,783,784,784,784,784,784,784,784,783,783,784,784,784,784,784,784,784,784,784,784,784,785,784,784,784,784,784,784,784,784,784,785,784,785,785,785,784,784,784,785,785, -0.11850089999999999, -0.032466, -1.0809369153108097, 
1712955941781465081, 254, 261, 21.954702377319336, 785, 785,784,784,784,783,782,782,781,781,781,785,785,784,784,784,783,782,782,782,781,785,785,785,784,784,784,783,783,782,782,785,785,785,785,784,784,784,783,783,782,786,785,785,785,785,784,784,784,784,784,786,786,786,785,785,785,785,785,784,784,786,786,786,786,785,785,785,785,785,785,787,787,786,786,786,785,785,785,785,785,787,787,787,787,786,786,786,785,785,785,787,788,787,787,787,786,786,785,785,785, -0.107415, -0.03417749999999999, -1.0957228105702523, 
1712955941829243061, 262, 261, 21.914844512939453, 785, 785,785,784,784,784,784,783,782,781,782,785,785,785,784,784,784,783,782,782,782,785,785,785,785,784,784,784,783,783,783,785,785,785,785,784,784,784,784,784,784,785,785,785,785,785,785,784,784,784,784,785,785,785,785,785,785,784,784,784,784,785,785,785,785,785,785,784,785,785,784,785,785,785,785,785,784,784,784,784,784,785,785,785,785,785,784,784,784,784,784,785,785,785,785,785,785,785,785,785,784, -0.09439499999999999, -0.03417749999999999, -1.0901333595856968, 
1712955941855805748, 269, 261, 21.79522132873535, 785, 785,785,785,785,784,784,783,784,783,783,786,786,785,785,785,784,784,784,784,783,787,787,786,785,785,785,784,784,784,784,787,787,786,786,785,785,785,785,784,784,788,787,786,786,786,785,785,785,785,784,788,787,786,786,785,785,785,785,785,784,2047,787,785,785,785,785,785,785,785,785,2047,786,785,785,785,785,785,785,785,785,785,784,784,784,784,785,785,785,785,785,786,785,784,784,784,785,785,785,785,786, -0.08300249999999999, -0.03417749999999999, -1.0865007940503664, 
1712955941883075923, 277, 260, 21.711692810058594, 785, 786,785,785,784,784,784,783,783,782,782,786,785,785,785,784,784,784,783,782,782,786,786,785,785,784,784,784,783,783,782,787,786,786,785,785,784,784,784,783,783,787,786,786,785,785,785,785,784,784,783,2047,787,786,786,786,785,785,784,784,784,787,787,787,786,786,786,785,785,784,784,2047,786,786,786,786,785,785,784,784,784,2047,785,785,785,785,785,785,784,784,784,784,786,786,786,786,786,785,785,784,784, -0.0699825, -0.032549999999999996, -1.0815654810940287, 
1712955941917021259, 284, 261, 21.914884567260742, 785, 785,785,785,785,785,784,784,783,782,781,785,785,785,785,784,784,784,783,782,782,785,785,785,785,785,784,784,783,783,782,2047,785,785,785,785,785,785,784,784,783,2047,2047,785,786,785,785,785,785,784,784,2047,2047,785,785,785,785,785,785,784,784,2047,784,784,785,784,785,784,784,784,784,2047,784,784,784,784,784,784,784,784,784,2047,784,784,784,784,785,785,785,784,784,783,784,784,785,785,785,785,785,785,784, -0.058589999999999996, -0.03417749999999999, -1.0812060731670043, 
1712955941949682672, 291, 261, 22.027393341064453, 784, 785,785,785,785,784,784,784,784,783,783,785,785,785,785,784,784,784,784,784,783,785,785,785,785,785,784,784,784,784,784,785,785,785,785,785,785,784,784,784,784,2047,785,785,785,785,785,785,785,785,784,785,785,785,785,784,784,785,785,785,785,2047,2047,783,783,783,784,784,785,785,784,2047,2047,783,783,783,783,784,784,784,784,2047,2047,2047,782,782,783,783,784,784,784,784,784,783,783,783,783,784,784,784,784, -0.047136599999999994, -0.034133399999999994, -1.1382058423479884, 
1712955941983661235, 299, 261, 21.667552947998047, 786, 787,787,786,785,785,785,784,784,784,783,2047,787,786,785,786,785,785,784,784,784,2047,2047,786,785,786,785,785,784,784,784,2047,2047,786,786,786,785,785,785,784,784,2047,2047,786,786,786,786,785,785,785,784,2047,2047,2047,786,787,786,786,785,785,785,2047,2047,2047,785,787,786,786,785,785,785,2047,2047,2047,784,785,785,785,785,785,785,2047,2047,783,784,784,784,785,785,785,785,783,784,784,784,784,785,785,785,785,785, -0.0342216, -0.0342216, -1.1405885063970467, 
1712955942016601352, 307, 260, 22.08133888244629, 787, 788,788,787,786,785,785,784,784,784,783,2047,788,787,786,786,785,785,784,784,784,2047,789,788,787,786,786,785,785,785,784,2047,2047,788,788,787,787,786,785,785,785,2047,2047,2047,788,787,787,786,786,786,785,2047,2047,2047,2047,787,787,786,786,786,785,2047,2047,2047,2047,787,787,787,786,786,786,2047,2047,2047,2047,2047,787,787,787,786,786,2047,2047,2047,2047,2047,2047,787,787,787,787,2047,2047,2047,2047,2047,786,786,786,786,787, -0.0212121, -0.032634, -1.153837698957914, 
1712955942049830158, 313, 261, 21.960859298706055, 786, 2047,2047,2047,786,785,785,785,785,785,784,2047,2047,2047,787,786,785,785,785,785,785,2047,2047,2047,2047,787,786,785,785,785,785,2047,2047,2047,2047,787,786,786,785,785,785,2047,2047,2047,2047,2047,786,785,785,785,785,2047,2047,2047,2047,2047,786,785,785,785,784,2047,2047,2047,2047,2047,784,784,784,785,784,780,780,780,781,782,783,783,784,784,784,780,780,780,781,781,782,782,783,784,783,2047,783,782,782,783,783,783,783,784,784, -0.0114072, -0.0342216, -1.1593064668674933, 
1712955942092529434, 321, 260, 21.783023834228516, 2047, 2047,2047,2047,2047,787,787,786,786,785,785,2047,2047,2047,2047,2047,787,787,786,786,785,2047,2047,2047,2047,2047,787,787,786,786,785,2047,2047,2047,2047,2047,788,787,787,786,785,2047,2047,2047,2047,2047,2047,788,787,786,786,2047,2047,2047,2047,2047,2047,789,787,786,786,2047,2047,2047,2047,2047,2047,2047,787,786,786,2047,2047,2047,2047,2047,2047,2047,787,786,786,2047,2047,2047,2047,2047,2047,2047,2047,786,786,2047,2047,2047,2047,2047,2047,2047,2047,786,786, 0.0042777, -0.08555399999999999, -1.1688513082559993, 
1712955942132332355, 328, 260, 21.938186645507812, 2047, 2047,2047,2047,787,787,787,786,786,786,785,2047,2047,2047,2047,787,788,787,786,786,786,2047,2047,2047,2047,2047,788,787,787,786,786,2047,2047,2047,2047,2047,788,788,787,786,786,2047,2047,2047,2047,2047,2047,788,788,787,786,2047,2047,2047,2047,2047,2047,2047,2047,787,786,2047,2047,2047,2047,2047,2047,2047,2047,786,786,2047,2047,2047,2047,2047,2047,2047,786,2047,786,2047,2047,2047,2047,2047,2047,2047,2047,786,786,2047,2047,786,785,2047,2047,785,785,785,785, 0.0342216, -0.08555399999999999, -1.2055164478824378, 
1712955942170906261, 334, 260, 22.07254981994629, 2047, 2047,2047,2047,2047,2047,787,787,786,786,786,2047,2047,2047,2047,2047,2047,787,787,786,786,2047,2047,2047,2047,2047,2047,2047,788,787,786,2047,2047,2047,2047,2047,2047,2047,2047,787,787,2047,2047,2047,2047,2047,2047,2047,2047,789,787,2047,2047,2047,2047,2047,2047,2047,2047,2047,2047,2047,2047,2047,2047,2047,2047,2047,2047,2047,2047,2047,2047,2047,2047,2047,2047,2047,2047,2047,2047,2047,2047,2047,2047,2047,2047,2047,2047,2047,2047,2047,2047,2047,2047,2047,2047,2047,2047,2047,2047, 0.0598878, -0.08555399999999999, -1.2559093904451624, 
1712955942202883335, 341, 261, 22.3020076751709, 2047, 2047,2047,2047,2047,2047,2047,787,787,787,787,2047,2047,2047,2047,2047,2047,2047,788,788,787,2047,2047,2047,2047,2047,2047,2047,2047,788,787,2047,2047,2047,2047,2047,2047,2047,2047,788,787,2047,2047,2047,2047,2047,2047,2047,2047,2047,788,2047,2047,2047,2047,2047,2047,2047,2047,2047,788,2047,2047,2047,2047,2047,2047,2047,2047,2047,2047,2047,2047,2047,2047,2047,2047,2047,2047,2047,2047,2047,2047,2047,2047,2047,2047,2047,2047,2047,2047,2047,2047,2047,2047,2047,2047,2047,2047,2047,2047, 0.0898317, -0.0898317, -1.2637801625787937, 
1712955942238400146, 347, 261, 22.218046188354492, 2047, 2047,2047,2047,2047,2047,2047,2047,2047,788,787,2047,2047,2047,2047,2047,2047,2047,2047,2047,787,2047,2047,2047,2047,2047,2047,2047,2047,2047,2047,2047,2047,2047,2047,2047,2047,2047,2047,2047,2047,2047,2047,2047,2047,2047,2047,2047,2047,2047,2047,2047,2047,2047,2047,2047,2047,2047,2047,2047,2047,2047,2047,2047,2047,2047,2047,2047,2047,2047,2047,2047,2047,2047,2047,2047,2047,2047,2047,2047,2047,2047,2047,2047,2047,2047,2047,2047,2047,2047,2047,783,783,783,783,2047,2047,2047,784,784,785, 0.11549789999999999, -0.0898317, -1.2891172383648557, 
1712955942271152722, 353, 260, 22.154983520507812, 2047, 2047,2047,2047,2047,2047,2047,2047,2047,2047,787,2047,2047,2047,2047,2047,2047,2047,2047,2047,787,2047,2047,2047,2047,2047,2047,2047,2047,2047,2047,2047,2047,2047,2047,2047,2047,2047,2047,2047,2047,2047,2047,2047,2047,2047,2047,2047,2047,2047,2047,2047,2047,2047,2047,2047,2047,2047,2047,2047,2047,933,2047,2047,2047,2047,2047,2047,2047,2047,2047,933,934,934,934,2047,2047,2047,2047,2047,786,934,934,935,935,934,2047,785,786,786,785,935,935,935,935,786,786,786,786,786,786, 0.1411641, -0.08555399999999999, -1.32242038367327, 
1712955942303011665, 360, 260, 21.92085838317871, 2047, 2047,2047,2047,2047,2047,2047,2047,2047,2047,788,2047,2047,2047,2047,2047,2047,2047,2047,2047,2047,2047,2047,2047,2047,2047,2047,2047,2047,2047,2047,2047,2047,2047,2047,2047,2047,2047,2047,2047,2047,2047,2047,2047,2047,2047,2047,2047,2047,2047,2047,2047,2047,2047,2047,2047,2047,2047,2047,2047,2047,2047,2047,2047,2047,2047,2047,2047,2047,2047,2047,2047,2047,2047,2047,2047,2047,2047,2047,2047,2047,2047,2047,2047,2047,2047,2047,2047,2047,2047,2047,783,784,784,784,784,2047,2047,2047,2047,2047, 0.17110799999999998, -0.08555399999999999, -1.3404083789181613, 
1712955942347552155, 366, 260, 21.964115142822266, 2047, 2047,2047,2047,2047,2047,2047,2047,2047,2047,789,2047,2047,2047,2047,2047,2047,2047,2047,2047,2047,2047,2047,2047,2047,2047,2047,2047,2047,2047,2047,2047,2047,2047,2047,2047,2047,2047,2047,2047,2047,2047,2047,2047,2047,2047,2047,2047,2047,2047,2047,933,2047,2047,2047,2047,2047,2047,2047,2047,2047,934,934,2047,2047,2047,2047,2047,2047,2047,2047,934,934,2047,2047,2047,2047,2047,2047,2047,2047,934,934,934,2047,2047,2047,2047,2047,2047,2047,935,935,2047,2047,2047,2047,2047,2047,2047,2047, 0.19677419999999998, -0.08555399999999999, -1.4027365805759824, 
1712955942375578265, 372, 261, 22.1370906829834, 2047, 2047,2047,2047,2047,2047,2047,2047,2047,2047,790,2047,2047,2047,2047,2047,2047,2047,2047,2047,2047,933,2047,2047,2047,2047,2047,2047,2047,2047,2047,933,933,933,2047,2047,2047,2047,2047,2047,2047,933,933,933,2047,2047,2047,2047,2047,2047,2047,933,933,933,933,2047,2047,2047,2047,2047,2047,933,933,933,933,933,2047,2047,2047,2047,2047,934,934,934,934,934,2047,2047,2047,2047,2047,934,934,934,935,935,2047,2047,2047,2047,2047,934,934,934,934,2047,2047,2047,2047,2047,2047, 0.22244039999999998, -0.0898317, -1.4363133218176127, 
1712955942410857301, 379, 260, 22.02505111694336, 2047, 2047,2047,2047,2047,2047,2047,2047,2047,2047,789,2047,2047,2047,2047,2047,2047,2047,2047,2047,789,2047,2047,2047,2047,2047,2047,2047,2047,2047,2047,931,2047,2047,2047,2047,2047,2047,2047,2047,2047,932,2047,2047,2047,2047,2047,2047,2047,2047,2047,933,933,933,933,2047,2047,2047,2047,2047,2047,933,934,934,933,933,2047,2047,2047,2047,2047,933,934,934,934,933,2047,2047,2047,2047,2047,933,934,934,934,933,2047,2047,2047,2047,2047,934,934,934,934,934,934,2047,2047,2047,2047, 0.2523843, -0.08555399999999999, -1.4513608707391843, 
1712955942431572379, 386, 260, 22.222414016723633, 2047, 933,934,2047,2047,2047,2047,2047,2047,2047,2047,934,933,2047,2047,2047,2047,2047,2047,2047,2047,934,934,2047,2047,2047,2047,2047,2047,2047,2047,934,934,2047,2047,2047,2047,2047,2047,2047,2047,934,934,934,2047,2047,2047,2047,2047,2047,2047,934,934,934,2047,2047,2047,2047,2047,2047,2047,934,934,934,2047,2047,2047,2047,2047,2047,2047,934,934,933,2047,2047,2047,2047,2047,2047,2047,934,934,933,934,2047,2047,2047,2047,2047,2047,934,934,934,934,2047,2047,2047,786,786,2047, 0.2823282, -0.08555399999999999, -1.4415977660257981, 
1712955942473075070, 392, 260, 22.124820709228516, 933, 933,933,2047,2047,2047,2047,2047,2047,2047,2047,933,933,933,2047,2047,2047,2047,2047,2047,2047,934,933,933,932,2047,2047,2047,2047,2047,2047,933,933,933,932,932,2047,2047,2047,2047,2047,934,933,933,933,932,932,2047,2047,2047,2047,934,934,933,933,933,933,933,2047,2047,2047,934,934,934,933,933,933,933,2047,2047,2047,933,933,933,933,933,933,933,2047,2047,2047,933,933,933,933,933,933,933,2047,2047,2047,933,933,933,933,933,933,933,2047,2047,2047, 0.13955759999999998, -0.038765999999999995, -1.4896700432435532, 
1712955942500174014, 399, 260, 22.333951950073242, 2047, 933,933,2047,2047,2047,2047,2047,2047,2047,2047,934,934,2047,2047,2047,2047,2047,2047,2047,2047,934,934,934,2047,2047,2047,2047,2047,2047,2047,934,934,934,2047,2047,2047,2047,2047,2047,2047,934,934,934,934,2047,2047,2047,2047,2047,2047,934,934,934,934,934,2047,2047,2047,2047,2047,934,934,934,933,933,933,2047,2047,2047,2047,934,934,933,933,933,933,933,2047,2047,2047,934,934,933,933,933,933,933,2047,2047,2047,933,933,933,933,933,933,933,2047,2047,2047, 0.33793829999999997, -0.08555399999999999, -1.4848321863537361, 
1712955942526595130, 406, 259, 22.24755096435547, 933, 934,934,934,2047,2047,2047,2047,2047,2047,2047,934,934,934,2047,2047,2047,2047,2047,2047,2047,934,933,933,933,2047,2047,2047,2047,2047,2047,933,933,933,933,2047,2047,2047,2047,2047,2047,933,933,933,933,933,2047,2047,2047,2047,2047,933,933,933,933,933,933,2047,2047,2047,2047,933,933,933,933,933,934,933,2047,2047,2047,933,933,933,933,934,934,934,2047,2047,2047,933,933,933,933,934,934,934,934,2047,2047,932,933,933,933,935,935,935,935,2047,2047, 0.16669379999999998, -0.0368277, -1.530229048217361, 
1712955942552561918, 412, 259, 22.22128677368164, 934, 934,934,2047,2047,2047,2047,2047,2047,2047,2047,934,934,934,2047,2047,2047,2047,2047,2047,2047,934,935,934,934,2047,2047,2047,2047,2047,2047,934,935,934,934,933,2047,2047,2047,2047,2047,934,935,934,934,934,934,2047,2047,2047,2047,934,935,934,934,934,934,2047,2047,2047,2047,935,935,935,935,934,934,934,2047,2047,2047,935,935,935,935,934,934,934,934,2047,2047,935,935,935,935,935,934,934,934,2047,2047,935,935,935,935,935,935,935,934,2047,2047, 0.17851679999999998, -0.03686759999999999, -1.538592871355861, 
1712955942583380225, 419, 260, 22.30921173095703, 933, 934,934,2047,2047,2047,2047,2047,2047,2047,2047,934,934,934,2047,2047,2047,2047,2047,2047,2047,934,934,934,933,2047,2047,2047,2047,2047,2047,934,934,934,933,2047,2047,2047,2047,2047,2047,934,934,934,933,933,2047,2047,2047,2047,2047,934,934,934,933,934,933,2047,2047,2047,2047,934,933,934,933,934,2047,2047,2047,2047,2047,934,933,933,933,933,2047,2047,2047,2047,2047,934,933,934,933,2047,2047,2047,2047,2047,2047,934,933,933,2047,2047,2047,2047,2047,2047,2047, 0.1918917, -0.038765999999999995, -1.5387597446723582, 
1712955942617807884, 426, 260, 22.65751838684082, 934, 935,934,934,934,2047,2047,2047,2047,2047,2047,935,934,934,934,934,934,2047,2047,2047,2047,935,935,934,934,934,934,934,2047,2047,2047,935,934,934,934,934,934,933,933,2047,2047,935,935,934,935,934,934,933,933,933,2047,935,935,935,935,934,934,934,934,933,2047,936,935,935,935,934,934,934,934,933,933,935,935,935,935,934,934,934,934,934,933,936,935,935,935,934,934,934,934,934,933,935,935,935,935,934,934,934,933,933,933, 0.2056824, -0.038808, -1.5876744239102314, 
1712955942651400594, 432, 260, 22.656352996826172, 935, 935,935,935,935,934,934,2047,2047,2047,2047,935,935,935,935,934,934,2047,2047,2047,2047,935,935,935,935,935,934,2047,2047,2047,2047,935,935,936,935,935,935,2047,2047,2047,2047,935,935,936,936,936,935,2047,2047,2047,2047,935,935,935,935,935,935,935,935,934,2047,935,935,935,935,935,935,935,935,934,934,935,935,935,935,935,935,935,934,934,934,935,934,934,934,934,934,935,934,934,934,934,934,934,934,934,934,934,934,934,934, 0.21755999999999998, -0.038849999999999996, -1.601079233656467, 
1712955942681643032, 440, 259, 22.896604537963867, 933, 934,934,933,933,2047,2047,2047,2047,2047,2047,934,934,934,934,932,2047,2047,2047,2047,2047,934,934,934,934,932,931,2047,2047,2047,2047,934,934,934,934,933,932,932,2047,2047,2047,935,934,934,934,933,933,933,2047,2047,2047,934,934,934,934,933,933,933,933,2047,2047,934,934,934,934,933,933,934,934,2047,2047,934,934,934,934,934,934,934,934,934,2047,934,933,933,933,933,933,933,934,2047,2047,934,933,933,933,933,933,933,934,2047,2047, 0.23259599999999997, -0.0368277, -1.5859459744144548, 
1712955942722848864, 445, 259, 22.50743293762207, 934, 935,935,936,935,2047,2047,2047,2047,2047,2047,935,935,935,935,936,2047,2047,2047,2047,2047,935,935,935,935,935,937,2047,2047,2047,2047,935,934,935,935,935,935,2047,2047,2047,2047,935,934,934,934,934,935,935,2047,2047,2047,934,934,934,934,934,934,934,2047,2047,2047,934,934,934,934,934,934,934,2047,2047,2047,934,934,934,934,934,934,933,2047,2047,2047,934,934,934,934,934,934,933,933,2047,2047,934,934,934,934,934,934,934,933,2047,2047, 0.24255, -0.03686759999999999, -1.6251860621727163, 
1712955942749417592, 452, 259, 22.912153244018555, 934, 934,934,934,934,934,933,2047,2047,2047,2047,934,934,934,934,934,934,2047,2047,2047,2047,934,934,935,935,934,934,2047,2047,2047,2047,934,934,935,935,934,934,934,2047,2047,2047,934,934,935,935,934,934,934,934,2047,2047,934,934,934,934,934,934,934,934,2047,2047,934,934,934,934,934,934,934,934,934,2047,934,934,934,934,934,934,934,934,934,2047,933,934,934,934,934,934,934,934,934,2047,933,933,934,934,933,933,789,789,790,2047, 0.2561328, -0.03686759999999999, -1.6103568287360701, 
1712955942781474979, 458, 259, 23.17988395690918, 933, 934,935,934,934,934,2047,2047,2047,2047,2047,934,934,934,934,934,2047,2047,2047,2047,2047,934,934,934,934,933,933,2047,2047,2047,2047,934,934,934,934,933,933,933,2047,2047,2047,934,934,934,934,933,933,933,2047,2047,2047,934,934,934,934,933,933,933,933,933,2047,934,934,934,934,933,934,933,933,933,933,934,934,934,934,934,934,934,934,933,933,934,934,934,934,934,934,934,934,933,933,934,934,934,934,934,934,934,934,933,2047, 0.2674854, -0.0368277, -1.6313643512171159, 
1712955942815457960, 464, 260, 22.94568634033203, 935, 934,934,934,934,934,935,935,936,2047,2047,934,934,934,934,934,935,935,936,2047,2047,934,934,935,935,935,935,935,936,936,2047,934,934,935,935,935,935,935,935,935,2047,934,935,935,935,935,935,935,935,935,934,934,934,935,935,934,935,934,934,935,934,934,934,934,934,934,934,934,934,934,934,934,934,934,934,934,934,934,934,934,934,934,934,934,934,934,934,933,933,934,934,934,934,934,934,933,934,933,933,933,933, 0.27971999999999997, -0.038849999999999996, -1.6594361650404514, 
1712955942849642078, 469, 259, 23.42159080505371, 935, 934,934,935,935,935,935,935,2047,2047,2047,935,934,935,935,935,935,935,934,2047,2047,935,935,936,936,935,935,935,935,2047,2047,935,935,936,935,935,935,935,934,2047,2047,935,935,935,935,935,935,935,934,934,2047,936,935,935,935,935,935,934,934,934,934,935,935,935,935,934,934,934,934,934,934,936,935,934,934,934,934,934,934,934,934,936,934,934,934,934,934,934,934,934,934,935,934,934,934,934,934,934,934,934,934, 0.2894325, -0.036907499999999996, -1.6578372970660695, 
1712955942883872931, 475, 259, 23.346696853637695, 934, 934,934,933,934,934,934,2047,2047,2047,2047,934,934,934,934,934,934,2047,2047,2047,2047,935,934,934,934,934,934,934,934,934,2047,935,934,934,934,934,934,935,935,934,934,935,935,934,934,934,934,934,934,934,934,935,935,934,934,934,934,934,934,934,934,935,935,934,934,934,934,934,934,934,934,935,934,934,934,934,934,934,934,934,934,935,934,934,934,934,934,934,934,934,934,935,935,935,935,935,934,934,934,934,934, 0.300762, -0.03686759999999999, -1.6449863059651701, 
1712955942917417578, 481, 259, 23.312158584594727, 934, 934,934,934,934,934,934,934,934,2047,2047,934,934,934,934,934,934,934,934,2047,2047,934,934,934,934,934,934,934,934,934,2047,934,934,934,934,934,934,934,934,934,2047,934,934,934,934,934,934,934,934,934,935,934,934,934,934,934,934,934,934,934,934,934,934,934,934,934,934,934,934,934,934,934,934,934,934,934,934,934,934,934,2047,934,934,934,934,934,934,934,933,933,2047,934,934,934,934,934,934,933,933,933,2047, 0.31240439999999997, -0.03686759999999999, -1.663611269152764, 
1712955942965047887, 486, 259, 23.459238052368164, 933, 934,934,934,934,934,934,2047,2047,2047,2047,934,934,934,934,934,933,2047,2047,2047,2047,934,934,934,934,933,933,933,2047,2047,2047,934,934,934,934,934,934,934,933,2047,2047,934,934,934,934,933,933,933,933,2047,2047,934,934,934,934,933,933,933,933,933,2047,934,934,934,933,933,933,933,933,932,2047,934,934,934,934,933,933,933,933,932,932,934,934,934,934,933,933,933,932,932,932,934,934,934,933,933,933,933,932,932,933, 0.3217578, -0.0368277, -1.70636674342139, 
1712955942992495641, 492, 259, 23.436182022094727, 933, 934,934,934,934,934,934,934,2047,2047,2047,934,934,934,934,933,934,934,2047,2047,2047,934,934,934,934,933,934,934,934,2047,2047,934,934,934,934,934,934,934,934,935,2047,934,933,934,934,934,934,934,934,935,936,933,933,933,933,933,933,934,934,934,935,933,933,933,933,933,933,934,934,934,934,934,933,933,933,933,933,933,934,934,934,933,933,933,933,933,933,933,933,933,933,934,933,934,933,933,933,933,933,933,933, 0.33338759999999995, -0.0368277, -1.6426457031535668, 
1712955943020360335, 497, 259, 23.716703414916992, 933, 934,934,934,934,934,934,934,934,934,2047,934,934,934,934,934,934,934,934,934,2047,934,934,934,934,934,934,934,933,933,934,934,934,934,934,934,934,933,933,933,933,934,934,934,934,934,933,933,933,933,933,934,934,934,934,934,933,933,933,933,933,934,934,933,933,934,933,933,933,933,933,933,933,933,933,933,933,933,933,933,933,933,934,933,934,934,933,934,934,933,933,934,934,934,934,934,934,934,934,934,934, 0.34307909999999997, -0.0368277, -1.653861326457519, 
1712955943050822651, 502, 259, 23.62171745300293, 934, 934,934,934,934,934,934,934,934,934,2047,934,934,934,934,933,934,934,934,934,934,934,934,934,934,933,934,934,934,934,934,934,934,934,933,933,934,934,934,934,934,934,934,934,933,933,934,934,934,934,934,934,934,934,933,933,934,934,934,934,934,933,934,934,933,933,934,934,934,934,934,933,933,934,933,933,934,934,934,934,934,933,933,934,933,934,934,934,934,934,934,933,933,934,934,934,934,934,934,934,934, 0.35315279999999993, -0.03686759999999999, -1.6922987207781521, 
1712955943084272366, 508, 260, 24.129955291748047, 934, 934,934,934,934,934,934,934,934,934,933,934,934,934,934,934,934,934,934,934,933,934,934,934,934,934,934,934,934,934,934,934,934,934,934,934,934,934,934,934,934,934,934,934,934,934,934,934,934,934,934,934,934,934,934,934,934,934,934,934,934,934,934,934,934,934,934,934,934,934,934,934,934,934,934,934,934,934,934,934,934,934,934,934,934,934,934,934,934,934,934,934,935,934,934,934,934,934,934,934,934, 0.3647952, -0.038808, -1.7370258545658832, 
1712955943117362419, 514, 259, 23.85382080078125, 934, 934,934,934,934,934,934,934,934,934,934,934,934,934,934,934,934,934,934,934,934,934,934,934,934,934,934,934,934,934,934,934,935,935,934,934,934,934,934,934,934,934,935,935,935,934,934,934,934,934,934,934,934,935,934,934,934,934,934,934,934,934,934,934,934,934,934,934,934,934,934,934,934,934,934,934,934,934,934,934,933,934,934,934,934,934,934,934,934,934,934,934,934,935,934,934,934,934,934,934,934, 0.3764376, -0.03686759999999999, -1.739766689644521, 
1712955943155377433, 519, 258, 23.719589233398438, 934, 934,934,934,934,934,934,934,934,934,934,934,934,934,934,934,934,934,934,934,934,934,934,934,934,934,934,934,934,934,934,934,934,934,934,934,934,934,934,934,934,934,934,934,934,934,934,934,934,934,934,934,934,934,934,934,934,934,934,934,934,934,934,934,934,934,934,934,934,934,933,934,934,934,934,934,934,934,934,934,933,934,934,934,934,934,934,934,934,934,933,934,934,934,934,934,934,934,934,934,933, 0.38613959999999997, -0.0349272, -1.8141450465946445, 
1712955943185440299, 524, 258, 24.010513305664062, 934, 934,934,934,934,934,934,934,934,933,934,934,934,934,934,934,934,934,934,934,935,934,934,934,934,934,934,934,934,934,934,934,934,934,934,934,934,934,934,934,934,934,934,934,934,934,934,934,934,934,934,934,934,934,934,934,934,934,934,934,934,934,934,934,934,934,934,933,933,933,933,934,934,934,934,934,934,933,933,933,933,933,934,934,934,934,934,933,933,933,933,933,934,934,934,934,933,933,933,933,933, 0.39584159999999996, -0.0349272, -1.8333779452939336, 
1712955943220111048, 531, 258, 24.05588722229004, 933, 933,933,934,934,933,933,933,934,934,935,933,933,934,933,933,933,933,934,934,934,934,933,934,933,933,933,933,934,934,934,934,933,934,933,933,933,933,934,934,934,934,933,934,933,933,933,933,934,934,934,934,934,934,933,933,933,933,934,934,934,933,933,933,933,933,933,934,934,934,934,934,933,933,933,933,933,934,934,934,934,933,933,933,933,933,933,934,934,934,934,933,933,933,933,932,933,933,933,934,934, 0.4089813, -0.034889399999999994, -1.7893123922996355, 
1712955943249819678, 536, 259, 24.37921714782715, 934, 933,933,933,933,933,933,933,933,933,933,933,933,933,934,934,933,934,933,933,933,933,933,933,934,934,934,934,934,933,933,933,934,933,934,934,934,934,934,933,933,934,934,934,934,934,934,934,933,933,933,934,934,934,934,934,934,934,934,934,934,934,934,934,934,934,934,934,934,934,934,933,934,934,934,934,934,934,934,934,934,933,933,933,934,934,934,934,934,934,934,933,933,932,933,934,934,934,934,934,934, 0.4191264, -0.03686759999999999, -1.738079358965469, 
1712955943282675888, 542, 257, 24.15066909790039, 934, 934,934,934,934,934,934,934,934,934,933,934,934,934,934,934,934,934,934,934,933,934,934,934,934,934,934,934,934,934,934,934,934,934,934,934,934,934,934,934,934,934,934,934,934,934,934,934,934,934,934,934,934,934,934,934,934,934,934,934,934,934,934,934,934,934,934,934,934,934,934,934,934,934,934,934,934,934,934,934,934,934,934,934,934,934,934,934,934,934,934,934,934,934,934,934,934,934,934,785,935, 0.4307688, -0.0329868, -1.8371817232445449, 
1712955943323570995, 546, 256, 24.135135650634766, 934, 934,934,934,934,934,934,934,935,934,934,934,934,934,934,934,934,934,934,934,934,934,934,934,934,934,934,934,934,934,934,934,934,934,934,934,934,934,934,934,934,934,934,934,934,934,934,934,934,934,933,934,934,934,934,934,934,934,934,933,933,934,934,934,934,934,934,933,933,933,933,934,934,934,934,934,934,933,933,933,933,934,934,934,934,934,934,933,933,933,933,934,934,934,934,934,934,934,786,785,784, 0.4385304, -0.0310464, -1.8341221894577147, 
1712955943351849704, 552, 257, 24.27457046508789, 933, 934,934,934,934,934,934,933,933,934,934,934,934,934,934,933,933,933,933,933,934,934,934,934,933,933,933,933,933,933,934,934,934,933,933,933,933,933,933,933,933,934,933,933,933,933,933,933,933,933,933,934,933,933,933,933,933,933,933,933,933,934,933,933,933,933,933,933,933,933,933,934,934,934,933,933,933,933,932,933,933,934,785,934,934,933,933,933,933,933,2047,934,786,785,783,783,783,786,786,2047,2047, 0.44968559999999996, -0.0329511, -1.8044411925990198, 
1712955943386027108, 557, 256, 24.209964752197266, 933, 934,934,934,934,934,934,933,933,933,933,934,934,933,933,933,933,933,933,933,933,933,933,933,933,933,934,934,934,934,934,933,933,933,933,933,933,933,934,933,933,933,933,933,933,933,933,933,934,933,933,933,933,933,933,933,933,933,934,933,933,933,933,933,933,933,933,934,934,934,934,933,933,933,933,933,934,933,934,934,934,933,933,932,932,933,933,933,933,933,934,933,933,932,933,933,933,933,932,933,934, 0.4593771, -0.0310128, -1.799492413595256, 
1712955943415878686, 562, 256, 24.186872482299805, 934, 934,934,934,934,934,933,933,933,933,933,934,934,934,934,934,934,933,933,933,933,934,934,934,934,934,934,934,933,933,933,934,934,934,934,934,934,934,934,933,933,933,934,934,934,934,934,934,934,934,933,933,933,934,933,934,934,934,934,934,934,933,933,933,933,934,934,934,934,934,934,933,933,933,933,933,934,934,933,934,934,933,933,933,933,934,934,934,934,934,934,933,933,933,933,934,934,934,934,935,935, 0.4695768, -0.0310464, -1.8625550820964323, 
1712955943449688463, 567, 256, 24.24808120727539, 934, 933,933,933,934,934,934,934,934,934,934,933,933,933,934,934,934,934,934,934,934,933,933,934,934,934,934,934,934,934,934,933,933,934,934,934,934,934,934,934,934,934,934,934,934,934,934,934,934,934,934,934,934,934,934,934,934,934,934,934,934,934,934,934,934,934,934,934,934,934,934,934,934,934,934,934,934,934,934,934,934,934,934,934,934,934,934,934,934,934,934,934,934,934,935,935,935,934,935,934,934, 0.4792788, -0.0310464, -1.8810183747107674, 
1712955943485477696, 572, 256, 24.382469177246094, 934, 934,934,934,934,934,934,934,934,934,934,934,934,934,934,934,934,934,934,934,934,934,934,934,934,934,934,934,934,934,934,934,934,934,934,934,934,934,934,934,934,934,934,934,934,934,934,934,934,934,934,934,934,934,934,934,934,934,934,934,934,934,934,934,934,934,934,933,934,934,934,934,934,934,934,934,933,933,933,933,933,934,934,934,934,934,934,933,933,933,933,935,934,935,934,934,933,933,933,933,933, 0.4889808, -0.0310464, -1.878924527254256, 
1712955943516864933, 576, 260, 24.42344856262207, 2047, 934,934,934,934,934,934,934,934,934,933,934,934,933,934,934,934,934,934,934,934,934,934,933,933,933,933,933,934,934,934,934,933,933,933,933,933,933,933,934,934,934,934,933,933,933,933,2047,934,935,935,934,934,2047,2047,2047,2047,2047,2047,2047,935,2047,2047,2047,2047,2047,2047,2047,2047,2047,2047,2047,2047,2047,2047,2047,2047,2047,2047,2047,2047,2047,2047,2047,2047,2047,2047,2047,2047,2047,2047,2047,2047,2047,2047,2047,2047,2047,2047,2047,2047, 1.0950912, -0.08555399999999999, -1.788550975697491, 
1712955943551329288, 584, 262, 25.16902732849121, 2047, 934,934,935,935,935,935,934,934,2047,2047,934,934,935,935,935,935,935,2047,2047,2047,935,935,935,935,935,936,935,2047,2047,2047,935,934,935,935,935,2047,2047,2047,2047,2047,2047,2047,2047,937,2047,2047,2047,2047,2047,2047,2047,2047,2047,2047,2047,2047,2047,2047,2047,2047,2047,2047,2047,2047,2047,2047,2047,2047,2047,2047,2047,2047,2047,2047,2047,2047,2047,2047,2047,2047,2047,2047,2047,2047,2047,2047,2047,2047,2047,2047,2047,2047,2047,2047,2047,2047,2047,2047,2047,2047, 1.1293128, -0.0941094, -1.7765461995281917, 
1712955943583667677, 590, 271, 24.515399932861328, 788, 2047,2047,2047,2047,787,786,787,786,2047,2047,2047,2047,2047,787,787,787,787,787,787,786,2047,2047,788,788,788,788,788,788,788,786,2047,2047,789,788,788,788,788,788,788,787,2047,2047,789,788,788,788,788,788,788,787,2047,2047,2047,2047,788,788,788,789,789,788,2047,2047,2047,2047,788,788,789,789,789,789,2047,2047,2047,2047,788,789,789,789,789,789,2047,2047,2047,2047,789,790,790,790,790,790,2047,2047,2047,2047,2047,2047,790,790,790,790, 0.44112599999999996, -0.0506478, -1.4244338771477132, 
1712955943617389917, 598, 282, 24.596847534179688, 2047, 2047,2047,789,789,789,788,788,788,787,787,2047,2047,789,789,789,788,788,788,787,788,2047,2047,2047,2047,2047,2047,788,788,787,788,2047,2047,2047,2047,2047,2047,788,788,787,787,2047,2047,2047,2047,2047,788,788,787,787,787,2047,2047,2047,2047,2047,2047,787,787,786,786,2047,2047,2047,2047,2047,2047,787,786,786,786,2047,2047,2047,2047,2047,2047,787,786,786,786,2047,2047,2047,2047,2047,2047,787,786,786,786,2047,2047,2047,2047,2047,2047,787,787,786,786, 1.1892006, -0.1796634, -1.304084809635203, 
1712955943651393066, 607, 300, 25.519699096679688, 787, 784,785,2047,2047,2047,2047,2047,2047,2047,2047,784,785,2047,2047,2047,2047,2047,2047,2047,2047,785,785,2047,2047,2047,2047,2047,2047,2047,2047,785,785,785,785,2047,2047,2047,2047,2047,2047,784,784,785,785,2047,2047,2047,935,2047,2047,784,784,784,784,785,787,787,934,934,934,784,784,784,785,785,786,934,934,934,934,784,785,785,785,786,786,787,934,933,933,785,785,786,785,786,786,787,933,933,933,784,785,785,785,785,786,786,933,932,932, 0.4682979, -0.097902, -1.4603939839868427, 
1712955943683346132, 615, 327, 28.013673782348633, 931, 931,932,932,932,932,932,933,933,933,933,932,932,932,932,932,932,932,932,933,933,932,932,932,931,931,932,932,932,932,932,931,931,931,931,931,931,931,931,931,931,933,932,932,932,932,932,931,931,931,931,786,932,932,932,931,931,931,931,931,931,786,932,932,931,931,931,931,931,931,931,786,931,931,931,931,931,931,931,931,931,786,931,931,930,930,930,931,931,930,931,786,932,931,931,931,931,931,931,931,931, 0.5705595, -0.1682667, -1.6599524779303678, 
1712955943717177750, 621, 354, 26.57781982421875, 930, 930,930,930,930,931,931,931,931,931,932,930,930,930,930,931,931,931,932,932,932,930,930,930,930,930,931,931,932,932,933,930,930,930,930,930,930,931,931,932,932,930,930,930,930,930,930,930,930,931,931,930,930,930,930,930,930,930,930,930,931,930,930,930,930,930,930,930,929,930,931,930,930,930,930,930,930,930,929,929,931,930,930,930,930,930,930,930,929,929,931,931,930,930,930,930,929,929,929,929,931, 0.5815319999999999, -0.220248, -2.0054474721097617, 
1712955943749526109, 624, 388, 26.043352127075195, 929, 929,929,929,929,930,930,932,931,2047,2047,930,929,929,929,930,930,931,2047,2047,2047,929,930,929,929,929,930,931,930,2047,2047,929,929,929,929,929,929,931,930,2047,2047,929,929,929,929,929,929,930,930,929,2047,929,929,929,929,929,929,930,930,930,2047,929,929,929,929,929,929,930,928,927,2047,929,929,929,929,929,927,927,927,2047,2047,929,929,929,929,927,926,927,926,2047,2047,930,929,929,929,927,926,926,2047,2047,2047, 0.5866895999999999, -0.2856252, -2.0935960166364924, 
