1712955772500176091, 524, 257, 23.959136962890625, 935, 935,935,935,935,935,935,935,935,2047,2047,935,935,935,935,935,935,935,935,2047,2047,935,935,935,935,935,935,935,935,934,2047,935,935,935,935,935,935,935,935,934,934,935,935,935,935,935,935,935,935,934,934,935,935,935,935,935,935,935,935,934,934,935,935,935,935,935,935,935,935,934,934,935,935,935,935,935,935,934,934,934,934,934,935,935,935,934,935,934,934,933,933,934,934,935,935,934,934,934,934,933,933, 0.39626999999999996, -0.0330225, -1.9784161154744198, 
1712955772532640870, 523, 258, 24.520498275756836, 935, 936,936,936,936,935,935,935,935,934,2047,936,936,936,935,935,935,935,935,935,934,935,935,935,935,935,935,935,935,935,934,935,935,935,935,935,935,935,935,935,934,935,935,935,935,935,935,935,935,935,934,935,935,935,935,935,935,935,935,935,934,935,935,935,935,935,935,935,934,934,934,935,935,935,935,935,934,934,934,934,934,935,935,935,935,935,934,934,934,934,933,935,935,935,935,934,934,934,933,934,933, 0.3943275, -0.034964999999999996, -2.009547357067352, 
1712955772567642378, 523, 258, 24.520498275756836, 935, 935,935,936,935,935,935,935,935,935,2047,935,935,935,935,935,935,935,935,935,935,935,935,935,935,935,935,935,935,935,934,935,935,935,935,935,935,935,935,935,934,935,935,935,935,935,935,935,935,935,935,935,935,935,935,935,935,935,935,935,935,935,935,935,935,935,935,935,934,935,934,934,934,935,935,935,934,934,934,934,934,934,934,934,934,934,934,934,934,934,934,934,934,934,934,934,934,934,934,934,933, 0.3943275, -0.034964999999999996, -1.8509807156082476, 
1712955772597912126, 523, 258, 24.11322021484375, 935, 936,935,936,935,935,935,935,934,934,2047,935,935,936,935,935,935,935,935,934,934,935,935,935,935,935,935,935,935,934,934,935,935,935,935,935,935,935,935,934,934,935,935,935,935,935,935,935,935,935,934,935,935,935,935,935,935,935,935,934,934,935,935,935,935,935,934,934,934,934,934,935,934,935,935,935,934,934,934,934,934,934,934,934,935,935,934,934,934,934,933,934,934,934,935,935,934,934,934,934,933, 0.3943275, -0.034964999999999996, -1.8606420170879754, 
1712955772629565301, 523, 259, 24.454357147216797, 935, 935,935,936,935,935,935,935,935,935,934,935,935,935,935,935,935,935,935,935,934,935,935,935,935,935,935,935,935,935,934,935,935,935,935,935,935,935,935,935,934,935,935,935,935,935,935,935,935,935,934,935,935,935,935,935,935,935,934,934,934,935,934,934,935,935,935,935,934,934,934,934,934,934,935,935,934,934,934,934,933,934,934,934,934,935,934,934,934,934,933,934,934,934,934,934,934,934,934,934,933, 0.3943275, -0.036907499999999996, -1.9340700429410478, 
1712955772663671356, 524, 258, 24.622243881225586, 935, 936,936,936,935,935,935,935,934,2047,2047,935,936,935,935,935,935,935,935,934,2047,936,936,935,935,935,935,935,935,934,934,935,935,935,935,935,935,935,935,934,934,935,936,935,935,935,935,935,935,934,934,935,935,935,935,935,935,935,934,934,934,935,935,935,935,935,935,934,934,934,934,935,935,935,935,935,935,934,934,934,934,934,935,935,935,934,934,934,934,934,933,934,934,934,934,934,934,934,934,933,933, 0.39626999999999996, -0.034964999999999996, -1.9402947758795814, 
1712955772700919421, 523, 258, 24.1948184967041, 935, 936,936,936,936,935,935,935,935,934,2047,935,935,936,935,935,935,935,935,935,934,935,935,936,935,935,935,935,935,934,934,935,935,935,935,935,935,935,935,935,934,935,935,935,935,935,935,935,935,935,934,935,935,935,935,935,935,935,935,934,934,935,935,935,935,935,935,935,934,934,934,935,935,935,935,935,934,934,934,934,934,934,934,934,935,935,934,934,934,934,934,934,934,934,935,935,934,934,934,934,933, 0.3943275, -0.034964999999999996, -1.819030394760161, 
1712955772730158911, 523, 259, 24.28671646118164, 934, 935,935,935,935,935,935,935,935,935,934,935,935,935,935,935,935,935,935,935,934,935,935,935,935,935,935,935,935,935,934,935,935,935,935,935,935,935,935,935,934,935,935,935,935,935,935,935,935,934,934,934,934,935,935,935,934,935,934,934,934,934,934,934,934,935,934,934,934,934,934,934,934,934,934,935,934,934,934,934,933,934,934,934,934,935,934,934,934,934,933,934,934,934,934,934,934,934,933,933,932, 0.39390119999999995, -0.03686759999999999, -1.8263717773944712, 
1712955772764021809, 523, 258, 24.055500030517578, 935, 936,936,936,936,935,935,935,935,935,935,935,936,936,935,935,935,935,935,935,935,936,936,936,935,935,935,935,935,935,935,935,935,935,935,935,935,935,935,935,935,935,935,935,935,935,935,935,935,935,935,935,935,935,935,935,935,935,935,935,935,935,935,935,935,935,935,935,934,934,934,935,935,935,935,935,934,934,934,934,934,934,934,934,934,935,934,934,934,934,934,934,934,934,935,935,934,934,934,934,934, 0.3943275, -0.034964999999999996, -2.0287599702702335, 
1712955772797410078, 524, 258, 23.989320755004883, 935, 935,935,935,935,935,935,935,934,2047,2047,935,935,935,935,935,935,935,935,934,2047,935,935,935,935,935,935,935,934,934,934,935,935,935,935,935,935,935,935,934,935,935,935,935,935,935,935,935,935,934,935,935,935,935,935,935,935,935,935,934,934,935,935,935,935,935,935,934,934,934,934,935,935,935,935,934,934,934,934,934,934,934,935,935,935,934,934,934,934,934,933,934,934,935,935,934,934,934,934,933,933, 0.39626999999999996, -0.034964999999999996, -1.8009354447149266, 
1712955772830347551, 523, 258, 24.289949417114258, 935, 935,935,935,935,935,935,935,935,935,935,935,935,935,935,935,935,935,935,935,935,935,935,935,935,935,935,935,935,935,934,935,935,935,935,935,935,935,935,935,935,935,935,935,935,935,935,935,935,935,935,935,935,935,935,935,935,935,935,935,935,935,935,935,935,935,935,935,934,934,934,935,934,934,935,935,934,934,934,934,934,935,934,934,934,935,934,934,934,934,934,935,934,934,934,935,934,934,934,934,934, 0.3943275, -0.034964999999999996, -1.939085142183591, 
1712955772863302752, 523, 259, 24.42633056640625, 935, 935,935,936,935,935,935,935,935,934,933,935,935,935,935,935,935,935,935,934,934,935,935,935,935,935,935,935,935,934,934,935,935,935,935,935,935,935,935,934,934,935,935,935,935,935,935,935,935,935,934,935,935,935,935,935,935,935,934,934,934,935,935,935,935,935,934,934,934,934,933,935,934,935,935,935,934,934,934,934,933,935,935,935,935,935,934,934,934,934,933,935,935,935,935,935,934,934,933,933,931, 0.3943275, -0.036907499999999996, -1.8407628421229991, 
1712955772897518121, 523, 258, 24.560754776000977, 935, 935,935,935,935,935,935,935,935,935,934,935,935,935,935,935,935,935,935,935,934,935,935,935,935,935,935,935,935,934,934,935,935,935,935,935,935,935,935,935,934,935,935,935,935,935,935,935,935,935,934,935,935,935,935,935,935,935,935,935,934,935,935,935,935,935,934,934,934,934,934,935,934,935,935,935,934,934,934,934,933,934,934,934,934,934,934,934,934,934,933,934,934,934,935,934,934,934,934,934,933, 0.3943275, -0.034964999999999996, -1.9403545115883798, 
1712955772931449562, 523, 259, 24.193397521972656, 935, 935,935,935,935,935,935,935,935,934,934,935,935,935,935,935,935,935,935,934,934,935,935,935,935,935,935,935,935,934,934,935,935,935,935,935,935,935,935,935,934,935,935,935,935,935,935,935,935,935,934,935,935,935,935,935,935,935,934,934,934,935,935,935,935,935,934,934,934,934,934,934,934,934,935,935,934,934,934,934,933,935,934,934,935,935,934,934,934,934,933,934,934,934,934,934,934,934,933,933,932, 0.3943275, -0.036907499999999996, -1.8618540775248613, 
1712955772965221674, 523, 259, 24.42633056640625, 934, 935,935,935,935,935,935,935,935,934,933,935,935,935,935,935,935,935,935,934,934,935,935,935,935,935,935,935,935,935,934,935,935,935,935,935,935,935,935,935,934,935,935,935,935,935,935,935,935,934,934,935,935,935,935,935,934,934,934,934,934,935,934,934,935,935,934,934,934,934,933,934,934,934,935,935,934,934,934,934,933,935,934,934,935,935,934,934,934,934,933,934,934,934,934,934,934,934,933,934,931, 0.39390119999999995, -0.03686759999999999, -1.9747239428492838, 
1712955772998164339, 523, 258, 24.377342224121094, 935, 936,936,936,936,935,935,935,935,934,933,936,936,936,935,935,935,935,935,934,933,936,936,936,935,935,935,935,935,934,934,935,935,935,935,935,935,935,935,934,934,935,935,935,935,935,935,935,935,935,934,935,935,935,935,935,935,935,935,935,934,935,935,935,935,935,935,935,934,934,934,935,935,935,935,935,934,934,934,934,934,935,934,935,935,935,934,934,934,934,934,935,935,935,935,935,934,934,934,934,933, 0.3943275, -0.034964999999999996, -1.9545448600108002, 
1712955773033921115, 523, 258, 24.186872482299805, 935, 936,936,936,936,935,935,935,935,934,930,935,936,936,935,935,935,935,935,934,933,935,935,935,935,935,935,935,935,934,934,935,935,935,935,935,935,935,935,935,934,935,935,935,935,935,935,935,935,935,934,935,935,935,935,935,935,935,935,935,934,935,935,935,935,935,935,935,934,934,934,935,934,934,935,935,934,934,934,934,934,934,934,934,934,934,934,934,934,934,934,934,934,934,935,934,934,934,934,934,934, 0.3943275, -0.034964999999999996, -1.9572551754578882, 
1712955773065424392, 523, 259, 24.072038650512695, 935, 935,935,935,935,935,935,935,935,934,2047,935,935,935,935,935,935,935,935,934,934,935,935,935,935,935,935,935,935,935,934,935,935,935,935,935,935,935,935,935,935,935,935,935,935,935,935,935,935,935,934,935,935,935,935,935,935,935,934,934,934,935,935,935,935,935,935,934,934,934,934,935,934,935,935,935,934,934,934,934,934,935,934,934,935,935,934,934,934,934,934,934,934,934,934,934,934,934,934,934,2047, 0.3943275, -0.036907499999999996, -1.81418759394184, 
1712955773098546242, 523, 259, 24.708778381347656, 935, 935,935,935,935,935,935,935,935,934,934,935,935,935,935,935,935,935,935,934,934,935,935,935,935,935,935,935,935,935,934,935,935,935,935,935,935,935,935,935,935,935,935,935,935,935,935,935,935,935,935,935,935,935,935,935,935,935,934,935,934,934,934,935,935,935,934,935,934,935,934,934,934,934,935,935,934,935,934,934,934,934,934,934,935,935,934,935,934,934,934,934,934,934,934,934,934,934,934,934,934, 0.3943275, -0.036907499999999996, -1.8196248272018658, 
1712955773133821436, 523, 258, 24.092187881469727, 935, 935,935,935,935,935,935,935,935,934,2047,935,935,935,935,935,935,935,935,935,934,935,935,935,935,935,935,935,935,935,935,935,935,935,935,935,935,935,935,935,935,935,935,935,935,935,935,935,935,935,935,935,935,935,935,935,935,935,935,935,935,935,935,935,935,935,935,935,935,935,934,934,934,934,935,935,934,935,934,935,934,934,934,934,935,935,934,934,934,935,934,934,934,934,935,935,934,934,934,934,934, 0.3943275, -0.034964999999999996, -1.8183765451280878, 
1712955773165960980, 523, 259, 24.357175827026367, 935, 935,935,935,935,935,935,935,935,935,2047,935,935,935,935,935,935,935,935,935,935,935,935,935,935,935,935,935,935,935,935,935,935,935,935,935,935,935,935,935,935,935,935,935,935,935,935,935,935,935,934,935,935,935,935,935,935,935,934,934,934,935,935,935,935,935,935,935,934,934,934,935,935,935,935,935,934,934,934,934,934,935,935,935,935,935,935,934,934,934,934,935,934,935,935,935,934,934,934,934,933, 0.3943275, -0.036907499999999996, -1.797550263229888, 
1712955773201836303, 523, 258, 24.70028305053711, 935, 935,935,935,935,935,935,935,934,933,931,935,935,935,935,935,935,935,935,934,932,935,935,935,935,935,935,935,935,934,933,935,935,935,935,935,935,935,935,934,933,935,935,935,935,935,935,935,935,934,934,935,935,935,935,935,935,935,935,934,934,935,935,935,935,935,935,935,935,934,934,934,934,934,935,935,935,935,934,934,934,934,934,934,935,935,935,935,934,934,934,935,935,935,935,935,934,934,934,934,934, 0.3943275, -0.034964999999999996, -1.8131481728584093, 
1712955773233203782, 522, 258, 24.42344856262207, 935, 935,935,935,936,935,935,935,935,934,2047,935,935,935,935,935,935,935,935,935,2047,935,935,935,935,935,935,935,935,935,935,935,935,935,935,935,935,935,935,935,935,935,935,935,935,935,935,935,935,935,935,935,935,935,935,935,935,935,935,934,935,935,935,935,935,935,935,934,934,934,934,935,935,935,935,935,935,934,934,934,934,934,934,934,934,935,935,934,934,934,934,935,935,934,934,935,935,934,934,934,934, 0.392385, -0.034964999999999996, -1.8125871289233162, 
1712955773263707920, 521, 258, 24.520498275756836, 935, 935,935,935,935,935,935,935,935,935,934,935,935,935,935,935,935,935,935,935,934,935,935,935,935,935,935,935,935,935,934,935,935,935,935,935,935,935,935,935,935,935,935,935,935,935,935,935,935,935,935,935,935,935,935,935,935,935,935,935,935,935,935,935,935,935,935,935,935,935,934,935,935,935,935,935,935,935,934,934,934,935,935,935,935,935,935,935,934,934,934,935,935,935,935,935,935,935,934,934,934, 0.39044249999999997, -0.034964999999999996, -1.8415661709747504, 
1712955773300623141, 519, 258, 24.234357833862305, 935, 935,935,935,935,935,935,936,935,2047,2047,935,935,935,935,935,935,935,935,935,2047,935,935,935,935,935,935,935,935,935,935,934,934,934,935,935,935,935,935,935,935,934,934,935,935,935,935,935,935,935,935,934,934,934,935,935,935,935,935,935,934,934,934,934,935,935,934,935,935,935,934,934,934,934,935,935,934,934,935,935,934,934,935,935,935,935,934,934,935,935,934,935,935,935,935,935,934,934,934,934,934, 0.38655749999999994, -0.034964999999999996, -1.8327482059943456, 
1712955773332464275, 517, 257, 24.474044799804688, 934, 935,934,934,935,934,934,934,934,2047,2047,935,934,935,935,935,934,935,934,2047,2047,935,935,935,935,934,934,934,934,934,2047,935,935,935,935,934,934,934,934,934,2047,935,935,935,934,934,934,934,934,934,933,935,935,935,935,935,934,934,934,934,934,935,935,935,935,935,934,934,934,934,934,935,934,935,935,935,935,935,934,934,934,935,935,935,935,935,935,935,934,934,934,935,935,935,935,935,935,935,934,934,934, 0.38225879999999995, -0.0329868, -1.8954206839581367, 
1712955773363955757, 513, 257, 24.377763748168945, 934, 935,935,935,935,934,934,934,933,932,2047,935,935,935,935,934,934,934,933,932,2047,935,935,935,935,934,934,934,934,933,2047,935,935,935,934,934,934,934,933,933,2047,935,935,935,935,934,934,934,934,933,2047,935,935,935,935,934,934,934,934,934,934,935,935,935,935,934,934,934,934,934,934,935,934,934,934,934,934,934,934,934,934,935,934,934,934,934,934,934,934,934,934,934,934,934,934,934,934,934,934,934,934, 0.3744972, -0.0329868, -1.7797899480367536, 
1712955773397328291, 509, 260, 25.339752197265625, 935, 935,935,935,935,935,935,935,935,935,935,935,936,935,936,935,935,935,935,935,934,935,936,936,936,936,935,935,935,934,934,935,935,935,936,935,935,935,935,934,934,935,935,935,935,935,935,934,935,934,934,935,935,935,935,935,935,935,935,934,934,935,935,935,935,935,935,935,935,935,934,935,935,935,935,935,935,935,935,934,934,935,935,935,935,935,935,935,935,935,934,935,935,935,935,935,935,935,935,935,934, 0.3671325, -0.038849999999999996, -1.7354455709147496, 
1712955773431922988, 503, 259, 24.084121704101562, 935, 935,935,935,934,935,935,935,935,934,934,935,935,935,935,935,935,935,935,935,935,935,935,934,934,935,935,935,935,935,935,935,935,934,934,935,935,935,935,935,935,935,934,934,934,934,935,935,935,935,935,934,934,934,934,934,935,935,935,935,935,934,934,934,934,934,935,935,935,935,935,934,934,934,934,934,935,935,935,935,935,934,934,934,934,934,935,935,935,935,935,934,934,934,934,935,935,935,935,935,935, 0.35547749999999995, -0.036907499999999996, -1.7459716717717513, 
1712955773463933226, 500, 259, 24.05586051940918, 934, 935,935,935,935,935,934,934,934,934,935,935,935,935,935,935,934,934,934,935,935,935,935,935,935,935,934,934,934,934,935,935,935,935,935,935,934,934,934,934,935,934,934,934,935,935,934,934,934,935,935,934,934,934,934,935,934,934,934,935,935,934,934,934,934,934,934,934,934,935,935,934,934,934,934,934,934,934,934,935,935,934,934,934,934,934,934,934,934,935,935,934,934,934,934,934,934,935,935,935,935, 0.34927199999999997, -0.03686759999999999, -1.736922790949799, 
1712955773498350008, 495, 259, 23.80439567565918, 934, 935,935,935,935,935,935,935,935,935,935,935,935,935,935,935,935,935,935,935,935,935,935,935,935,935,935,935,934,934,934,935,935,935,935,935,935,935,934,934,934,934,934,935,935,935,934,935,934,934,934,934,934,934,934,934,934,934,934,934,934,934,934,934,934,934,934,934,934,934,934,934,933,934,934,934,934,934,934,934,934,933,933,934,934,934,934,934,934,934,934,933,933,934,934,934,934,934,934,934,934, 0.33957, -0.03686759999999999, -1.7528881924606865, 
1712955773532155392, 491, 260, 23.972267150878906, 934, 934,935,935,935,935,934,934,934,935,2047,935,935,935,935,935,935,935,935,935,2047,935,935,935,935,935,935,935,935,935,935,935,935,935,934,935,934,934,934,935,935,934,935,934,934,934,934,934,934,934,934,934,934,934,934,934,934,934,934,934,934,934,934,934,934,934,934,934,934,934,934,934,934,934,934,934,934,934,934,935,934,934,934,934,934,933,933,934,934,934,934,933,934,933,933,933,933,934,934,934,934, 0.3318084, -0.038808, -1.7179895793381093, 
1712955773565435687, 486, 259, 23.895198822021484, 934, 935,935,935,935,935,935,935,935,2047,2047,935,935,935,935,935,934,934,935,2047,2047,935,935,935,935,935,935,935,934,934,2047,935,935,935,935,935,935,934,934,934,2047,935,935,935,935,934,934,934,934,934,933,935,935,935,935,934,934,934,934,933,933,935,935,935,935,934,934,934,934,933,933,935,935,935,935,934,934,934,934,933,933,935,935,935,935,934,934,934,934,933,933,935,935,935,935,935,934,934,934,934,933, 0.3221064, -0.03686759999999999, -1.7417959798985954, 
1712955773597882694, 481, 260, 23.680831909179688, 935, 935,935,935,935,935,935,934,934,934,2047,935,935,935,935,935,935,934,934,934,934,935,935,935,935,935,935,934,934,934,934,935,935,935,935,935,935,935,935,935,934,935,935,935,935,935,935,935,935,935,935,935,935,935,935,935,935,935,935,935,935,935,935,935,935,935,935,935,935,935,935,935,935,935,935,935,935,935,935,935,935,935,935,935,935,935,935,935,935,935,935,935,935,935,935,935,935,935,935,935,935, 0.31274250000000003, -0.038849999999999996, -1.7717886998838688, 
1712955773633270966, 477, 259, 23.62734031677246, 935, 935,935,935,935,935,935,934,2047,2047,2047,935,935,935,935,935,935,935,2047,2047,2047,935,935,935,935,935,935,934,935,2047,2047,935,935,935,935,935,935,935,935,935,2047,935,935,935,935,935,935,935,935,935,935,935,935,935,935,935,935,935,935,935,935,935,935,935,935,935,935,935,935,935,935,935,935,935,935,935,935,935,935,935,935,935,935,935,935,935,935,935,935,935,935,935,935,935,934,935,934,935,935,935,935, 0.3049725, -0.036907499999999996, -1.7506829426604775, 
1712955773666017221, 472, 260, 23.52625274658203, 935, 936,936,936,935,935,935,935,935,2047,2047,936,936,936,936,935,935,935,935,934,2047,936,936,936,936,935,935,935,936,935,935,936,936,936,936,935,935,935,935,935,935,936,936,936,936,935,935,935,935,935,935,936,936,936,935,935,935,935,935,935,935,935,935,935,935,935,935,935,935,935,935,935,935,935,935,935,935,935,935,935,935,935,935,935,935,935,935,935,935,935,935,935,934,934,934,934,934,934,935,935,935, 0.29525999999999997, -0.038849999999999996, -1.7602933926903936, 
1712955773698315674, 467, 259, 23.582670211791992, 935, 935,935,935,935,935,935,935,935,934,935,935,935,935,935,935,935,935,935,934,935,935,935,935,935,935,935,935,935,935,935,935,935,935,935,935,935,935,935,934,935,935,935,936,935,935,935,935,935,935,935,935,936,936,935,935,935,936,935,935,935,935,935,935,935,935,935,935,935,935,935,935,935,935,935,935,935,935,935,935,935,935,935,935,935,935,935,935,935,935,935,935,935,935,935,934,935,935,935,935,935, 0.28554749999999995, -0.036907499999999996, -1.7397048555216885, 
1712955773732069977, 462, 259, 23.302385330200195, 935, 935,935,935,935,935,935,935,935,935,935,935,935,935,935,935,935,935,936,935,936,935,935,935,935,935,935,935,935,935,935,935,935,935,935,935,935,935,935,935,935,935,935,935,935,935,935,935,935,935,935,934,935,935,935,935,935,935,935,935,935,934,935,935,935,935,935,935,935,935,935,934,934,935,935,935,935,935,935,935,935,934,934,934,935,935,935,935,935,935,935,934,934,935,935,935,935,935,935,935,935, 0.275835, -0.036907499999999996, -1.8346159329486047, 
1712955773765920585, 457, 259, 23.449724197387695, 934, 935,936,936,935,935,934,2047,2047,2047,2047,935,935,935,935,934,934,934,2047,2047,2047,935,935,935,935,934,934,934,934,2047,2047,935,935,935,935,934,934,934,934,933,2047,935,935,935,935,935,934,934,934,934,933,935,935,935,935,934,934,934,934,934,934,935,935,935,935,935,935,935,935,935,935,935,935,935,935,935,935,935,935,935,935,935,935,935,935,935,935,935,935,935,935,934,935,935,935,935,935,935,935,935,934, 0.2658348, -0.03686759999999999, -1.6965400827460082, 
1712955773798981941, 453, 259, 23.32390594482422, 935, 935,935,935,935,935,936,936,2047,2047,2047,935,935,935,935,936,936,935,2047,2047,2047,935,936,936,935,935,936,935,935,2047,2047,935,936,936,935,935,935,935,935,935,2047,935,936,936,935,935,935,935,935,935,934,935,935,935,935,935,935,935,935,935,935,935,935,935,935,935,935,935,935,935,935,935,935,935,935,935,935,935,935,935,935,935,935,935,935,935,935,935,935,935,935,934,935,935,935,935,935,935,790,935,934, 0.2583525, -0.036907499999999996, -1.6753474948081564, 
1712955773832215548, 448, 259, 23.1000919342041, 934, 936,936,936,936,935,934,2047,2047,2047,2047,936,936,936,935,935,935,2047,2047,2047,2047,936,936,936,936,935,935,935,2047,2047,2047,936,936,935,935,935,935,935,935,935,2047,935,935,935,935,935,934,935,935,935,2047,935,935,935,935,935,934,934,935,935,935,935,935,935,935,935,935,935,935,935,935,935,935,935,935,935,935,935,935,935,935,935,935,935,935,935,935,935,935,935,935,935,935,935,935,934,934,934,935,935,935, 0.2483712, -0.03686759999999999, -1.669762151561518, 
1712955773866032374, 443, 259, 22.890575408935547, 935, 935,935,935,934,936,936,936,2047,2047,2047,935,935,935,934,936,936,936,2047,2047,2047,935,935,935,935,936,936,936,936,2047,2047,935,935,935,934,935,935,936,935,2047,2047,935,935,935,934,935,936,936,936,2047,2047,935,934,934,934,935,935,936,935,935,2047,935,934,934,934,935,935,935,935,935,2047,934,934,934,934,935,935,935,935,935,2047,934,934,934,934,935,935,935,935,934,934,934,934,934,934,935,935,935,934,934,934, 0.2389275, -0.036907499999999996, -1.6869831075175732, 
1712955773898254856, 439, 259, 22.902807235717773, 934, 935,935,934,934,934,2047,2047,2047,2047,2047,936,935,935,935,935,2047,2047,2047,2047,2047,936,935,935,934,934,934,934,2047,2047,2047,936,935,935,934,934,934,934,933,2047,2047,936,936,935,935,935,934,934,934,935,2047,936,935,935,934,934,934,934,934,935,2047,936,935,935,934,934,934,934,934,935,934,935,935,934,934,934,934,934,934,935,935,935,934,934,934,934,934,934,934,935,935,934,934,934,934,934,934,934,934,935,936, 0.23090759999999996, -0.03686759999999999, -1.6957480963995464, 
1712955773932065353, 435, 260, 23.062292098999023, 934, 935,935,936,936,2047,2047,2047,2047,2047,2047,935,935,936,936,2047,2047,2047,2047,2047,2047,935,935,936,936,936,935,2047,2047,2047,2047,935,936,936,937,936,935,935,2047,2047,2047,935,935,936,936,935,934,934,934,934,934,935,935,935,936,935,934,934,934,934,934,935,935,935,935,935,934,934,933,934,933,934,934,934,934,934,934,933,933,933,933,934,934,934,934,934,933,933,933,933,934,934,934,934,934,933,933,933,934,934,934, 0.22314599999999998, -0.038808, -1.6531313159134384, 
1712955773965794963, 431, 259, 23.058780670166016, 935, 934,934,934,935,934,2047,2047,2047,2047,2047,934,934,934,935,935,935,2047,2047,2047,2047,934,934,935,935,935,935,2047,2047,2047,2047,934,934,935,936,935,935,2047,2047,2047,2047,934,934,935,935,935,935,2047,2047,2047,2047,934,934,934,935,935,935,934,2047,2047,2047,934,934,935,935,935,935,935,936,2047,2047,934,934,935,935,935,935,935,936,2047,2047,934,934,935,935,934,934,934,934,933,2047,934,934,935,935,934,934,934,934,933,2047, 0.2156175, -0.036907499999999996, -1.6293040024358705, 
1712955773998199175, 427, 260, 22.950838088989258, 934, 934,934,934,933,933,2047,2047,2047,2047,2047,934,934,934,934,933,2047,2047,2047,2047,2047,934,934,934,934,933,933,2047,2047,2047,2047,934,934,934,934,934,934,2047,2047,2047,2047,934,934,934,934,934,934,934,2047,2047,2047,934,934,934,934,934,934,934,935,2047,2047,935,935,934,934,934,934,935,935,2047,2047,935,935,935,934,935,934,935,934,934,937,935,935,935,934,935,935,935,934,934,936,935,935,935,934,935,934,934,934,934,933, 0.2076228, -0.038808, -1.6062464520432438, 
1712955774035760911, 422, 260, 22.92284393310547, 934, 934,935,936,936,937,2047,936,936,2047,2047,934,935,935,935,936,935,935,936,2047,2047,934,935,935,935,935,935,935,2047,2047,2047,934,935,935,935,935,934,934,935,2047,2047,934,934,934,934,934,934,934,934,934,934,934,934,934,934,934,934,934,934,934,934,934,934,934,934,935,934,934,934,935,935,934,934,934,934,934,934,934,934,934,934,934,934,934,934,935,935,935,935,934,935,934,934,934,934,935,935,935,935,935,935, 0.19792079999999998, -0.038808, -1.6312400698444283, 
1712955774075128454, 419, 260, 22.962932586669922, 934, 934,933,934,2047,2047,2047,2047,2047,2047,2047,934,934,934,2047,2047,2047,2047,2047,2047,2047,934,934,934,933,2047,2047,2047,2047,2047,2047,934,934,934,933,2047,2047,2047,2047,2047,2047,934,934,934,933,934,2047,2047,2047,2047,2047,934,934,934,933,934,934,2047,2047,2047,2047,934,934,934,934,934,934,2047,2047,2047,2047,934,934,934,934,934,934,935,2047,2047,936,934,934,934,934,935,935,935,937,937,937,934,933,933,934,934,935,935,937,937,937, 0.19209959999999998, -0.038808, -1.5965642027134395, 
1712955774108462804, 415, 260, 22.960100173950195, 934, 935,935,935,935,2047,2047,2047,2047,2047,2047,935,935,935,935,2047,2047,2047,2047,2047,2047,935,935,935,935,934,2047,2047,2047,2047,2047,935,935,935,935,934,2047,2047,2047,2047,2047,935,935,935,935,934,934,2047,2047,2047,2047,935,935,935,934,934,934,934,2047,2047,2047,935,935,935,934,934,934,934,2047,2047,2047,935,934,934,934,934,934,934,2047,2047,2047,934,934,934,934,934,934,934,2047,2047,786,934,934,934,934,934,934,934,934,786,786, 0.184338, -0.038808, -1.5790705284435882, 
1712955774141809638, 411, 260, 22.79277229309082, 934, 934,934,934,933,2047,2047,2047,2047,2047,2047,934,934,934,934,2047,2047,2047,2047,2047,2047,934,934,934,934,2047,2047,2047,2047,2047,2047,935,934,934,934,2047,2047,2047,2047,2047,2047,935,935,935,934,934,934,933,2047,2047,2047,935,935,935,934,934,934,933,933,933,2047,935,935,935,934,934,934,934,933,933,2047,935,935,934,934,934,934,934,934,933,2047,935,935,934,934,934,934,934,934,934,2047,935,935,934,934,934,934,934,934,933,2047, 0.17657639999999997, -0.038808, -1.6015889690132439, 
1712955774172913603, 408, 260, 22.685958862304688, 934, 934,934,934,2047,2047,2047,2047,2047,2047,2047,934,934,933,933,2047,2047,2047,2047,2047,2047,934,934,933,933,934,2047,2047,2047,2047,2047,934,934,933,933,934,2047,2047,2047,2047,2047,934,934,934,934,934,2047,2047,2047,2047,2047,934,934,934,934,934,934,935,934,2047,2047,934,934,934,934,934,934,934,934,933,2047,934,934,934,934,934,934,934,934,933,2047,934,934,934,934,934,934,934,934,933,933,934,934,934,934,934,934,934,934,933,933, 0.1707552, -0.038808, -1.5823377971863708, 
1712955774204861826, 404, 260, 22.919647216796875, 935, 934,934,935,2047,2047,2047,2047,2047,2047,2047,934,934,934,934,934,2047,2047,2047,2047,2047,934,934,935,934,934,2047,2047,2047,2047,2047,934,934,934,934,934,934,934,2047,2047,2047,934,934,935,934,934,935,935,935,2047,2047,934,934,934,934,934,935,935,935,935,935,934,934,934,934,934,935,935,935,936,936,933,934,934,934,934,934,935,935,935,935,933,934,934,934,934,934,935,935,936,785,932,933,934,934,934,935,935,935,936,785, 0.16316999999999998, -0.038849999999999996, -1.557316699748023, 
1712955774235375428, 401, 260, 22.81821632385254, 2047, 934,933,934,2047,2047,2047,2047,2047,2047,2047,934,934,934,2047,2047,2047,2047,2047,2047,2047,934,934,934,2047,2047,2047,2047,2047,2047,2047,933,933,934,2047,2047,2047,2047,2047,2047,2047,933,933,934,2047,2047,2047,2047,2047,2047,2047,934,934,934,933,2047,2047,2047,2047,2047,2047,933,933,934,933,934,2047,2047,2047,2047,2047,933,933,933,932,933,2047,2047,2047,2047,2047,933,933,933,932,2047,2047,2047,2047,2047,2047,932,932,932,932,2047,2047,2047,2047,2047,2047, 0.3464937, -0.08555399999999999, -1.523503754515257, 
1712955774266810102, 397, 260, 22.827455520629883, 934, 934,934,934,2047,2047,2047,2047,2047,2047,2047,934,934,934,2047,2047,2047,2047,2047,2047,2047,934,934,934,934,2047,2047,2047,2047,2047,2047,934,934,934,934,935,2047,2047,2047,2047,2047,934,934,934,934,934,2047,2047,2047,2047,2047,934,934,934,934,934,934,2047,2047,2047,2047,934,934,934,934,934,934,934,2047,2047,2047,934,934,934,934,934,934,934,933,2047,2047,934,934,933,934,934,934,934,933,2047,2047,933,933,933,933,933,933,934,933,2047,2047, 0.14941079999999998, -0.038808, -1.547339842241026, 
1712955774300899300, 394, 260, 22.772184371948242, 933, 934,934,2047,2047,2047,2047,2047,2047,2047,2047,934,934,933,2047,2047,2047,2047,2047,2047,2047,934,933,933,934,2047,2047,2047,2047,2047,2047,933,933,933,934,934,2047,2047,2047,2047,2047,934,933,933,934,934,2047,2047,2047,2047,2047,934,934,933,934,934,933,2047,2047,2047,2047,934,933,933,933,933,933,2047,2047,2047,2047,934,934,934,934,934,934,934,2047,2047,2047,933,933,933,934,933,933,2047,2047,2047,2047,933,933,933,933,933,932,2047,2047,2047,2047, 0.1434342, -0.038765999999999995, -1.542293078834606, 
1712955774336507853, 391, 260, 22.741050720214844, 2047, 935,2047,2047,2047,2047,2047,2047,2047,2047,2047,934,2047,2047,2047,2047,2047,2047,2047,2047,2047,934,934,2047,2047,2047,2047,2047,2047,2047,2047,934,934,934,2047,2047,2047,2047,2047,2047,2047,934,933,934,933,2047,2047,2047,2047,2047,2047,934,934,934,933,933,2047,2047,2047,2047,2047,934,933,933,933,933,2047,2047,2047,2047,2047,933,933,933,933,933,2047,2047,2047,2047,2047,933,933,933,933,932,2047,2047,2047,2047,2047,933,933,933,933,932,2047,2047,2047,2047,2047, 0.3037167, -0.08555399999999999, -1.5189156747340748, 
1712955774367053748, 388, 260, 22.595077514648438, 2047, 933,2047,2047,2047,2047,2047,2047,2047,2047,2047,933,933,2047,2047,2047,2047,2047,2047,2047,2047,933,933,933,2047,2047,2047,2047,2047,2047,2047,933,933,933,933,2047,2047,2047,2047,2047,2047,934,933,934,933,2047,2047,2047,2047,2047,2047,934,934,934,934,933,2047,2047,2047,2047,2047,934,934,934,934,933,932,2047,2047,2047,2047,934,934,934,934,933,932,2047,2047,2047,2047,934,934,934,933,933,932,2047,2047,2047,2047,934,933,933,933,933,932,931,2047,2047,2047, 0.2908836, -0.08555399999999999, -1.5096174549579748, 
1712955774399996777, 384, 260, 22.720579147338867, 2047, 2047,2047,2047,2047,2047,2047,2047,2047,2047,2047,2047,2047,2047,2047,2047,2047,2047,2047,2047,2047,932,2047,2047,2047,2047,2047,2047,2047,2047,2047,933,933,2047,2047,2047,2047,2047,2047,2047,2047,933,933,933,2047,2047,2047,2047,2047,2047,2047,933,933,934,934,2047,2047,2047,2047,2047,2047,934,934,934,934,934,2047,2047,2047,2047,2047,934,934,934,934,934,2047,2047,2047,2047,2047,934,934,934,933,931,2047,2047,2047,2047,2047,934,934,934,933,931,2047,2047,2047,2047,2047, 0.2737728, -0.08555399999999999, -1.4940267681822108, 
1712955774432197387, 381, 260, 22.75849723815918, 2047, 2047,2047,2047,2047,2047,2047,2047,2047,2047,2047,934,2047,2047,2047,2047,2047,2047,2047,2047,2047,934,934,2047,2047,2047,2047,2047,2047,2047,2047,934,934,934,2047,2047,2047,2047,2047,2047,2047,934,934,933,933,2047,2047,2047,2047,2047,2047,934,934,933,933,2047,2047,2047,2047,2047,2047,934,934,933,933,933,2047,2047,2047,2047,2047,934,934,934,934,2047,2047,2047,2047,2047,2047,934,934,934,934,934,2047,2047,2047,2047,2047,934,935,934,934,934,2047,2047,2047,2047,2047, 0.26093969999999994, -0.08555399999999999, -1.4931882266941985, 
1712955774467833710, 378, 260, 22.66486930847168, 2047, 2047,2047,2047,2047,2047,2047,2047,2047,2047,2047,2047,2047,2047,2047,2047,2047,2047,2047,2047,2047,2047,2047,2047,2047,2047,2047,2047,2047,2047,2047,933,2047,2047,2047,2047,2047,2047,2047,2047,2047,934,934,2047,2047,2047,2047,2047,2047,2047,2047,934,934,2047,2047,2047,2047,2047,2047,2047,2047,934,934,935,934,2047,2047,2047,2047,2047,2047,934,934,935,934,934,2047,2047,2047,2047,2047,934,934,936,934,934,2047,2047,2047,2047,2047,934,934,935,934,934,2047,2047,2047,2047,2047, 0.24810659999999998, -0.08555399999999999, -1.4801621349982366, 
1712955774499515600, 374, 260, 22.96480369567871, 932, 933,2047,2047,2047,2047,2047,2047,2047,2047,2047,933,933,2047,2047,2047,2047,2047,2047,2047,2047,933,933,2047,2047,2047,2047,2047,2047,2047,2047,933,933,933,2047,2047,2047,2047,2047,2047,2047,933,933,933,933,932,2047,2047,2047,2047,2047,933,933,933,933,933,932,2047,2047,2047,2047,933,933,933,933,933,933,2047,2047,2047,2047,934,934,934,934,934,933,934,933,2047,2047,934,934,935,934,934,934,934,785,2047,2047,934,935,935,935,934,785,785,785,785,785, 0.1045548, -0.038723999999999995, -1.4921394256914944, 
1712955774531505507, 371, 260, 22.48613739013672, 2047, 933,2047,2047,2047,2047,2047,2047,2047,2047,2047,933,933,2047,2047,2047,2047,2047,2047,2047,2047,933,933,933,2047,2047,2047,2047,2047,2047,2047,933,933,933,2047,2047,2047,2047,2047,2047,2047,933,932,932,931,2047,2047,2047,2047,2047,2047,933,933,933,2047,2047,2047,2047,2047,2047,2047,933,933,933,933,2047,2047,2047,2047,2047,2047,934,933,933,934,2047,2047,2047,2047,2047,2047,934,933,933,934,2047,2047,2047,2047,2047,2047,934,934,934,2047,2047,2047,2047,2047,2047,2047, 0.21816269999999996, -0.08555399999999999, -1.4623138492071368, 
1712955774565417527, 367, 260, 22.381967544555664, 2047, 933,2047,2047,2047,2047,2047,2047,2047,2047,2047,933,933,2047,2047,2047,2047,2047,2047,2047,2047,933,933,2047,2047,2047,2047,2047,2047,2047,2047,932,933,2047,2047,2047,2047,2047,2047,2047,2047,933,2047,2047,2047,2047,2047,2047,2047,2047,2047,933,933,2047,2047,2047,2047,2047,2047,2047,2047,934,934,934,2047,2047,2047,2047,2047,2047,2047,934,934,934,934,2047,2047,2047,2047,2047,2047,935,935,934,934,2047,2047,2047,2047,2047,2047,935,935,935,935,2047,2047,2047,2047,2047,2047, 0.20105189999999998, -0.08555399999999999, -1.4453130951337778, 
1712955774599382682, 363, 260, 22.546092987060547, 2047, 2047,2047,2047,2047,2047,2047,2047,2047,2047,2047,2047,2047,2047,2047,2047,2047,2047,2047,2047,2047,933,2047,2047,2047,2047,2047,2047,2047,2047,2047,934,933,2047,2047,2047,2047,2047,2047,2047,2047,934,934,933,2047,2047,2047,2047,2047,2047,2047,934,934,2047,2047,2047,2047,2047,2047,2047,2047,934,934,934,2047,2047,2047,2047,2047,2047,2047,935,934,934,2047,2047,2047,2047,2047,2047,2047,935,935,2047,2047,2047,2047,2047,2047,2047,2047,782,782,2047,2047,2047,2047,2047,2047,2047,2047, 0.18394109999999997, -0.08555399999999999, -1.4301767522089786, 
1712955774631627714, 360, 261, 22.4830379486084, 2047, 2047,2047,2047,2047,2047,2047,2047,2047,2047,2047,2047,2047,2047,2047,2047,2047,2047,2047,2047,2047,933,2047,2047,2047,2047,2047,2047,2047,2047,2047,934,933,2047,2047,2047,2047,2047,2047,2047,2047,934,934,934,2047,2047,2047,2047,2047,2047,2047,935,934,2047,2047,2047,2047,2047,2047,2047,2047,935,934,2047,2047,2047,2047,2047,2047,2047,2047,935,2047,2047,2047,2047,2047,2047,2047,2047,2047,935,2047,2047,2047,2047,2047,2047,2047,2047,2047,785,2047,2047,2047,2047,2047,2047,784,785,2047, 0.17110799999999998, -0.0898317, -1.3754411739625736, 
1712955774665601136, 356, 260, 22.47230339050293, 2047, 2047,2047,2047,2047,2047,2047,2047,2047,2047,2047,2047,2047,2047,2047,2047,2047,2047,2047,2047,2047,2047,2047,2047,2047,2047,2047,2047,2047,2047,2047,934,2047,2047,2047,2047,2047,2047,2047,2047,2047,933,2047,2047,2047,2047,2047,2047,2047,2047,2047,933,934,2047,2047,2047,2047,2047,2047,2047,2047,934,934,2047,2047,2047,2047,2047,2047,2047,2047,934,934,2047,2047,2047,2047,2047,2047,2047,2047,934,934,934,2047,2047,2047,2047,2047,2047,2047,934,934,785,2047,2047,2047,2047,2047,2047,2047, 0.1539972, -0.08555399999999999, -1.3933467170185467, 
1712955774699567353, 352, 260, 22.192440032958984, 2047, 2047,2047,2047,2047,2047,2047,2047,2047,2047,2047,2047,2047,2047,2047,2047,2047,2047,2047,2047,2047,2047,2047,2047,2047,2047,2047,2047,2047,2047,2047,2047,2047,2047,2047,2047,2047,2047,2047,2047,2047,2047,2047,2047,2047,2047,2047,2047,2047,2047,2047,933,2047,2047,2047,2047,2047,2047,2047,2047,2047,933,933,933,2047,2047,2047,2047,2047,2047,786,934,933,933,933,2047,2047,2047,2047,2047,785,934,934,934,934,2047,2047,2047,2047,2047,784,934,934,934,934,2047,2047,2047,2047,2047,785, 0.1368864, -0.08555399999999999, -1.3817886837102176, 
1712955774731376516, 348, 260, 22.31574249267578, 2047, 2047,2047,2047,2047,2047,2047,2047,2047,2047,2047,2047,2047,2047,2047,2047,2047,2047,2047,2047,2047,2047,2047,2047,2047,2047,2047,2047,2047,2047,2047,2047,2047,2047,2047,2047,2047,2047,2047,2047,2047,2047,2047,2047,2047,2047,2047,2047,2047,2047,2047,2047,2047,2047,2047,2047,2047,2047,2047,2047,2047,2047,2047,2047,2047,2047,2047,2047,2047,2047,2047,2047,2047,2047,2047,2047,2047,2047,2047,2047,2047,2047,2047,2047,2047,2047,2047,2047,2047,2047,2047,2047,2047,2047,2047,2047,2047,2047,2047,2047,2047, 0.1197756, -0.08555399999999999, -1.3637786869246238, 
1712955774767172795, 345, 260, 22.177364349365234, 2047, 2047,2047,2047,2047,2047,2047,2047,790,789,789,2047,2047,2047,2047,2047,2047,2047,2047,2047,789,2047,2047,2047,2047,2047,2047,2047,2047,2047,2047,2047,2047,2047,2047,2047,2047,2047,2047,2047,2047,2047,2047,2047,2047,2047,2047,2047,2047,2047,2047,2047,2047,2047,2047,2047,2047,2047,2047,2047,2047,2047,2047,2047,2047,2047,2047,2047,2047,2047,2047,2047,2047,2047,2047,2047,2047,2047,2047,2047,2047,2047,2047,2047,2047,2047,2047,2047,2047,2047,2047,2047,2047,2047,2047,2047,2047,2047,2047,2047,2047, 0.1069425, -0.08555399999999999, -1.3340334532814688, 
1712955774800025357, 341, 260, 22.328079223632812, 2047, 2047,2047,2047,2047,2047,2047,2047,2047,2047,788,2047,2047,2047,2047,2047,2047,2047,2047,2047,788,2047,2047,2047,2047,2047,2047,2047,2047,2047,789,2047,2047,2047,2047,2047,2047,2047,2047,2047,2047,2047,2047,2047,2047,2047,2047,2047,2047,2047,2047,2047,2047,2047,2047,2047,2047,2047,2047,2047,2047,2047,2047,2047,2047,2047,2047,2047,2047,2047,2047,2047,2047,2047,2047,2047,2047,2047,2047,2047,2047,2047,2047,2047,2047,2047,2047,2047,2047,2047,2047,2047,2047,2047,2047,2047,2047,2047,2047,2047,2047, 0.0898317, -0.08555399999999999, -1.3415949857000642, 
1712955774833934645, 337, 260, 22.35979652404785, 2047, 2047,2047,2047,2047,2047,2047,2047,2047,2047,2047,2047,2047,2047,2047,2047,2047,2047,2047,2047,2047,2047,2047,2047,2047,2047,2047,2047,2047,2047,2047,2047,2047,2047,2047,2047,2047,2047,2047,2047,2047,2047,2047,2047,2047,2047,2047,2047,2047,2047,2047,2047,2047,2047,2047,2047,2047,2047,2047,2047,2047,2047,2047,2047,2047,2047,2047,2047,2047,2047,2047,2047,2047,2047,2047,2047,2047,2047,2047,2047,2047,2047,2047,2047,2047,2047,2047,2047,2047,2047,2047,933,2047,2047,2047,2047,2047,2047,2047,2047,2047, 0.0727209, -0.08555399999999999, -1.3367809643801476, 
1712955774866278243, 334, 260, 22.030517578125, 2047, 2047,2047,2047,2047,2047,2047,2047,790,789,788,2047,2047,2047,2047,2047,2047,2047,789,789,788,2047,2047,2047,2047,2047,2047,2047,789,789,789,2047,2047,2047,2047,2047,2047,2047,2047,789,789,2047,2047,2047,2047,2047,2047,2047,2047,2047,2047,2047,2047,2047,2047,2047,2047,2047,2047,2047,2047,2047,2047,2047,2047,2047,2047,2047,2047,2047,2047,2047,2047,2047,2047,2047,2047,2047,2047,2047,2047,781,2047,2047,2047,2047,2047,2047,2047,2047,2047,782,2047,2047,2047,2047,2047,2047,2047,2047,2047, 0.0598878, -0.08555399999999999, -1.283380065301077, 
1712955774900203056, 330, 261, 22.272897720336914, 2047, 2047,2047,2047,2047,2047,2047,2047,2047,789,789,2047,2047,2047,2047,2047,2047,2047,2047,2047,789,2047,2047,2047,2047,2047,2047,2047,2047,2047,2047,2047,2047,2047,2047,2047,2047,2047,2047,2047,2047,2047,2047,2047,2047,2047,2047,2047,2047,2047,2047,2047,2047,2047,2047,2047,2047,2047,2047,2047,2047,2047,2047,2047,2047,2047,2047,2047,2047,2047,2047,2047,2047,2047,2047,2047,2047,2047,2047,2047,2047,2047,2047,2047,2047,2047,2047,2047,2047,2047,2047,2047,2047,2047,2047,2047,2047,2047,2047,2047,2047, 0.042776999999999996, -0.0898317, -1.2816813674017724, 
1712955774933889225, 326, 261, 22.223979949951172, 2047, 2047,2047,2047,2047,2047,2047,2047,2047,2047,2047,2047,2047,2047,2047,2047,2047,2047,2047,2047,2047,2047,2047,2047,2047,2047,2047,2047,2047,2047,2047,2047,2047,2047,2047,2047,2047,2047,2047,2047,2047,2047,2047,2047,2047,2047,2047,2047,2047,2047,2047,2047,2047,2047,2047,2047,2047,2047,2047,2047,2047,2047,2047,2047,2047,2047,2047,2047,2047,2047,2047,2047,2047,2047,2047,2047,2047,2047,2047,2047,2047,2047,2047,2047,2047,2047,2047,2047,2047,2047,2047,2047,2047,2047,2047,2047,2047,2047,2047,2047,2047, 0.0256662, -0.0898317, -1.2750447008586006, 
1712955774966262017, 323, 261, 22.193113327026367, 2047, 2047,2047,2047,2047,2047,2047,2047,2047,786,786,2047,2047,2047,2047,2047,2047,2047,2047,2047,2047,2047,2047,2047,2047,2047,2047,2047,2047,2047,2047,2047,2047,2047,2047,2047,2047,2047,2047,2047,2047,2047,2047,2047,2047,2047,2047,2047,2047,2047,2047,2047,2047,2047,2047,2047,2047,2047,2047,2047,2047,2047,2047,2047,2047,2047,2047,2047,2047,2047,2047,2047,2047,2047,2047,2047,2047,2047,2047,2047,2047,2047,2047,2047,2047,2047,2047,2047,2047,2047,2047,2047,2047,2047,2047,2047,2047,2047,2047,2047,2047, 0.0128331, -0.0898317, -1.2044176287812194, 
1712955775000185858, 320, 260, 22.25075912475586, 2047, 2047,2047,2047,2047,2047,2047,2047,786,786,786,2047,2047,2047,2047,2047,2047,2047,2047,786,787,2047,2047,2047,2047,2047,2047,2047,2047,787,787,2047,2047,2047,2047,2047,2047,2047,2047,786,786,2047,2047,2047,2047,2047,2047,2047,2047,2047,786,2047,2047,2047,2047,2047,2047,2047,2047,2047,786,2047,2047,2047,2047,2047,2047,2047,2047,2047,786,2047,2047,2047,2047,2047,2047,2047,2047,2047,2047,2047,2047,2047,2047,2047,2047,2047,2047,2047,2047,2047,2047,2047,2047,2047,2047,2047,2047,2047,783, 0.0, -0.08555399999999999, -1.2072382469481433, 
1712955775033898703, 316, 261, 22.167707443237305, 2047, 2047,2047,2047,2047,2047,2047,2047,2047,2047,787,2047,2047,2047,2047,2047,2047,2047,2047,2047,2047,2047,2047,2047,2047,2047,2047,2047,2047,2047,2047,2047,2047,2047,2047,2047,2047,2047,2047,2047,2047,2047,2047,2047,2047,2047,2047,2047,2047,2047,2047,2047,2047,2047,2047,2047,2047,2047,2047,2047,2047,2047,2047,2047,2047,2047,2047,2047,2047,2047,2047,2047,2047,2047,2047,2047,2047,2047,2047,2047,2047,2047,2047,2047,2047,2047,2047,2047,2047,2047,2047,783,783,783,2047,2047,2047,2047,2047,2047,2047, -0.0171108, -0.0898317, -1.2080332509117369, 
1712955775073188548, 313, 261, 22.410415649414062, 2047, 2047,2047,2047,2047,2047,2047,2047,786,786,786,2047,2047,2047,2047,2047,2047,2047,786,787,786,2047,2047,2047,2047,2047,2047,2047,2047,786,786,2047,2047,2047,2047,2047,2047,2047,2047,785,785,2047,2047,2047,2047,2047,2047,2047,2047,785,785,2047,2047,2047,2047,2047,2047,2047,2047,2047,784,2047,2047,2047,2047,2047,2047,2047,2047,2047,783,2047,2047,2047,2047,2047,2047,2047,2047,781,781,2047,2047,2047,781,781,781,781,781,781,781,2047,2047,2047,781,781,781,782,782,782,782, -0.0299439, -0.0898317, -1.209447202238111, 
1712955775099993718, 310, 261, 22.379592895507812, 2047, 2047,2047,2047,2047,2047,2047,2047,785,785,785,2047,2047,2047,2047,2047,2047,2047,786,785,785,2047,2047,2047,2047,2047,2047,2047,2047,785,785,2047,2047,2047,2047,2047,2047,2047,2047,785,785,2047,2047,2047,2047,2047,2047,2047,2047,785,785,2047,2047,2047,2047,2047,2047,2047,2047,2047,785,2047,2047,2047,2047,2047,2047,2047,2047,2047,785,2047,2047,2047,2047,2047,2047,2047,2047,2047,785,2047,2047,2047,2047,2047,2047,2047,2047,2047,785,2047,2047,2047,784,784,783,783,783,784,784, -0.042776999999999996, -0.0898317, -1.1982729551470759, 
1712955775134440477, 307, 261, 22.388877868652344, 2047, 2047,2047,2047,2047,2047,2047,786,786,785,785,2047,2047,2047,2047,2047,2047,2047,2047,786,785,2047,2047,2047,2047,2047,2047,2047,2047,2047,785,2047,2047,2047,2047,2047,2047,2047,2047,2047,786,2047,2047,2047,2047,2047,2047,2047,2047,2047,2047,2047,2047,2047,2047,2047,2047,2047,2047,2047,785,2047,2047,2047,2047,2047,2047,2047,2047,2047,2047,2047,2047,2047,2047,2047,2047,2047,2047,2047,785,2047,2047,2047,2047,2047,2047,2047,785,785,784,2047,2047,2047,2047,2047,785,785,785,784,784, -0.055610099999999996, -0.0898317, -1.1913493626468201, 
1712955775166142693, 304, 261, 22.373271942138672, 2047, 2047,2047,2047,2047,2047,2047,2047,786,785,785,2047,2047,2047,2047,2047,2047,2047,786,786,785,2047,2047,2047,2047,2047,2047,2047,787,786,786,2047,2047,2047,2047,2047,2047,2047,2047,2047,2047,2047,2047,2047,2047,2047,2047,2047,2047,2047,2047,2047,2047,2047,2047,2047,2047,2047,2047,2047,2047,2047,2047,2047,2047,2047,2047,2047,2047,2047,2047,2047,2047,785,2047,2047,2047,2047,2047,2047,2047,2047,785,785,2047,785,2047,2047,2047,2047,2047,785,785,784,785,785,785,784,784,784,784, -0.0684432, -0.0898317, -1.1687935672055896, 
1712955775200187826, 302, 261, 22.222627639770508, 2047, 2047,2047,2047,2047,2047,788,788,787,786,785,2047,2047,2047,2047,2047,2047,788,787,786,786,2047,2047,2047,2047,2047,2047,788,787,787,787,2047,2047,2047,2047,2047,2047,788,787,787,787,2047,2047,2047,2047,2047,2047,788,787,787,787,2047,2047,2047,2047,2047,2047,2047,787,787,787,2047,2047,2047,2047,2047,2047,2047,786,786,787,2047,2047,2047,2047,2047,2047,2047,785,785,786,2047,2047,2047,2047,2047,2047,785,785,785,786,785,785,785,785,784,785,785,785,785,786, -0.0769986, -0.0898317, -1.1766945872323948, 
1712955775234023465, 299, 261, 22.15488052368164, 2047, 2047,2047,2047,2047,788,787,786,786,786,786,2047,2047,2047,2047,2047,2047,786,786,785,785,2047,2047,2047,2047,2047,787,786,786,786,786,2047,2047,2047,2047,2047,2047,786,786,786,786,2047,2047,2047,2047,2047,2047,787,786,786,786,2047,2047,2047,2047,2047,2047,2047,786,786,786,2047,2047,2047,2047,2047,2047,2047,786,785,785,2047,2047,2047,2047,2047,2047,2047,785,784,785,2047,2047,2047,2047,2047,2047,785,784,785,785,785,785,785,785,785,785,785,784,785,785, -0.0898317, -0.0898317, -1.178865908263288, 
1712955775266173825, 296, 261, 22.269798278808594, 2047, 2047,2047,2047,2047,2047,2047,786,786,785,785,2047,2047,2047,2047,2047,2047,2047,787,786,785,2047,2047,2047,2047,2047,2047,2047,787,786,785,2047,2047,2047,2047,2047,2047,2047,788,787,786,2047,2047,2047,2047,2047,2047,2047,2047,788,786,2047,2047,2047,2047,2047,2047,2047,2047,2047,786,2047,2047,2047,2047,2047,2047,2047,2047,2047,2047,2047,2047,2047,2047,2047,2047,2047,2047,2047,785,2047,2047,2047,2047,2047,2047,2047,2047,2047,2047,784,784,785,785,785,785,785,785,785,785, -0.1026648, -0.0898317, -1.1675531588777115, 
1712955775303425705, 294, 261, 22.38723373413086, 2047, 2047,2047,2047,2047,788,787,786,785,785,785,2047,2047,2047,2047,2047,787,787,786,786,785,2047,2047,2047,2047,2047,787,787,786,786,785,2047,2047,2047,2047,2047,2047,787,786,786,785,2047,2047,2047,2047,2047,2047,2047,787,786,786,2047,2047,2047,2047,2047,2047,786,786,786,786,2047,2047,2047,2047,2047,2047,2047,784,785,785,2047,783,783,782,782,2047,784,784,784,785,783,783,783,783,784,784,784,785,785,785,783,783,783,783,784,785,785,785,785,785, -0.11122019999999999, -0.0898317, -1.1500342615701589, 
1712955775334081619, 292, 261, 22.35337257385254, 2047, 2047,2047,2047,2047,2047,785,786,785,784,784,2047,2047,2047,2047,2047,2047,786,785,785,785,2047,2047,2047,2047,2047,2047,2047,786,785,785,2047,2047,2047,2047,2047,2047,2047,2047,785,785,2047,2047,2047,2047,2047,2047,2047,2047,2047,785,2047,2047,2047,2047,2047,2047,2047,2047,2047,786,2047,2047,2047,2047,2047,2047,2047,2047,2047,785,2047,2047,2047,2047,2047,2047,2047,784,784,785,2047,2047,2047,781,782,782,783,783,784,785,782,781,782,782,782,783,784,784,784,785, -0.1197756, -0.0898317, -1.1416372909822994, 
1712955775365234694, 290, 261, 22.411008834838867, 2047, 2047,2047,2047,2047,2047,787,786,785,785,785,2047,2047,2047,2047,2047,787,786,786,786,786,2047,2047,2047,2047,2047,2047,787,787,787,786,2047,2047,2047,2047,2047,2047,788,788,787,787,2047,2047,2047,2047,2047,2047,2047,788,788,787,2047,2047,2047,2047,2047,2047,2047,2047,788,788,2047,2047,2047,2047,2047,2047,2047,788,788,788,2047,2047,2047,2047,2047,2047,2047,2047,787,787,2047,2047,2047,781,781,781,781,782,787,787,2047,782,782,781,782,782,782,782,786,786, -0.128331, -0.0898317, -1.1393449666228002, 
1712955775399474368, 288, 261, 22.562788009643555, 2047, 2047,2047,2047,2047,2047,786,785,785,785,784,2047,2047,2047,2047,2047,2047,785,785,785,785,2047,2047,2047,2047,2047,2047,2047,785,785,785,2047,2047,2047,2047,2047,2047,2047,2047,785,785,2047,2047,2047,2047,2047,2047,2047,2047,2047,786,2047,2047,2047,2047,2047,2047,2047,2047,2047,786,2047,2047,2047,2047,2047,2047,2047,2047,2047,785,2047,2047,2047,2047,2047,2047,2047,2047,2047,2047,2047,2047,2047,2047,2047,781,781,781,2047,784,2047,783,783,782,782,781,782,782,784,784, -0.1368864, -0.0898317, -1.1182333965253, 
1712955775433393524, 287, 261, 22.261083602905273, 2047, 2047,2047,2047,2047,785,785,785,785,784,784,2047,2047,2047,2047,2047,2047,785,785,784,784,2047,2047,2047,2047,2047,2047,785,785,785,784,2047,2047,2047,2047,2047,2047,2047,785,785,785,2047,2047,2047,2047,2047,2047,2047,2047,785,785,2047,2047,2047,2047,2047,2047,2047,785,785,785,2047,2047,2047,2047,2047,2047,2047,2047,784,784,2047,2047,2047,780,781,781,781,782,783,784,781,781,781,781,781,781,781,781,782,784,782,781,782,782,782,781,781,782,783,784, -0.1411641, -0.0898317, -1.0855782435023142, 
1712955775467606176, 285, 261, 22.305156707763672, 2047, 2047,2047,2047,786,786,785,785,784,784,784,2047,2047,2047,786,786,786,785,785,784,784,2047,2047,2047,786,787,787,786,785,785,784,2047,2047,2047,2047,2047,787,786,785,785,784,2047,2047,2047,2047,2047,786,786,786,785,785,2047,2047,2047,2047,2047,2047,785,785,784,785,2047,2047,2047,2047,2047,781,781,781,783,783,783,782,2047,781,781,781,781,781,781,782,784,783,782,782,782,781,781,781,781,782,784,784,783,782,783,782,781,782,781,782, -0.14971949999999998, -0.0898317, -1.1014687496314042, 
1712955775499342269, 284, 261, 22.206768035888672, 2047, 2047,2047,2047,785,785,784,784,784,783,782,2047,2047,2047,2047,785,784,784,784,783,783,2047,2047,2047,2047,785,784,784,784,784,783,2047,2047,2047,2047,2047,2047,784,784,784,784,2047,2047,2047,2047,2047,2047,785,785,784,784,2047,2047,2047,2047,2047,2047,784,784,784,784,2047,2047,2047,2047,2047,2047,783,783,784,783,2047,2047,2047,2047,2047,2047,783,783,783,782,2047,2047,2047,2047,2047,2047,783,783,783,782,2047,785,785,785,784,784,784,784,784,783, -0.1539972, -0.0898317, -1.0888595935089747, 
1712955775533727271, 282, 261, 22.357126235961914, 2047, 2047,2047,2047,2047,2047,786,785,785,784,783,2047,2047,2047,2047,2047,787,786,785,785,784,2047,2047,2047,2047,2047,788,786,786,785,784,2047,2047,2047,2047,2047,2047,787,786,786,785,2047,2047,2047,2047,2047,2047,789,788,787,786,2047,2047,2047,2047,2047,2047,2047,787,787,785,2047,2047,2047,2047,2047,2047,2047,2047,786,784,2047,2047,2047,2047,2047,2047,2047,785,785,784,2047,2047,2047,2047,2047,2047,2047,2047,785,784,2047,2047,785,785,785,784,784,784,784,784, -0.1625526, -0.0898317, -1.1067051779292723, 
1712955775569663344, 281, 261, 22.19487953186035, 2047, 2047,2047,2047,788,786,786,786,785,785,784,2047,2047,2047,2047,787,786,786,785,785,784,2047,2047,2047,2047,2047,787,787,786,785,785,2047,2047,2047,2047,2047,2047,788,786,786,785,2047,2047,2047,2047,2047,2047,2047,787,786,786,2047,2047,2047,2047,2047,2047,2047,786,786,785,2047,2047,2047,2047,2047,2047,2047,785,785,785,2047,2047,2047,2047,2047,2047,2047,784,784,784,2047,2047,2047,2047,2047,2047,2047,784,784,784,2047,2047,2047,2047,784,784,784,783,783,784, -0.1668303, -0.0898317, -1.0893665789997675, 
1712955775601832484, 279, 261, 22.065170288085938, 2047, 2047,2047,788,787,787,786,786,786,785,785,2047,2047,2047,787,786,786,786,785,785,785,2047,2047,2047,2047,786,786,786,786,786,785,2047,2047,2047,2047,2047,786,786,786,786,785,2047,2047,2047,2047,2047,2047,786,786,786,786,2047,2047,2047,2047,2047,2047,786,786,786,785,2047,2047,2047,2047,2047,2047,784,784,785,784,2047,2047,2047,2047,2047,783,784,784,784,784,2047,2047,2047,2047,2047,784,784,784,784,784,2047,2047,2047,2047,2047,784,785,785,784,784, -0.17538569999999998, -0.0898317, -1.0845207150264313, 
1712955775633353141, 278, 261, 22.158409118652344, 2047, 789,788,788,787,787,786,786,785,785,784,789,789,788,788,787,786,786,785,785,784,2047,2047,788,787,787,787,786,785,785,785,2047,2047,2047,2047,2047,787,787,786,786,785,2047,2047,2047,2047,2047,2047,787,786,786,785,2047,2047,2047,2047,2047,2047,2047,786,785,785,2047,2047,2047,2047,2047,2047,784,784,784,784,2047,2047,2047,2047,2047,2047,2047,784,784,784,2047,2047,2047,2047,2047,2047,2047,784,784,784,2047,783,2047,2047,2047,2047,783,784,784,784, -0.1796634, -0.0898317, -1.0882907703754956, 
1712955775672185461, 276, 261, 22.15488052368164, 2047, 2047,2047,2047,785,785,785,785,785,785,784,2047,2047,2047,2047,785,785,785,785,785,784,2047,2047,2047,2047,785,785,785,785,785,785,2047,2047,2047,2047,2047,786,786,785,786,785,2047,2047,2047,2047,2047,2047,787,786,787,786,2047,2047,2047,2047,2047,2047,787,786,787,786,2047,2047,2047,2047,2047,2047,2047,786,786,786,2047,2047,2047,2047,2047,2047,2047,786,786,786,2047,2047,2047,2047,2047,2047,2047,786,786,786,2047,2047,2047,2047,2047,2047,2047,786,786,786, -0.1882188, -0.0898317, -1.0838930619280362, 
1712955775700495854, 275, 261, 22.32173728942871, 2047, 2047,2047,2047,785,785,785,785,785,784,784,2047,2047,2047,2047,785,785,785,785,785,784,2047,2047,2047,2047,785,786,785,785,785,784,2047,2047,2047,2047,2047,786,785,785,785,785,2047,2047,2047,2047,2047,2047,2047,786,785,785,2047,2047,2047,2047,2047,2047,2047,786,786,785,2047,2047,2047,2047,2047,2047,2047,786,785,785,2047,2047,2047,2047,2047,2047,2047,785,785,785,783,2047,2047,2047,2047,2047,2047,785,785,785,783,2047,2047,2047,2047,2047,2047,786,786,785, -0.1924965, -0.0898317, -1.098531868304541, 
1712955775733386184, 274, 261, 22.46050453186035, 2047, 2047,2047,788,787,786,786,785,784,784,784,2047,2047,2047,787,787,786,785,785,784,784,2047,2047,2047,2047,787,786,786,785,785,785,2047,2047,2047,2047,2047,786,786,785,785,785,2047,2047,2047,2047,2047,786,786,786,786,785,2047,2047,2047,2047,2047,2047,786,786,786,785,2047,2047,2047,2047,2047,785,786,786,786,785,2047,2047,2047,2047,2047,784,785,786,785,785,783,782,782,782,2047,784,785,786,786,786,783,783,782,782,782,784,785,785,786,785, -0.19677419999999998, -0.0898317, -1.086853333305725, 
1712955775768892201, 273, 261, 22.173545837402344, 2047, 2047,2047,788,787,787,786,785,784,784,783,2047,2047,2047,788,787,786,786,785,784,784,2047,2047,2047,2047,787,786,786,785,784,784,2047,2047,2047,2047,787,786,786,785,785,784,2047,2047,2047,2047,2047,2047,786,785,785,785,2047,2047,2047,2047,2047,2047,786,785,785,785,2047,2047,2047,2047,2047,2047,2047,785,785,785,2047,2047,2047,2047,2047,2047,784,784,784,784,2047,2047,2047,2047,2047,2047,2047,784,784,785,783,783,783,2047,2047,2047,784,784,785,785, -0.20105189999999998, -0.0898317, -1.0834417265832956, 
1712955775806966499, 272, 261, 22.03229522705078, 2047, 2047,2047,2047,2047,786,785,784,784,783,783,2047,2047,2047,2047,786,785,785,784,784,783,2047,2047,2047,2047,2047,785,785,785,784,784,2047,2047,2047,2047,2047,785,785,785,785,784,2047,2047,2047,2047,2047,2047,785,785,785,785,2047,2047,2047,2047,2047,2047,785,785,785,785,2047,2047,2047,2047,2047,2047,2047,785,785,785,2047,2047,2047,2047,2047,2047,2047,785,785,785,2047,2047,2047,2047,2047,2047,2047,785,785,785,784,784,784,784,784,784,786,786,785,786, -0.2053296, -0.0898317, -1.0838602462217044, 
1712955775833472733, 270, 261, 22.15657615661621, 2047, 2047,2047,2047,785,785,786,785,785,784,784,2047,2047,2047,2047,786,786,786,785,785,784,2047,2047,2047,2047,2047,2047,786,786,785,784,2047,2047,2047,2047,2047,2047,786,786,785,784,2047,2047,2047,2047,2047,2047,786,786,785,785,2047,2047,2047,2047,2047,2047,785,786,785,785,2047,2047,2047,2047,2047,2047,785,785,785,784,784,784,784,783,783,783,2047,784,784,784,784,784,784,784,783,783,783,783,783,784,784,784,784,784,784,783,783,783,783,784, -0.213885, -0.0898317, -1.1037600461666963, 
1712955775867260916, 270, 261, 22.269798278808594, 786, 787,787,787,786,786,785,785,785,784,783,2047,2047,787,787,786,786,785,785,784,784,2047,2047,2047,787,787,786,786,785,785,784,2047,2047,2047,788,787,787,786,785,785,784,2047,2047,2047,2047,787,787,786,786,785,785,2047,2047,2047,2047,2047,786,786,786,785,785,2047,2047,2047,2047,2047,785,785,785,785,785,2047,2047,2047,2047,784,784,784,785,785,785,2047,2047,2047,784,784,784,784,784,786,785,784,784,784,783,784,784,784,784,785,785, -0.08147999999999998, -0.0342216, -1.0915136237520804, 
1712955775899260682, 268, 261, 22.64328956604004, 2047, 2047,2047,786,785,785,785,785,785,784,784,2047,2047,2047,2047,786,786,785,785,785,784,2047,2047,2047,2047,2047,786,786,785,785,785,2047,2047,2047,2047,2047,2047,786,785,785,785,2047,2047,2047,2047,2047,2047,786,785,785,785,2047,2047,2047,2047,2047,2047,785,785,785,785,2047,2047,2047,2047,2047,2047,784,784,785,785,2047,2047,2047,2047,2047,783,783,783,784,784,784,784,783,783,783,783,783,784,784,784,785,784,784,784,784,784,783,784,784,784, -0.22244039999999998, -0.0898317, -1.090193754472429, 
1712955775936151054, 267, 261, 22.27598762512207, 2047, 2047,2047,785,785,785,785,784,784,783,784,2047,2047,2047,785,785,785,785,784,784,784,2047,2047,2047,2047,786,785,785,785,784,784,2047,2047,2047,2047,2047,785,785,785,784,785,2047,2047,2047,2047,2047,2047,785,785,784,785,2047,2047,2047,2047,2047,2047,785,785,784,785,2047,2047,2047,2047,2047,784,785,784,784,785,2047,2047,2047,2047,2047,784,784,784,784,784,2047,2047,2047,783,784,784,784,784,784,784,2047,785,784,784,784,784,784,784,784,784, -0.2267181, -0.0898317, -1.0945032142066404, 
1712955775968095600, 265, 261, 22.350746154785156, 2047, 2047,2047,2047,786,785,785,785,784,784,783,2047,2047,2047,786,785,785,785,785,784,784,2047,2047,2047,2047,2047,786,786,785,785,784,2047,2047,2047,2047,2047,787,786,786,785,785,2047,2047,2047,2047,2047,2047,786,786,785,785,2047,2047,2047,2047,2047,2047,786,786,785,785,2047,2047,2047,2047,2047,2047,785,785,785,785,2047,2047,2047,2047,2047,784,785,785,785,784,2047,2047,2047,2047,2047,785,785,785,785,785,2047,2047,2047,2047,785,785,785,785,785,785, -0.2352735, -0.0898317, -1.1028913868424228, 
1712955776000171819, 264, 261, 22.418119430541992, 2047, 2047,2047,786,785,785,785,785,784,784,783,2047,2047,786,785,785,785,785,785,784,784,2047,2047,2047,785,785,785,786,785,785,784,2047,2047,2047,2047,786,786,786,785,785,785,2047,2047,2047,2047,2047,787,787,786,786,785,2047,2047,2047,2047,2047,2047,787,786,786,785,2047,2047,2047,2047,2047,2047,788,786,786,785,2047,2047,2047,2047,2047,2047,786,785,785,785,2047,2047,2047,2047,2047,785,785,785,785,785,2047,2047,2047,786,786,786,785,785,785,785, -0.2395512, -0.0898317, -1.1130627617452549, 
1712955776033463108, 263, 262, 22.339805603027344, 786, 2047,2047,2047,786,785,785,784,784,784,784,2047,2047,2047,2047,785,785,785,785,785,785,2047,2047,2047,2047,785,786,786,785,785,785,2047,2047,2047,2047,785,786,786,786,786,785,2047,2047,2047,2047,2047,2047,787,787,786,786,2047,2047,2047,2047,2047,786,787,787,787,786,2047,2047,2047,2047,785,785,785,786,786,786,2047,2047,2047,2047,785,785,785,785,785,785,2047,2047,2047,787,786,786,786,786,785,785,788,788,787,787,786,786,786,786,785,785, -0.09288719999999999, -0.0358512, -1.1022441427694165, 
1712955776067721829, 261, 261, 22.42980194091797, 2047, 2047,2047,2047,2047,786,785,785,785,783,783,2047,2047,2047,2047,786,785,785,785,784,784,2047,2047,2047,2047,786,786,786,785,785,785,2047,2047,2047,2047,2047,787,786,786,785,785,2047,2047,2047,2047,2047,786,786,786,785,785,2047,2047,2047,2047,2047,2047,786,786,786,786,2047,2047,2047,2047,2047,2047,786,786,786,786,2047,2047,2047,2047,2047,2047,786,786,786,785,2047,2047,2047,2047,2047,2047,786,785,785,785,2047,2047,2047,2047,2047,2047,786,786,785,785, -0.2523843, -0.0898317, -1.1302973466845614, 
1712955776101419118, 261, 261, 22.2502384185791, 785, 2047,786,786,786,785,784,784,784,783,782,2047,786,786,786,785,785,784,784,783,782,2047,786,786,786,785,785,784,784,784,783,2047,2047,2047,786,786,785,785,784,784,784,2047,2047,2047,786,786,785,785,784,784,784,2047,2047,2047,2047,786,785,785,785,785,785,2047,2047,2047,2047,2047,785,785,785,785,785,2047,2047,2047,2047,2047,2047,785,785,785,785,2047,2047,2047,2047,2047,2047,785,785,785,785,2047,2047,2047,2047,2047,2047,785,785,785,785, -0.0960225, -0.03417749999999999, -1.100481593470861, 
1712955776138109364, 259, 261, 22.391193389892578, 2047, 2047,2047,786,785,785,785,784,784,784,783,2047,2047,785,785,785,785,784,784,784,784,2047,2047,2047,785,785,785,785,784,784,784,2047,2047,2047,785,784,785,785,784,784,784,2047,2047,2047,2047,2047,785,785,784,784,784,2047,2047,2047,2047,2047,2047,785,785,785,785,2047,2047,2047,2047,2047,2047,785,785,785,785,2047,2047,2047,2047,2047,2047,785,785,785,785,2047,2047,2047,2047,2047,2047,2047,2047,785,785,2047,784,784,2047,2047,2047,787,2047,786,785, -0.26093969999999994, -0.0898317, -1.1119276867436414, 
1712955776167361136, 258, 261, 22.328598022460938, 786, 785,785,785,785,785,784,784,784,783,783,786,785,785,785,785,785,784,784,783,783,2047,786,786,785,785,785,785,784,784,783,2047,2047,786,786,785,785,785,785,784,784,2047,2047,2047,786,786,785,785,785,784,784,2047,2047,2047,2047,786,786,786,786,785,785,2047,2047,2047,2047,2047,787,786,786,785,785,2047,2047,2047,2047,2047,787,786,786,785,785,2047,2047,2047,2047,787,787,786,786,786,785,2047,2047,787,788,787,787,787,787,786,786, -0.10103519999999999, -0.0342216, -1.1128604526917856, 
1712955776201257657, 257, 261, 22.48297119140625, 785, 2047,785,785,785,784,784,784,784,783,782,2047,785,785,785,785,784,784,784,784,783,2047,2047,785,785,785,785,784,784,784,783,2047,2047,2047,2047,785,785,784,784,784,784,2047,2047,2047,2047,785,785,785,785,785,784,2047,2047,2047,2047,2047,785,785,785,785,784,2047,2047,2047,2047,2047,785,785,785,785,785,2047,2047,2047,2047,2047,2047,786,785,785,785,2047,2047,2047,2047,2047,2047,786,786,786,785,2047,2047,2047,2047,787,787,787,787,786,786, -0.1025325, -0.03417749999999999, -1.1190315965857285, 
1712955776233371406, 255, 261, 22.28316879272461, 786, 2047,785,785,785,785,784,784,784,783,783,2047,2047,786,785,785,785,784,784,783,783,2047,2047,2047,786,785,785,785,784,784,784,2047,2047,2047,786,785,786,785,784,784,784,2047,2047,2047,2047,785,786,785,784,784,784,2047,2047,2047,2047,2047,786,785,785,785,784,2047,2047,2047,2047,2047,2047,785,785,785,785,2047,2047,2047,2047,2047,787,786,785,785,785,2047,2047,2047,2047,2047,787,786,786,786,785,2047,2047,2047,785,787,787,787,786,786,785, -0.10592399999999999, -0.0342216, -1.1563648329927838, 
1712955776267345510, 254, 261, 22.326156616210938, 786, 785,785,785,784,784,784,783,783,782,782,786,785,785,785,785,784,784,784,783,782,786,785,786,786,786,785,785,784,784,783,2047,786,786,786,786,785,785,784,784,783,2047,2047,2047,787,786,785,786,785,784,784,2047,2047,2047,788,787,786,787,786,785,784,2047,2047,2047,2047,787,787,787,786,785,785,2047,2047,2047,788,788,787,787,787,786,785,2047,2047,2047,2047,787,787,788,787,787,786,2047,2047,2047,2047,2047,788,788,788,787,787, -0.10755359999999999, -0.0342216, -1.131578939249499, 
1712955776301254891, 253, 261, 22.547626495361328, 787, 787,787,786,785,785,784,783,783,782,782,2047,787,786,786,785,785,784,783,783,782,2047,787,786,786,786,785,784,784,783,783,2047,2047,786,787,786,785,785,784,784,783,2047,2047,2047,787,787,786,785,785,785,784,2047,2047,2047,2047,787,787,786,786,785,785,2047,2047,2047,2047,2047,786,786,787,786,786,2047,2047,2047,2047,2047,787,787,787,787,787,2047,2047,2047,2047,2047,788,788,787,787,787,2047,2047,2047,2047,2047,788,787,787,787,787, -0.1093239, -0.034265699999999996, -1.1165787741210698, 
1712955776333552478, 251, 261, 22.563337326049805, 785, 2047,785,785,785,784,784,783,783,782,782,2047,2047,785,785,785,784,784,784,783,782,2047,2047,785,785,785,784,784,784,784,783,2047,2047,2047,785,785,785,785,784,784,784,2047,2047,2047,785,785,785,785,785,785,784,2047,2047,2047,785,785,785,785,785,785,785,2047,2047,2047,785,785,785,785,785,785,786,2047,2047,2047,785,785,785,786,786,786,786,2047,2047,2047,785,785,786,786,787,787,787,785,785,785,785,785,785,786,787,787,787, -0.1122975, -0.03417749999999999, -1.084099288356607, 
1712955776367798612, 250, 261, 22.542699813842773, 785, 785,785,785,785,785,784,784,783,783,782,785,785,785,785,785,785,784,784,783,783,2047,785,785,785,785,785,784,784,784,783,2047,785,785,785,785,785,785,785,784,784,2047,784,785,785,785,785,785,785,784,784,2047,2047,785,785,785,785,785,785,785,784,2047,2047,2047,785,785,785,785,785,785,785,2047,2047,2047,785,785,785,786,786,785,785,2047,2047,2047,2047,785,786,786,786,786,785,2047,2047,2047,785,786,786,786,786,786,786, -0.113925, -0.03417749999999999, -1.0929771711794671, 
1712955776402016619, 249, 261, 22.4321231842041, 785, 785,785,785,785,784,784,784,783,783,782,785,785,785,785,785,784,784,783,783,783,2047,785,785,785,785,784,784,784,784,783,2047,785,785,785,785,785,785,784,784,784,2047,2047,785,785,785,785,785,785,784,784,2047,2047,786,785,785,785,785,785,785,785,2047,2047,2047,785,785,785,785,785,785,785,2047,2047,2047,785,785,785,785,786,785,785,2047,2047,2047,786,786,785,786,786,786,786,2047,2047,2047,2047,786,786,786,786,786,786, -0.11555249999999999, -0.03417749999999999, -1.0835268228513535, 
1712955776434540847, 247, 261, 22.404155731201172, 785, 785,785,784,784,784,784,784,783,783,782,785,784,784,784,784,784,784,783,783,783,2047,784,784,784,784,784,784,784,783,783,2047,2047,784,785,785,785,785,784,784,784,2047,2047,2047,785,785,785,785,784,784,784,2047,2047,2047,785,785,785,785,785,785,785,2047,2047,2047,2047,785,785,785,785,785,785,2047,2047,2047,2047,2047,785,785,785,785,785,2047,2047,2047,2047,2047,2047,785,786,786,786,2047,2047,2047,2047,2047,785,785,786,786,786, -0.1188075, -0.03417749999999999, -1.0836847092263884, 
1712955776468411371, 245, 261, 22.553985595703125, 785, 785,786,785,785,784,783,783,783,782,782,2047,786,785,785,784,784,783,783,783,782,2047,787,785,785,784,784,784,783,783,782,2047,2047,785,785,785,784,784,784,784,783,2047,2047,2047,785,785,785,784,784,784,784,2047,2047,2047,785,785,785,784,784,784,784,2047,2047,2047,2047,2047,785,784,784,784,784,2047,2047,2047,2047,2047,785,785,784,785,785,2047,2047,2047,2047,2047,785,785,785,785,785,2047,2047,2047,2047,2047,785,786,785,785,786, -0.12206249999999999, -0.03417749999999999, -1.085841554791425, 
1712955776502255324, 243, 261, 22.51120948791504, 784, 787,786,785,785,784,783,783,782,782,782,787,786,785,785,784,783,783,783,782,782,787,787,786,785,785,784,784,784,783,782,787,786,786,785,785,785,784,784,784,783,787,787,786,785,785,784,785,784,784,784,2047,2047,2047,786,785,784,784,784,784,784,2047,2047,2047,2047,785,784,784,784,784,784,2047,2047,2047,2047,2047,784,784,784,784,784,2047,2047,2047,2047,2047,2047,785,785,785,785,2047,2047,2047,2047,2047,2047,785,785,785,785, -0.1251558, -0.034133399999999994, -1.0841514933010055, 
1712955776534371914, 241, 261, 22.738183975219727, 784, 786,785,785,784,784,783,783,782,782,781,785,785,784,784,784,784,783,782,782,782,785,785,785,784,784,784,784,783,783,782,2047,785,784,784,784,784,784,784,783,783,2047,2047,784,784,784,784,784,784,784,784,2047,2047,2047,784,784,784,784,784,784,784,2047,2047,2047,2047,785,785,784,784,784,784,2047,2047,2047,2047,2047,785,785,784,784,784,2047,2047,2047,2047,2047,785,785,785,785,784,2047,2047,2047,2047,2047,785,785,785,785,785, -0.1284066, -0.034133399999999994, -1.0829597803627167, 
1712955776568522268, 240, 261, 22.291362762451172, 785, 786,785,785,784,784,783,782,782,781,781,786,785,785,785,784,784,783,782,782,781,786,786,785,785,784,784,784,783,783,782,2047,786,786,785,784,784,784,783,783,783,2047,2047,787,785,785,784,784,784,783,783,2047,2047,787,786,785,785,784,784,783,783,2047,2047,2047,2047,786,785,785,784,784,783,2047,2047,2047,2047,785,785,785,784,784,784,2047,2047,2047,2047,785,785,785,784,784,784,2047,2047,2047,2047,785,785,785,784,784,784, -0.13019999999999998, -0.03417749999999999, -1.082688707684096, 
1712955776602892519, 237, 261, 22.706859588623047, 785, 785,785,784,784,784,783,783,782,782,781,2047,785,784,784,784,784,783,783,783,782,2047,785,784,784,784,784,784,783,783,782,2047,2047,784,784,784,784,784,784,783,783,2047,2047,2047,784,784,784,784,784,784,783,2047,2047,2047,2047,784,785,784,784,784,784,2047,2047,2047,2047,2047,785,785,785,785,784,2047,2047,2047,2047,2047,2047,785,785,785,785,2047,2047,2047,2047,2047,2047,2047,786,786,785,2047,2047,2047,2047,2047,2047,786,786,786,785, -0.1350825, -0.03417749999999999, -1.0826144810645422, 
1712955776637212717, 236, 261, 22.318246841430664, 784, 785,784,784,783,783,782,782,782,781,781,785,785,784,784,783,783,783,782,782,781,2047,786,785,784,784,783,783,782,782,782,2047,2047,2047,784,784,784,784,783,782,782,2047,2047,2047,785,785,784,784,784,783,783,2047,2047,2047,2047,785,784,785,785,784,783,2047,2047,2047,2047,2047,784,785,785,784,784,2047,2047,2047,2047,2047,2047,785,785,784,784,2047,2047,2047,2047,2047,2047,786,786,785,785,2047,2047,2047,2047,2047,2047,786,786,785,784, -0.13653359999999998, -0.034133399999999994, -1.0826259288553552, 
1712955776668276998, 234, 262, 22.74180793762207, 786, 786,785,784,784,783,782,782,782,782,781,787,786,785,785,784,783,783,782,782,782,787,787,786,786,785,784,784,784,783,783,787,787,787,787,786,785,784,784,784,783,2047,787,787,787,786,785,785,785,785,784,2047,2047,2047,2047,786,786,786,786,785,785,2047,2047,2047,2047,787,787,786,786,786,785,2047,2047,2047,2047,787,787,787,787,786,786,2047,2047,2047,2047,786,786,786,787,786,786,2047,2047,2047,2047,785,786,786,787,786,786, -0.1401456, -0.0358512, -1.083082792734409, 
1712955776703592285, 232, 262, 22.5058650970459, 786, 785,785,785,784,784,783,782,781,781,781,785,785,785,785,784,784,783,782,782,781,785,785,785,785,785,784,784,783,782,782,786,785,786,786,785,785,785,784,784,783,2047,785,786,786,786,786,785,785,784,784,2047,2047,2047,786,786,786,786,785,785,785,2047,2047,2047,786,787,787,786,786,786,786,2047,2047,786,786,786,786,786,786,786,786,2047,2047,2047,785,786,786,786,786,786,786,2047,2047,786,785,786,786,786,786,786,786, -0.1434048, -0.0358512, -1.0844524807975187, 
1712955776736279706, 229, 262, 22.454193115234375, 785, 786,785,785,784,783,783,782,782,781,781,786,785,785,784,784,784,783,783,782,782,786,785,785,785,784,784,783,783,783,782,2047,2047,785,785,785,785,784,784,784,783,2047,2047,785,785,785,785,784,784,784,784,2047,2047,2047,785,785,785,785,785,785,785,2047,2047,2047,2047,785,785,785,785,785,786,2047,2047,2047,2047,785,785,785,785,786,786,2047,2047,2047,2047,786,786,785,785,786,786,2047,2047,2047,2047,2047,787,786,786,786,786, -0.1481025, -0.035805, -1.083475115181412, 
1712955776772265040, 227, 262, 22.73813819885254, 785, 786,785,785,784,784,783,782,782,781,781,786,786,785,785,784,784,783,782,782,782,787,787,786,785,785,784,784,783,783,782,788,788,787,786,785,785,784,784,784,783,788,788,787,786,785,785,785,785,784,784,2047,788,787,786,786,785,785,785,784,785,2047,2047,787,786,785,785,785,785,785,785,2047,786,786,786,786,786,785,785,785,785,2047,2047,786,2047,786,786,785,785,785,785,2047,788,788,787,787,786,786,786,786,786, -0.15135749999999998, -0.035805, -1.0842098419723167, 
1712955776805058297, 225, 262, 22.595911026000977, 784, 785,785,784,784,783,783,783,782,781,781,785,785,785,784,784,783,783,783,782,782,786,785,785,785,784,784,784,783,782,782,787,786,786,785,785,784,784,784,783,783,2047,786,786,786,785,784,784,784,784,784,2047,2047,786,785,785,784,784,784,784,784,2047,2047,2047,785,785,784,784,785,784,784,2047,2047,2047,2047,785,784,785,785,785,784,2047,2047,2047,786,784,784,785,785,785,784,787,787,787,786,786,785,785,785,785,785, -0.154413, -0.0357588, -1.0827206244448015, 
1712955776835307508, 223, 262, 22.78059959411621, 785, 784,784,784,784,784,783,782,782,781,781,784,785,785,784,784,784,783,782,782,782,784,785,785,785,785,784,784,783,782,782,785,786,785,785,785,785,785,784,783,783,785,786,786,785,785,785,785,784,784,784,2047,786,786,786,786,785,785,784,784,784,2047,787,787,787,786,786,785,785,785,785,2047,787,787,787,787,787,786,785,786,785,2047,787,787,787,787,787,787,786,787,786,785,787,787,787,787,787,787,787,787,787, -0.15786749999999997, -0.035805, -1.0832630443435396, 
1712955776867353723, 220, 262, 22.919017791748047, 785, 784,783,783,783,783,783,783,782,782,781,784,784,784,783,784,784,783,783,782,782,784,784,784,784,784,784,784,784,783,783,785,784,784,784,785,784,784,784,784,783,2047,785,784,784,785,785,784,784,784,784,2047,785,784,784,785,785,784,784,784,784,2047,785,785,784,785,785,785,784,784,784,2047,785,784,784,785,785,785,785,785,785,2047,785,785,784,785,786,786,786,786,785,785,785,784,784,786,786,786,786,786,786, -0.16275, -0.035805, -1.0825753785321595, 
1712955776901659576, 218, 261, 23.02638053894043, 783, 783,783,782,782,782,781,782,782,781,781,783,783,783,783,782,782,783,782,782,782,784,783,783,783,783,783,783,783,783,782,2047,784,784,784,783,783,784,784,783,783,2047,784,784,784,783,783,784,784,784,784,2047,784,784,784,783,783,784,784,784,784,2047,2047,784,784,784,783,784,784,784,784,2047,2047,784,784,784,784,785,784,784,784,2047,2047,783,784,784,784,785,785,785,785,2047,783,783,784,784,784,785,785,785,785, -0.1655766, -0.034089299999999996, -1.081592360381153, 
1712955776937921582, 216, 261, 22.850318908691406, 784, 783,783,782,782,781,781,780,780,781,781,783,783,783,782,782,781,781,781,781,781,784,784,783,783,783,782,782,781,782,782,784,784,784,783,783,783,783,782,783,782,2047,785,784,784,784,783,783,782,783,783,2047,785,785,784,784,784,783,783,784,783,2047,2047,784,784,784,784,784,783,784,783,2047,2047,2047,785,785,784,784,783,784,784,2047,2047,2047,2047,785,785,784,784,785,784,2047,2047,785,785,785,786,785,784,785,785, -0.1690416, -0.034133399999999994, -1.0810445206157748, 
1712955776974051733, 214, 261, 22.8474178314209, 784, 782,782,782,781,781,781,781,780,780,780,782,782,782,781,781,781,781,781,780,780,783,783,783,783,783,782,782,781,781,781,783,784,783,783,783,783,783,782,782,781,783,784,784,784,784,783,783,783,782,782,783,784,784,784,784,784,783,783,783,782,2047,2047,2047,784,784,784,784,784,783,783,2047,2047,2047,2047,785,785,784,784,784,783,2047,2047,2047,2047,2047,785,785,785,784,784,2047,2047,2047,2047,785,785,785,785,784,784, -0.17229239999999998, -0.034133399999999994, -1.081055828594524, 
1712955777001340925, 212, 261, 22.729536056518555, 784, 783,782,782,782,781,780,780,780,780,780,783,783,782,782,781,781,780,780,780,780,784,784,783,783,783,782,782,782,781,781,785,785,784,784,784,783,783,783,782,781,785,784,784,784,784,783,783,783,783,782,785,785,785,785,784,784,784,783,783,783,785,785,785,784,784,784,784,784,783,783,785,784,785,784,784,785,784,784,784,783,786,785,785,785,785,785,784,784,784,784,785,785,785,785,784,785,784,784,784,784, -0.17554319999999998, -0.034133399999999994, -1.081427349522274, 
1712955777035902590, 210, 262, 23.070642471313477, 784, 783,783,782,781,781,781,780,780,780,780,784,784,783,782,782,782,782,781,781,781,785,785,784,783,783,783,783,782,782,782,785,785,784,783,783,783,783,783,783,783,786,786,785,784,784,784,783,783,783,783,785,785,784,784,784,784,783,783,783,783,785,785,784,784,784,784,783,784,784,784,786,786,786,785,784,784,784,784,784,784,786,786,786,784,784,784,784,784,784,784,786,787,787,787,786,784,784,784,784,784, -0.17879399999999998, -0.0357588, -1.084807833513537, 
1712955777074012970, 208, 262, 23.507143020629883, 784, 783,783,782,782,781,780,780,780,780,780,784,784,783,783,782,782,781,781,781,781,784,784,784,784,783,783,782,782,782,781,784,785,784,784,783,783,783,783,782,782,785,785,784,784,784,784,783,783,783,783,785,785,784,784,784,784,783,783,783,783,785,785,784,784,784,783,783,783,783,783,786,785,785,785,784,784,784,784,783,783,786,786,785,785,785,784,784,784,784,784,786,786,785,785,785,784,784,784,784,784, -0.18204479999999998, -0.0357588, -1.083705938187673, 
1712955777108514050, 206, 262, 22.919647216796875, 784, 784,783,783,782,782,781,781,780,780,780,784,783,783,783,782,782,781,781,781,781,785,784,784,783,783,783,782,782,782,781,785,784,784,784,783,783,783,782,782,782,785,785,784,784,784,784,783,783,783,783,786,785,784,784,784,784,783,783,783,783,787,786,786,785,784,784,784,783,783,783,787,787,786,786,785,785,784,784,783,783,787,787,786,786,786,785,785,784,784,783,788,787,787,787,786,786,786,785,784,783, -0.18529559999999998, -0.0357588, -1.0819182559887843, 
1712955777136506914, 204, 262, 23.27060890197754, 783, 783,783,783,783,782,782,781,781,780,780,783,783,783,783,783,782,782,781,781,781,784,784,784,783,783,783,782,782,782,782,784,784,784,784,783,783,783,782,782,782,784,784,784,784,784,783,783,783,783,783,785,785,784,784,784,783,783,783,783,783,785,785,785,784,784,784,784,783,783,783,786,786,786,785,785,784,784,784,783,783,788,787,787,786,785,785,784,784,783,783,788,788,788,787,786,786,785,784,784,783, -0.1883028, -0.0357126, -1.0824127169289404, 
1712955777167334111, 202, 262, 22.809770584106445, 784, 784,783,783,783,782,782,781,781,781,780,784,783,783,783,783,782,782,781,781,781,784,784,784,783,783,783,783,782,782,782,785,784,784,784,784,783,783,783,783,782,785,785,785,785,784,784,784,783,783,783,2047,785,785,785,785,784,784,783,783,783,2047,786,786,786,785,785,784,784,784,783,2047,787,787,786,786,785,785,784,784,784,788,787,787,787,786,786,785,784,784,784,788,787,787,787,787,786,786,785,784,784, -0.19179719999999997, -0.0357588, -1.082030797662322, 
1712955777202000925, 200, 262, 23.374067306518555, 784, 783,783,782,782,781,781,781,780,781,780,784,783,783,782,782,782,781,781,781,781,784,784,783,783,783,783,783,782,782,782,785,784,784,784,784,783,783,783,783,783,784,785,784,784,784,784,784,783,783,783,785,785,785,785,785,784,784,784,783,783,787,786,786,785,786,785,785,784,784,783,787,787,787,786,786,786,786,785,784,784,787,787,787,787,787,787,786,785,785,784,787,787,787,787,787,787,787,786,786,785, -0.195048, -0.0357588, -1.0831389087563232, 
1712955777237862634, 199, 262, 23.142044067382812, 784, 783,783,782,781,781,781,781,780,780,780,783,783,783,782,782,781,781,781,781,781,784,784,783,782,782,782,781,782,782,781,784,784,783,783,783,783,783,783,782,782,784,784,783,783,783,783,783,783,783,783,785,785,784,784,784,784,784,784,783,783,787,784,784,784,784,784,784,784,783,783,787,787,785,785,785,785,785,784,784,784,2047,787,786,786,785,786,786,785,784,784,787,787,786,786,786,786,786,785,785,785, -0.1966734, -0.0357588, -1.0815031831542965, 
1712955777270894832, 197, 261, 23.1763858795166, 783, 783,782,782,781,781,780,780,780,780,780,783,782,782,781,781,781,780,780,780,780,783,783,782,782,781,781,780,781,780,780,783,783,783,782,782,781,781,781,781,781,784,784,784,783,783,782,782,782,782,782,784,784,784,784,783,783,783,783,782,783,784,785,785,785,784,783,783,783,783,783,785,786,786,785,784,784,784,784,784,784,2047,787,787,787,786,786,786,785,785,784,2047,788,787,787,787,787,786,786,786,785, -0.1996659, -0.034089299999999996, -1.080348976169309, 
1712955777302546400, 196, 262, 23.07912826538086, 784, 783,783,782,781,781,781,780,780,780,780,784,783,782,782,781,781,780,780,780,780,784,784,783,783,782,781,781,781,781,780,785,784,784,784,783,783,782,782,782,782,786,785,784,785,784,783,783,783,783,782,786,786,786,786,785,784,784,784,783,783,787,786,786,786,786,784,784,784,784,784,787,787,787,787,787,786,786,785,785,785,787,787,787,787,787,786,786,786,785,785,787,787,787,787,787,786,786,786,786,786, -0.2015496, -0.0357588, -1.0816484372606092, 
1712955777337870848, 195, 262, 23.283721923828125, 784, 783,782,782,781,781,780,781,780,780,780,783,783,782,781,781,781,781,780,780,780,783,783,783,781,782,781,781,781,780,781,784,783,783,782,782,782,782,782,782,782,784,784,784,783,783,783,783,783,783,782,2047,784,784,784,784,784,783,783,783,783,2047,784,784,784,785,785,784,784,784,783,2047,2047,785,785,786,786,785,785,785,784,2047,2047,786,786,786,786,785,785,785,784,2047,786,787,787,787,787,786,786,786,785, -0.203175, -0.0357588, -1.081007428287214, 
1712955777369297535, 193, 262, 23.08171272277832, 785, 784,783,783,782,782,781,780,780,781,780,784,784,783,782,782,781,781,781,781,780,784,784,783,782,782,781,781,781,781,780,784,784,784,783,783,782,782,782,782,782,786,785,785,784,784,783,783,783,783,782,786,786,786,786,785,785,785,784,783,783,786,786,786,786,785,785,785,785,784,783,2047,2047,786,786,786,786,786,786,785,784,2047,2047,786,787,786,786,787,786,786,785,2047,787,786,787,787,787,787,787,786,786, -0.2066925, -0.035805, -1.0815500514060854, 
1712955777402039291, 192, 262, 23.302377700805664, 784, 783,783,783,783,782,781,780,780,780,780,784,783,783,783,782,781,781,780,780,780,784,783,783,783,782,782,781,781,781,781,784,784,783,783,783,783,782,782,782,782,784,784,784,784,784,784,784,784,783,783,785,785,784,784,784,784,785,785,784,783,785,785,784,784,784,785,785,785,784,784,785,785,785,785,785,785,785,786,786,784,785,785,785,785,786,786,786,786,786,785,785,786,785,785,786,786,786,786,786,785, -0.2080512, -0.0357588, -1.0800516747394233, 
1712955777441498945, 191, 262, 23.216821670532227, 784, 784,783,783,783,782,782,781,780,780,780,784,784,783,783,783,782,782,781,781,781,784,784,783,783,782,782,782,781,781,781,785,784,784,783,783,783,783,782,782,782,785,785,784,784,784,784,784,783,784,783,785,785,785,784,784,784,784,784,784,784,2047,786,785,785,785,785,784,784,785,784,2047,2047,785,785,785,785,785,785,785,785,2047,2047,785,785,785,786,786,786,786,786,2047,2047,786,786,786,786,786,786,786,786, -0.2096766, -0.0357588, -1.0807760487607108, 
1712955777470456954, 190, 262, 23.269521713256836, 784, 784,783,783,783,782,782,781,781,780,780,784,784,783,783,783,782,782,781,781,781,784,784,783,783,783,782,782,782,781,781,784,784,784,784,783,783,783,783,782,782,784,784,784,784,784,784,784,783,783,783,784,784,784,784,784,784,784,784,784,784,785,786,785,785,785,784,785,784,784,784,2047,787,787,787,786,786,786,785,785,785,2047,2047,788,788,787,787,787,786,786,785,788,788,788,788,787,787,787,787,786,786, -0.211302, -0.0357588, -1.0821436313648387, 
1712955777501954474, 189, 261, 23.324811935424805, 783, 783,783,782,782,781,781,781,780,780,780,784,783,783,783,782,781,781,780,780,780,784,784,783,783,782,782,781,781,781,780,785,784,784,783,782,782,782,781,781,780,785,784,784,783,783,782,782,782,782,781,785,784,784,784,783,783,783,783,783,782,2047,785,784,784,784,783,783,784,783,783,2047,2047,2047,784,784,784,784,784,784,784,2047,2047,2047,2047,2047,785,785,785,784,785,2047,2047,2047,2047,2047,2047,786,786,785,786, -0.2126523, -0.034089299999999996, -1.0807734396938744, 
