1712955675941140542, 54, 262, 24.813858032226562, 781, 778,778,778,779,779,779,779,779,780,780,778,778,779,779,779,779,779,780,780,780,779,779,779,779,779,779,779,780,780,780,779,779,779,780,779,780,780,781,780,781,779,779,780,780,780,780,781,781,781,781,780,780,781,781,781,781,781,781,781,781,781,781,781,781,781,781,781,781,781,782,781,781,781,781,781,781,782,782,782,782,782,781,782,781,782,782,782,782,782,782,782,781,781,782,782,782,782,782,783,783, -0.43068059999999997, -0.0356202, -1.0764715131540898, 
1712955675973518084, 54, 262, 25.13136863708496, 781, 778,778,778,778,778,778,779,779,779,780,778,778,778,778,778,778,779,780,780,780,778,779,779,779,779,779,779,780,780,780,778,779,779,779,779,779,780,780,780,781,779,779,779,780,780,780,780,781,781,781,780,780,781,781,781,781,781,781,781,781,780,780,781,781,781,781,782,781,781,781,780,781,781,781,781,781,782,782,782,782,781,781,781,781,782,782,782,782,782,782,781,781,782,782,782,782,782,782,782,783, -0.43068059999999997, -0.0356202, -1.077107446471289, 
1712955676007283928, 54, 262, 24.749603271484375, 781, 778,778,778,779,779,779,779,779,780,780,778,778,779,779,779,779,779,780,780,781,778,779,779,779,779,779,779,780,780,781,779,779,779,780,779,780,780,781,781,781,779,779,780,780,780,780,781,781,781,781,779,780,781,781,781,781,781,781,781,781,780,780,781,781,782,782,782,782,782,782,781,781,782,782,782,782,782,782,782,782,781,781,782,782,782,782,782,782,782,782,782,2047,783,783,783,783,783,782,782,783, -0.43068059999999997, -0.0356202, -1.0781697208284422, 
1712955676043835558, 54, 263, 24.855998992919922, 781, 778,778,778,779,779,779,779,780,780,781,778,779,779,779,779,779,779,780,780,780,778,779,779,779,779,779,780,780,780,781,778,779,780,780,780,780,780,781,781,781,779,780,781,781,781,781,781,781,781,781,780,780,781,781,781,781,781,781,781,781,780,781,781,781,781,781,781,781,781,781,781,781,781,781,781,781,781,781,781,782,782,781,782,782,782,782,782,781,782,783,782,782,781,782,782,782,782,782,783,783, -0.43068059999999997, -0.0372393, -1.0852172825945452, 
1712955676074032906, 54, 262, 24.734241485595703, 781, 778,778,778,778,778,779,779,780,779,780,778,778,778,778,778,779,779,780,780,780,778,778,778,779,779,779,780,780,780,780,778,778,779,779,779,779,780,781,780,781,778,779,779,779,779,780,781,781,781,781,779,779,780,780,780,781,781,781,781,781,779,779,780,780,780,781,781,781,781,782,779,779,780,779,780,781,781,781,782,782,780,780,781,781,781,781,782,782,782,783,781,781,781,781,782,782,782,783,783,784, -0.43068059999999997, -0.0356202, -1.071434642363972, 
1712955676107054651, 54, 262, 24.738733291625977, 781, 778,778,778,778,778,779,779,779,779,780,778,778,778,778,778,778,779,780,780,780,778,778,779,779,779,779,779,780,780,780,778,778,779,779,779,779,780,780,780,780,778,779,779,779,779,780,780,781,780,781,779,780,780,780,780,781,781,781,781,781,779,780,781,780,781,781,781,781,781,781,780,781,781,781,781,781,781,781,781,781,782,782,782,782,782,782,782,782,782,782,784,783,783,783,783,783,783,782,782,782, -0.43068059999999997, -0.0356202, -1.0699155678867982, 
1712955676144857940, 54, 262, 25.00872230529785, 781, 778,778,778,778,778,779,779,779,780,780,778,778,778,778,778,778,779,780,780,780,778,778,779,779,779,779,779,780,780,780,778,778,779,779,779,779,780,780,780,781,779,779,779,780,779,780,780,781,781,781,780,780,780,781,781,781,781,781,781,781,780,780,781,781,781,781,781,781,781,781,781,781,781,781,781,782,782,782,782,782,781,781,782,782,782,782,782,782,782,782,782,783,783,782,783,783,783,782,782,782, -0.43068059999999997, -0.0356202, -1.0771462245350139, 
1712955676174509876, 54, 262, 25.09494972229004, 781, 778,778,778,779,779,779,779,779,779,780,778,778,779,779,779,779,779,780,780,780,779,779,779,779,779,779,779,780,780,780,779,779,779,780,779,780,780,780,780,781,779,779,780,780,780,780,781,781,781,781,780,780,781,781,781,781,781,781,781,781,780,781,781,781,781,781,781,781,781,782,781,781,782,782,782,782,782,781,782,782,782,782,782,782,782,782,782,782,782,782,783,783,783,783,783,782,782,782,782,782, -0.43068059999999997, -0.0356202, -1.078896804471732, 
1712955676207116990, 54, 262, 24.95158576965332, 781, 778,778,778,778,778,778,779,779,779,780,778,778,778,778,778,779,779,780,780,780,778,778,779,779,779,779,779,780,780,780,778,778,779,779,779,779,780,780,780,781,778,779,779,779,779,780,780,781,780,781,779,779,780,780,780,781,781,781,781,781,779,779,780,780,780,781,781,781,781,781,779,780,780,780,781,781,781,781,782,782,779,2047,781,781,782,782,782,782,782,782,2047,2047,2047,2047,782,782,782,782,782,782, -0.43068059999999997, -0.0356202, -1.0742451201651118, 
1712955676241213049, 54, 262, 25.01030731201172, 781, 778,778,778,778,778,779,779,779,779,780,778,778,778,778,778,779,779,779,780,780,778,778,779,779,779,779,779,780,780,780,778,779,779,779,779,779,780,780,780,781,778,779,779,779,779,780,780,781,781,781,779,779,780,780,780,781,781,781,781,781,779,779,780,781,781,781,782,781,781,782,779,779,781,781,781,782,782,782,782,782,780,781,782,782,782,782,782,782,782,783,785,785,782,782,783,783,783,782,783,784, -0.43068059999999997, -0.0356202, -1.0823322420209889, 
1712955676274307140, 54, 263, 25.117900848388672, 781, 778,778,779,778,779,779,779,779,779,780,779,779,779,779,779,779,779,780,780,780,779,779,779,779,779,779,780,780,780,780,779,780,780,780,780,780,780,780,780,781,779,780,780,780,780,781,781,781,781,781,779,780,781,781,781,781,781,781,781,782,779,780,780,780,781,781,781,782,782,782,780,781,781,781,781,781,782,782,782,782,2047,2047,2047,781,782,782,782,782,782,783,2047,2047,2047,2047,2047,2047,2047,2047,783,784, -0.43068059999999997, -0.0372393, -1.0926132984191643, 
1712955676307037006, 54, 262, 24.950918197631836, 781, 778,778,778,778,778,778,779,779,780,780,778,778,778,778,778,778,779,780,780,780,778,778,779,779,778,779,779,780,780,780,778,778,779,779,779,779,780,780,780,780,778,779,779,779,779,780,780,780,780,781,779,779,780,780,780,781,781,781,781,781,779,780,781,781,781,781,781,781,781,782,780,781,781,781,781,781,781,781,782,782,781,781,781,781,781,781,782,782,782,782,781,781,782,782,782,782,782,782,783,783, -0.43068059999999997, -0.0356202, -1.07409067657197, 
1712955676341381785, 54, 263, 24.915124893188477, 781, 778,778,778,779,779,779,780,780,780,781,779,779,779,779,779,779,780,780,780,781,779,779,779,780,779,780,780,781,781,781,779,779,779,780,780,780,781,781,781,781,779,780,780,780,781,781,781,781,781,782,780,780,781,781,781,781,782,782,782,782,780,781,781,781,781,782,782,782,782,782,781,781,782,782,783,782,782,782,782,783,782,782,783,784,784,783,783,782,783,784,784,783,784,784,784,783,783,783,784,785, -0.43068059999999997, -0.0372393, -1.0965933535392351, 
1712955676375311890, 54, 262, 24.956581115722656, 781, 778,778,778,778,778,779,779,779,780,780,778,778,778,779,779,779,779,780,780,780,778,779,779,779,779,779,779,780,780,780,778,779,779,779,779,780,780,780,780,781,779,779,780,780,780,780,780,781,781,781,779,780,781,781,781,781,781,781,781,781,779,780,781,781,781,781,781,781,781,782,780,781,781,781,781,781,781,781,781,782,781,781,781,782,782,782,782,782,782,782,782,782,782,782,782,782,782,782,782,782, -0.43068059999999997, -0.0356202, -1.0750540509377347, 
1712955676408645898, 54, 262, 24.999269485473633, 781, 778,778,778,778,778,779,779,779,780,780,778,778,778,778,778,779,779,780,780,780,778,779,779,779,779,779,779,780,780,780,778,779,779,779,779,779,779,780,780,780,778,779,780,779,779,780,780,781,780,781,779,780,780,780,780,781,781,781,781,781,780,780,781,781,781,781,781,781,781,782,780,780,781,781,781,781,781,781,782,782,780,780,781,781,781,781,781,781,782,782,781,781,782,782,782,782,782,782,782,783, -0.43068059999999997, -0.0356202, -1.0760217255535731, 
1712955676441277614, 54, 262, 25.023944854736328, 781, 778,778,778,778,778,779,779,780,780,780,778,778,779,778,778,779,779,780,780,781,779,779,779,779,779,779,779,780,780,780,779,779,779,780,779,780,780,781,781,781,779,779,780,780,780,780,781,781,781,781,780,780,781,781,781,781,781,781,781,781,780,781,781,781,782,782,782,782,782,782,781,781,782,782,782,782,782,782,782,782,782,782,782,782,783,783,782,782,782,782,783,783,783,783,783,783,782,782,782,783, -0.43068059999999997, -0.0356202, -1.0889430492880314, 
1712955676473510037, 54, 262, 24.93067741394043, 781, 778,778,778,778,778,779,779,779,779,780,778,778,778,778,778,779,779,780,780,780,778,778,779,779,779,779,779,780,780,780,778,779,779,779,779,779,780,780,780,780,779,779,780,779,779,780,780,780,780,781,779,780,780,780,780,781,781,781,781,781,779,780,780,780,781,781,781,781,781,781,779,780,780,780,780,781,781,781,782,782,780,780,780,780,781,781,781,781,782,782,780,781,781,781,781,781,782,782,782,782, -0.43068059999999997, -0.0356202, -1.0739475349046732, 
1712955676509786275, 54, 261, 24.700307846069336, 780, 778,778,778,778,778,778,779,779,779,780,778,778,778,778,778,779,779,779,779,780,778,778,778,778,778,779,779,780,780,780,778,778,779,779,779,779,779,780,780,780,778,779,779,779,779,779,780,780,780,780,778,779,779,779,779,780,780,780,780,781,779,780,780,780,780,781,781,781,781,781,780,780,781,781,781,781,781,781,781,782,781,781,781,781,781,781,782,781,781,782,782,782,782,782,782,782,782,782,782,782, -0.43012199999999995, -0.033957, -1.0688694354787371, 
1712955676542566666, 54, 262, 24.909936904907227, 781, 778,778,778,778,778,778,779,779,779,779,778,778,778,778,778,778,779,779,779,780,778,778,778,779,779,779,779,780,780,780,778,778,779,779,779,779,780,780,780,780,778,779,779,779,779,780,780,781,780,781,779,779,780,780,780,781,781,781,781,781,779,779,780,780,781,781,781,782,782,782,780,780,780,780,781,781,782,782,782,782,780,780,781,781,781,781,782,782,782,782,781,781,781,782,782,782,782,782,782,783, -0.43068059999999997, -0.0356202, -1.0811834033526189, 
1712955676573214017, 54, 262, 25.13136863708496, 781, 778,778,778,778,778,779,779,779,780,780,778,778,778,779,779,779,779,780,780,781,779,779,779,779,779,779,779,780,780,780,779,779,779,780,779,779,780,780,780,781,779,779,780,780,780,780,780,781,781,781,779,780,781,781,781,781,781,781,781,781,780,780,781,781,781,781,782,781,781,782,780,781,781,781,782,782,782,782,782,782,781,782,782,782,783,782,782,782,782,782,2047,2047,2047,784,784,783,783,783,783,783, -0.43068059999999997, -0.0356202, -1.0785986505302911, 
1712955676607266361, 54, 262, 24.622243881225586, 781, 778,778,778,778,778,778,779,779,779,780,778,778,778,778,778,779,779,780,780,780,778,779,779,779,779,779,779,780,780,780,778,779,779,779,779,779,780,780,780,780,779,779,780,780,779,780,780,780,780,781,779,780,780,780,780,781,781,781,781,781,779,780,781,781,781,781,782,781,781,782,780,780,781,781,781,781,782,782,782,782,780,781,781,781,781,782,782,782,782,782,781,782,782,782,782,782,782,782,783,783, -0.43068059999999997, -0.0356202, -1.0704409436550597, 
1712955676641134805, 54, 262, 24.859447479248047, 781, 778,778,778,778,778,779,779,780,780,781,778,778,779,778,779,779,779,780,780,781,779,779,779,779,779,779,779,780,780,780,779,779,779,779,779,779,780,780,780,781,779,779,780,780,780,780,780,781,780,781,780,780,781,781,781,781,781,781,781,781,780,781,781,781,781,781,781,781,781,782,780,781,781,781,781,781,782,782,782,782,2047,2047,782,782,782,782,782,782,782,782,2047,2047,2047,2047,783,783,783,782,783,783, -0.43068059999999997, -0.0356202, -1.0812126346249245, 
1712955676673397317, 54, 262, 24.919750213623047, 781, 778,778,778,778,778,779,779,779,780,780,778,778,778,779,779,779,779,780,780,780,778,779,779,779,779,779,779,780,780,780,778,779,779,779,779,779,779,780,780,780,778,779,780,780,779,780,780,780,780,780,779,780,781,781,781,781,781,781,781,781,779,781,781,781,781,781,781,781,781,781,780,781,782,781,781,781,781,781,781,781,781,782,782,782,782,782,782,782,782,782,783,783,783,783,783,782,782,782,782,782, -0.43068059999999997, -0.0356202, -1.0784333626269436, 
1712955676707202967, 54, 263, 25.144100189208984, 781, 778,778,778,778,778,779,779,780,780,780,778,779,779,779,779,779,779,780,780,780,778,779,779,779,779,779,780,780,780,781,778,779,779,779,779,780,780,781,781,781,779,780,780,780,780,781,781,781,781,781,779,780,781,780,781,781,781,781,781,782,780,780,781,781,781,781,782,782,782,782,781,781,782,782,782,782,782,782,782,782,782,2047,782,782,782,782,782,782,783,783,2047,2047,2047,2047,2047,2047,783,783,783,783, -0.43068059999999997, -0.0372393, -1.094171397462224, 
1712955676742504508, 54, 261, 24.831562042236328, 780, 778,778,778,778,778,778,779,779,779,780,778,778,778,778,778,779,779,780,780,781,778,778,778,779,779,779,779,780,780,781,779,779,779,779,779,779,779,780,780,781,779,779,779,779,779,779,780,780,781,781,779,779,780,779,779,780,780,781,781,781,780,780,780,780,781,781,781,781,781,781,780,780,781,781,781,781,781,781,781,782,781,781,781,781,781,781,781,781,782,782,782,782,782,782,782,782,782,782,782,782, -0.43012199999999995, -0.033957, -1.0788974106250468, 
1712955676778990264, 54, 261, 24.92308807373047, 779, 778,778,778,778,778,778,778,779,779,779,778,778,778,778,778,778,779,779,779,780,778,778,778,778,778,778,779,779,779,780,778,778,779,779,778,778,779,779,779,779,778,778,779,779,779,779,779,780,780,780,778,778,779,779,779,779,780,780,780,780,778,779,780,780,780,781,781,781,781,781,779,780,781,781,781,782,782,782,781,782,779,781,781,781,782,782,782,782,782,782,780,781,782,782,782,782,782,782,782,782, -0.4295634, -0.0339129, -1.072721310063039, 
1712955676807716224, 54, 261, 24.824481964111328, 780, 778,778,778,778,778,778,778,779,779,779,778,778,778,778,778,778,779,779,779,780,778,778,778,778,779,779,779,779,780,780,779,779,779,779,779,779,779,780,780,780,779,779,779,779,779,779,779,780,780,780,779,779,780,780,780,780,780,780,780,781,779,780,781,781,781,781,781,781,781,781,780,780,781,781,781,781,781,781,781,781,780,780,781,781,781,781,781,781,781,782,781,781,781,781,781,781,781,781,781,782, -0.43012199999999995, -0.033957, -1.0933846779230176, 
1712955676841158721, 53, 262, 25.33832359313965, 780, 778,778,778,778,778,778,778,779,779,779,778,778,778,778,779,778,779,779,780,780,779,779,779,779,779,779,779,779,780,780,779,778,779,779,779,779,779,780,780,780,779,779,779,779,780,779,780,780,780,780,779,779,780,780,780,780,781,781,781,781,779,779,780,780,781,781,781,781,781,781,780,780,780,780,781,781,781,781,782,782,781,780,780,781,781,781,781,781,781,782,781,781,781,782,782,782,782,782,782,783, -0.431739, -0.035574, -1.0718057668260694, 
1712955676875931928, 54, 260, 24.909936904907227, 779, 778,778,778,778,778,778,778,778,779,780,778,778,778,778,778,778,779,779,779,780,778,778,778,778,778,779,779,779,780,780,778,778,778,778,778,779,779,780,780,781,778,779,779,779,779,779,779,780,780,780,778,779,779,779,779,779,779,780,780,781,779,779,779,779,779,780,780,781,780,781,779,780,780,780,780,781,781,781,781,781,779,780,780,780,781,781,781,781,781,781,780,781,781,781,781,781,782,782,782,782, -0.4295634, -0.03229799999999999, -1.0768727722170452, 
1712955676910584133, 54, 262, 24.858720779418945, 781, 778,778,778,778,778,779,779,779,779,780,778,778,778,778,778,778,779,780,780,780,779,779,779,779,779,779,779,780,780,780,779,779,779,779,779,779,780,780,780,780,779,779,779,779,779,780,780,781,781,781,779,780,780,780,780,781,781,781,781,781,779,779,780,780,781,781,781,781,781,782,779,780,780,780,781,781,781,781,781,781,781,781,781,781,782,781,782,781,781,782,782,782,782,782,782,782,782,782,782,782, -0.43068059999999997, -0.0356202, -1.0805520731423968, 
1712955676941270882, 54, 262, 24.938186645507812, 780, 778,778,778,778,778,779,779,779,780,780,778,779,779,779,778,779,779,780,780,780,779,779,779,779,779,779,779,780,779,780,779,779,779,779,779,779,780,780,780,780,779,779,780,780,779,780,780,780,780,780,779,780,780,780,780,780,781,781,781,781,779,780,780,780,780,781,781,781,781,781,779,780,780,780,780,780,781,781,781,781,779,780,781,780,781,781,781,781,781,781,2047,2047,782,781,782,781,782,781,782,782, -0.43012199999999995, -0.035574, -1.0747132698881607, 
1712955676975180289, 54, 262, 24.940885543823242, 781, 778,778,778,779,778,779,779,779,779,780,778,778,779,779,779,779,779,780,780,780,779,779,779,779,779,779,780,780,780,780,779,779,779,779,779,780,780,780,780,780,779,779,780,780,780,780,780,781,780,781,779,780,780,780,780,781,781,781,781,781,779,780,781,781,781,781,781,781,781,782,780,780,781,781,781,781,782,782,782,782,2047,2047,781,782,782,782,782,782,782,783,2047,2047,2047,2047,782,782,783,782,783,783, -0.43068059999999997, -0.0356202, -1.0765584024240993, 
1712955677007312328, 54, 261, 24.831562042236328, 779, 778,778,778,778,778,778,778,778,779,779,778,778,778,778,778,778,779,779,779,780,778,778,778,778,778,778,779,779,779,780,778,779,779,779,779,779,779,779,779,780,778,779,779,779,779,779,779,780,780,780,779,779,780,779,779,779,780,780,780,781,780,780,781,780,780,780,781,781,781,781,780,780,781,781,781,781,781,781,781,781,780,781,781,781,781,781,782,781,781,782,781,781,782,781,781,781,782,782,782,782, -0.4295634, -0.0339129, -1.0755825053364485, 
1712955677041241173, 54, 262, 24.75546646118164, 781, 778,778,778,778,778,779,779,779,779,780,778,778,778,778,778,779,779,779,779,780,779,779,779,779,779,779,779,780,780,780,779,779,779,779,779,779,780,780,780,780,779,779,779,779,779,780,780,780,780,780,779,780,780,780,780,781,781,781,781,781,780,781,781,781,781,781,781,781,781,782,781,781,781,781,782,782,782,782,782,782,782,782,782,782,782,782,782,782,782,782,782,782,782,782,782,782,783,782,783,783, -0.43068059999999997, -0.0356202, -1.0790893486874864, 
1712955677075117526, 54, 261, 24.915124893188477, 780, 778,778,778,778,778,778,778,778,779,779,778,778,778,778,778,778,779,779,779,780,778,778,778,778,778,779,779,780,780,780,778,779,779,779,779,779,779,780,780,780,779,779,779,779,779,779,780,780,780,781,779,779,780,780,780,780,780,781,781,781,780,780,780,781,781,781,781,781,781,781,780,781,781,781,781,781,782,782,781,781,780,781,781,781,781,781,782,782,782,781,781,781,781,782,782,782,782,782,782,782, -0.43012199999999995, -0.033957, -1.075140365118645, 
1712955677107035130, 54, 262, 25.495197296142578, 781, 778,778,778,778,778,778,779,779,780,780,778,778,778,778,778,778,779,780,780,780,778,779,779,779,779,779,779,780,780,780,778,779,779,779,779,779,780,780,780,780,779,779,779,780,779,780,780,781,780,781,779,780,780,780,781,781,781,781,781,781,779,780,781,781,781,781,781,781,781,781,780,780,781,780,781,781,781,781,781,781,781,781,781,781,781,781,781,781,782,782,782,782,782,781,782,781,782,782,782,782, -0.43068059999999997, -0.0356202, -1.0755692419682323, 
1712955677141242571, 54, 262, 25.02591896057129, 781, 778,778,778,778,778,778,779,779,779,780,778,778,778,778,778,779,779,779,779,780,778,778,779,779,779,779,779,779,779,780,778,778,779,779,779,779,780,780,780,780,778,779,779,779,780,780,780,780,780,781,779,780,781,781,781,781,781,781,781,781,780,780,781,781,781,781,781,781,781,781,780,781,781,781,781,781,781,781,781,781,2047,782,782,781,782,782,782,781,782,782,2047,2047,783,2047,782,783,782,782,782,782, -0.43068059999999997, -0.0356202, -1.0809171536233064, 
1712955677178962790, 54, 262, 25.079971313476562, 781, 778,778,778,778,778,779,779,779,779,780,778,778,778,778,779,779,779,780,780,780,779,779,779,779,779,779,779,780,780,780,778,779,779,779,779,779,780,780,780,781,779,779,780,780,780,780,780,781,780,781,780,780,781,781,781,781,781,781,781,781,780,781,781,781,781,781,781,781,781,781,781,781,781,781,782,781,781,781,781,781,782,782,782,782,783,782,782,782,782,782,783,783,783,783,784,783,783,783,783,783, -0.43068059999999997, -0.0356202, -1.086291626000881, 
1712955677208142453, 54, 261, 24.824481964111328, 780, 777,778,778,778,778,778,778,778,779,779,778,778,778,778,778,778,778,779,779,780,778,778,778,778,778,778,778,779,779,780,778,778,779,779,778,778,779,779,779,779,778,778,779,779,779,779,779,780,780,780,778,779,779,779,779,780,780,781,781,781,779,779,780,780,780,781,781,781,781,781,778,779,780,780,781,781,781,782,782,782,779,779,780,780,780,781,781,781,781,782,778,778,779,780,780,781,781,782,782,782, -0.43012199999999995, -0.033957, -1.0742753205447708, 
1712955677243178850, 54, 262, 24.879016876220703, 781, 778,778,778,778,778,779,779,779,779,780,778,778,778,778,779,779,779,779,780,780,779,779,779,779,779,779,779,780,780,780,779,779,779,779,779,779,780,780,780,781,779,780,780,780,780,780,780,780,780,781,780,780,780,780,781,781,781,781,781,781,780,780,781,781,781,781,781,781,781,782,780,780,780,780,781,781,781,781,781,781,781,781,781,781,781,781,781,781,781,782,781,782,782,782,782,782,782,782,782,782, -0.43068059999999997, -0.0356202, -1.0748371825738792, 
1712955677275516590, 54, 262, 25.005178451538086, 780, 778,778,778,778,778,778,778,779,779,780,778,778,778,778,778,778,778,779,779,780,778,778,779,779,778,778,779,779,779,779,778,778,779,779,779,779,779,780,780,780,778,779,779,779,779,779,780,780,780,780,779,779,780,780,780,780,781,781,781,781,779,780,780,780,781,781,781,781,781,781,780,781,781,781,781,781,781,781,781,781,781,781,782,782,782,782,782,782,782,782,2047,782,783,782,783,782,782,782,782,782, -0.43012199999999995, -0.035574, -1.0736363518844412, 
1712955677307169587, 54, 263, 25.225162506103516, 781, 778,778,778,778,778,779,779,780,780,780,779,779,779,779,779,779,779,780,780,780,779,779,779,779,779,779,780,780,780,780,779,779,780,780,780,780,780,781,780,781,780,780,781,781,781,781,781,781,781,781,780,780,780,781,781,781,781,781,781,782,780,780,781,781,781,781,782,781,781,782,781,781,781,781,782,782,782,781,782,782,782,782,782,782,782,782,782,782,782,783,2047,2047,2047,2047,2047,2047,2047,782,783,784, -0.43068059999999997, -0.0372393, -1.1091870390227418, 
1712955677341174798, 53, 262, 25.177291870117188, 781, 778,778,778,778,778,778,778,778,779,779,778,778,778,778,778,778,778,779,779,779,778,778,779,779,779,779,779,779,780,780,778,778,779,779,779,779,779,780,781,780,778,778,779,779,780,779,780,780,781,781,779,779,780,780,780,781,781,781,781,781,779,779,780,781,781,781,781,782,782,781,779,780,780,781,781,781,782,782,782,782,2047,2047,2047,781,781,782,782,782,782,782,2047,2047,2047,2047,2047,782,782,783,782,783, -0.43229969999999995, -0.0356202, -1.070419158376234, 
1712955677377569893, 54, 262, 24.824481964111328, 781, 778,778,778,778,778,778,778,779,779,780,778,778,778,778,778,778,779,779,779,780,778,779,779,779,778,779,779,780,779,780,779,779,779,779,779,779,780,780,780,781,779,779,780,779,779,780,780,781,780,781,779,780,780,780,780,781,781,781,781,781,780,780,780,780,780,781,781,781,781,781,780,780,780,780,780,780,781,781,781,781,781,781,781,781,781,781,781,781,781,782,782,782,782,781,781,781,781,781,782,782, -0.43068059999999997, -0.0356202, -1.0734052814238535, 
1712955677407723437, 54, 262, 25.01030731201172, 781, 778,778,778,778,778,778,779,779,779,780,778,778,778,779,779,779,779,780,780,780,779,779,779,779,779,779,779,780,780,780,778,779,779,779,779,779,780,780,780,781,779,780,780,780,780,780,780,781,781,781,780,780,781,781,781,781,781,781,781,781,780,780,781,781,781,781,781,781,781,782,781,781,781,781,781,782,782,782,782,782,781,781,782,782,782,782,782,782,782,782,782,782,783,783,783,782,782,782,783,783, -0.43068059999999997, -0.0356202, -1.0782811480742007, 
1712955677441444472, 54, 262, 25.184492111206055, 781, 778,778,778,778,778,778,778,779,779,779,778,778,778,778,778,778,779,779,779,780,778,779,779,779,778,779,779,779,779,779,778,779,779,779,779,779,779,780,780,780,778,779,780,779,779,780,780,780,780,780,779,780,781,780,781,781,781,781,781,781,780,781,781,781,781,781,781,781,781,781,781,781,782,781,782,782,782,782,781,782,783,782,783,782,783,782,782,782,782,782,783,783,783,782,783,783,782,782,782,782, -0.43068059999999997, -0.0356202, -1.1023775174877837, 
1712955677475477662, 54, 262, 24.845151901245117, 781, 778,778,779,779,779,779,779,780,780,780,779,779,779,779,779,779,779,780,780,780,779,779,779,779,779,779,780,780,780,780,779,779,780,780,779,780,780,780,780,780,779,780,780,780,780,780,780,780,780,781,780,780,781,781,781,781,781,781,781,781,780,781,781,781,781,781,781,781,781,781,781,781,782,781,781,781,782,781,782,782,782,782,782,782,782,782,782,781,782,782,783,783,783,783,782,782,782,782,782,783, -0.43068059999999997, -0.0356202, -1.0789791195391767, 
1712955677508704021, 54, 263, 24.851417541503906, 781, 778,778,778,778,778,778,779,779,779,780,778,779,779,779,778,779,779,779,779,780,778,779,779,779,779,779,779,780,780,780,779,779,780,779,779,780,780,780,780,780,779,780,780,780,780,781,781,781,781,781,779,780,780,781,781,781,781,781,781,782,779,780,780,780,781,781,781,781,782,782,780,781,781,781,781,781,782,782,782,782,782,782,782,782,782,782,782,782,782,782,784,783,782,782,782,783,783,782,783,783, -0.43068059999999997, -0.0372393, -1.0978868590662416, 
1712955677541542025, 54, 263, 25.480484008789062, 781, 778,778,778,778,778,779,779,780,780,780,778,778,779,779,779,779,779,780,780,780,778,779,779,779,779,779,780,780,780,781,779,779,780,780,780,780,780,781,781,781,780,780,780,780,781,781,781,781,781,781,780,780,781,781,781,781,781,781,781,782,780,780,781,781,781,781,781,781,781,782,781,781,781,781,781,781,781,781,781,782,2047,782,782,782,782,781,782,781,782,782,2047,2047,2047,2047,2047,2047,2047,782,783,783, -0.43068059999999997, -0.0372393, -1.0969448632675551, 
1712955677575190219, 53, 263, 25.160959243774414, 781, 778,778,778,778,778,778,778,779,779,779,779,779,779,779,779,779,779,779,779,779,779,779,779,779,779,779,779,780,780,780,779,779,779,780,780,779,780,780,781,781,780,780,780,780,780,780,781,781,781,781,780,780,780,781,780,781,781,781,781,781,780,780,781,781,781,781,781,781,781,781,780,781,781,781,781,781,781,781,781,782,780,780,780,781,780,781,781,782,781,782,2047,2047,2047,781,780,781,2047,782,782,782, -0.43229969999999995, -0.0372393, -1.0860578483323153, 
1712955677607081711, 54, 263, 25.00684928894043, 781, 778,779,779,779,778,779,779,780,780,780,779,779,779,779,779,779,779,780,779,780,779,779,779,779,779,779,779,780,780,780,779,779,780,779,779,780,780,780,780,780,779,780,780,780,780,781,781,781,781,781,780,780,781,781,781,781,781,781,781,782,780,781,781,781,781,781,781,781,782,782,781,781,782,782,782,781,782,782,782,782,781,782,782,782,782,782,782,782,782,782,782,783,783,783,783,782,782,782,783,783, -0.43068059999999997, -0.0372393, -1.1127897114914012, 
1712955677641242919, 54, 262, 25.010988235473633, 781, 778,778,778,778,778,778,779,779,780,780,778,778,778,778,778,778,779,780,780,780,779,779,779,779,779,779,779,780,780,780,779,779,779,779,779,779,779,780,780,780,779,779,780,779,779,780,780,780,780,780,780,780,781,780,780,781,781,781,781,781,781,781,781,781,781,781,781,781,781,781,781,781,781,781,781,781,781,781,781,781,782,782,781,781,781,781,781,781,781,781,782,782,782,782,782,782,782,782,782,782, -0.43068059999999997, -0.0356202, -1.081088495261794, 
1712955677675686246, 54, 263, 25.023944854736328, 781, 778,778,778,778,778,778,779,779,779,780,778,778,779,779,779,779,779,779,779,779,778,779,779,779,779,779,779,780,780,780,778,779,779,779,779,780,780,781,781,781,779,779,780,780,780,781,781,781,781,781,779,780,781,781,781,781,782,781,781,781,780,780,781,781,781,782,782,781,781,781,780,781,782,781,782,782,782,781,782,781,781,781,782,782,782,782,782,782,782,782,2047,2047,2047,2047,782,782,783,782,783,783, -0.43068059999999997, -0.0372393, -1.0956668621513888, 
1712955677707063155, 54, 262, 24.845151901245117, 781, 778,778,778,778,778,778,779,779,779,780,778,778,778,778,778,778,779,780,780,780,778,778,779,779,779,779,779,780,780,780,778,778,779,779,779,779,779,780,780,780,779,779,779,779,779,780,780,781,780,781,779,780,780,780,781,781,781,781,781,781,780,781,781,781,781,781,781,781,781,781,781,781,781,781,781,781,781,781,781,781,781,782,782,781,782,781,781,781,781,781,782,782,782,782,782,782,781,781,781,782, -0.43068059999999997, -0.0356202, -1.0788242514648525, 
1712955677743887852, 54, 262, 25.145742416381836, 781, 778,778,778,778,778,778,779,779,779,780,778,778,778,778,778,778,779,779,780,780,778,779,779,779,778,779,779,780,780,780,779,779,779,779,779,779,780,780,780,780,779,779,779,779,779,780,780,780,780,780,779,780,780,780,780,781,781,781,781,781,779,779,780,780,780,781,781,781,781,781,779,779,780,780,780,781,781,781,781,781,780,780,781,781,781,782,782,782,782,782,781,781,782,782,782,782,783,782,782,783, -0.43068059999999997, -0.0356202, -1.0758742460324837, 
1712955677776617198, 54, 262, 24.858720779418945, 781, 778,778,778,778,778,778,778,779,779,779,778,778,778,778,778,778,778,779,779,780,778,778,779,779,778,778,778,779,779,779,778,779,779,779,779,779,779,780,780,780,778,779,779,779,779,780,780,780,780,781,779,780,780,780,780,781,781,781,781,781,779,780,781,781,781,781,782,782,781,782,780,781,781,781,782,782,782,782,782,782,781,781,782,782,782,782,782,782,782,782,782,781,782,782,782,783,783,782,782,783, -0.43068059999999997, -0.0356202, -1.0937356152873337, 
1712955677807702012, 54, 262, 24.845151901245117, 781, 778,778,778,778,779,779,779,780,780,780,778,778,778,778,779,779,779,780,780,780,778,779,779,779,779,779,780,780,780,780,779,779,779,780,779,779,780,780,780,781,779,780,780,780,780,780,780,781,781,781,780,781,781,781,781,781,781,781,781,781,780,781,781,781,781,781,781,781,781,782,781,781,781,781,781,781,781,781,782,782,781,781,781,781,781,781,782,782,782,782,782,781,782,781,781,781,782,782,782,783, -0.43068059999999997, -0.0356202, -1.0847994907732594, 
1712955677843837980, 54, 262, 24.93067741394043, 781, 778,778,778,778,778,778,779,779,780,780,778,778,778,778,778,778,779,779,780,780,778,778,779,779,778,779,779,780,780,780,778,778,779,779,779,779,780,780,780,781,778,779,779,779,779,780,780,781,781,781,779,779,780,780,780,781,781,781,781,781,779,780,781,781,781,781,782,782,781,782,779,780,781,781,781,781,782,782,782,782,781,781,782,782,782,782,782,782,782,782,781,781,782,782,782,782,783,782,783,783, -0.43068059999999997, -0.0356202, -1.0832273863250867, 
1712955677878458688, 54, 262, 25.01030731201172, 781, 778,778,778,778,778,778,778,779,779,780,778,778,778,778,778,778,778,779,779,780,778,778,778,778,778,778,778,779,779,779,778,778,779,779,779,779,779,780,780,780,778,779,779,779,779,779,780,780,780,781,779,779,780,780,780,781,781,781,781,781,779,780,781,781,781,781,782,782,782,782,779,780,781,781,781,781,782,782,782,782,781,781,782,782,782,782,782,782,782,782,2047,2047,782,782,782,782,782,782,782,782, -0.43068059999999997, -0.0356202, -1.0782128232318355, 
1712955677907302273, 54, 262, 25.005098342895508, 781, 778,778,778,778,778,779,779,779,779,780,778,778,778,778,779,779,779,780,780,780,778,779,779,779,779,779,779,780,780,780,779,779,779,779,779,779,780,780,780,780,779,780,780,780,780,780,780,780,780,780,780,781,781,781,781,781,781,781,781,781,781,781,782,781,781,781,781,781,781,781,782,782,783,782,782,782,781,781,781,781,783,783,784,783,783,782,782,781,782,782,784,784,784,784,783,782,782,782,782,782, -0.43068059999999997, -0.0356202, -1.0759232920627888, 
1712955677941128576, 54, 262, 25.152015686035156, 780, 778,778,778,778,778,778,778,779,779,780,778,778,778,778,778,778,778,779,780,780,778,778,778,778,778,778,779,779,779,779,778,778,779,779,779,779,779,780,780,780,778,779,779,779,779,780,780,781,781,781,779,779,780,780,780,780,781,781,781,781,779,779,780,780,780,781,781,781,781,782,779,780,780,780,780,781,781,782,782,782,780,780,781,781,781,781,782,782,782,782,781,781,782,782,781,781,782,782,782,783, -0.43012199999999995, -0.035574, -1.0752271143665886, 
1712955677977014719, 54, 262, 25.02591896057129, 781, 778,778,778,778,778,779,779,780,780,780,778,778,778,778,778,779,779,780,780,780,779,779,779,779,779,779,779,780,780,780,779,779,779,779,779,779,780,780,780,781,779,779,780,780,780,780,781,781,781,781,780,780,781,781,781,781,781,781,781,781,780,781,781,781,781,781,781,781,781,782,781,781,781,781,781,781,781,781,782,782,781,781,781,782,782,781,782,782,782,782,782,782,782,782,782,782,782,782,783,783, -0.43068059999999997, -0.0356202, -1.0854483506422332, 
1712955678008432134, 54, 262, 24.845151901245117, 781, 778,778,778,778,778,778,778,779,779,780,778,778,778,778,778,778,778,779,780,780,778,778,778,778,778,778,779,780,780,780,778,778,779,779,779,779,779,780,780,781,779,779,779,779,779,780,780,781,781,781,779,780,780,780,780,781,781,781,781,781,780,780,781,781,781,781,781,781,781,781,780,781,781,781,781,781,781,781,781,781,781,781,782,782,782,782,781,781,781,781,2047,783,783,783,782,782,782,782,782,782, -0.43068059999999997, -0.0356202, -1.0756054397891606, 
1712955678043445825, 54, 262, 24.82427215576172, 781, 778,778,778,778,778,778,778,779,780,780,778,778,778,778,778,778,779,779,780,780,779,779,779,779,778,778,779,779,779,779,779,779,779,779,779,779,779,780,780,780,779,779,780,779,779,780,780,780,780,781,780,780,780,780,780,781,781,781,781,781,780,780,781,780,780,781,781,781,781,781,780,781,781,781,781,781,782,782,782,782,781,781,782,782,782,782,782,782,782,782,782,782,783,782,782,782,783,783,783,784, -0.43068059999999997, -0.0356202, -1.0766313210150293, 
1712955678075059461, 54, 262, 25.38027000427246, 781, 778,778,778,778,778,779,779,779,779,780,778,778,778,778,779,779,779,780,780,780,778,779,779,779,779,779,780,780,780,780,778,779,779,779,779,780,780,780,780,781,779,779,780,780,780,780,781,781,781,781,780,780,781,781,781,781,781,781,781,781,780,781,781,781,781,781,781,781,781,782,781,781,781,781,781,782,782,782,782,782,782,781,781,781,782,782,782,782,782,782,782,782,782,781,782,782,782,782,782,783, -0.43068059999999997, -0.0356202, -1.0792418315998786, 
1712955678107080181, 54, 263, 24.919750213623047, 781, 778,778,778,778,778,778,778,779,779,780,778,779,779,779,778,778,779,779,779,779,778,779,779,779,779,779,779,780,780,780,779,779,780,780,779,780,780,780,780,781,779,780,781,780,780,781,781,781,781,781,780,780,781,781,781,781,781,781,781,781,780,781,781,781,781,781,781,782,782,782,781,781,781,781,781,781,782,782,782,782,782,782,782,782,782,782,782,782,782,783,783,783,782,782,782,782,783,782,783,783, -0.43068059999999997, -0.0372393, -1.0980586696509815, 
1712955678141173270, 54, 262, 24.86473274230957, 781, 778,778,778,778,778,778,779,779,779,780,778,778,779,779,779,779,779,780,780,780,779,779,779,779,779,779,779,780,780,780,779,779,780,780,779,779,780,780,780,780,779,780,780,780,780,780,780,781,781,781,780,781,781,781,781,781,781,781,781,781,781,781,781,781,781,781,781,781,781,781,781,781,781,781,781,781,781,782,782,782,781,781,782,781,782,782,782,782,782,782,782,782,782,782,782,782,782,782,782,783, -0.43068059999999997, -0.0356202, -1.077607427625651, 
1712955678175742651, 54, 262, 25.053569793701172, 781, 778,778,778,778,778,778,778,779,779,779,778,778,778,778,778,778,778,779,779,780,778,778,778,778,778,778,778,779,779,779,778,778,779,779,779,779,779,780,780,780,779,779,779,779,779,780,780,780,780,780,779,779,780,780,780,781,781,781,781,781,780,780,781,781,781,781,781,781,781,782,781,781,781,781,781,781,782,782,782,782,781,781,782,782,782,782,782,782,782,782,782,782,782,782,782,782,782,782,782,783, -0.43068059999999997, -0.0356202, -1.0778499434912392, 
1712955678207182948, 53, 262, 24.9146785736084, 780, 778,778,778,778,778,778,778,778,779,779,778,778,778,778,778,778,778,778,779,779,778,778,779,779,779,778,778,779,780,780,778,778,779,779,779,779,779,779,780,780,778,779,779,779,779,779,779,780,780,780,779,779,780,780,780,780,780,781,781,781,779,780,780,781,781,781,781,781,781,781,779,780,780,781,781,781,781,781,781,781,780,2047,781,782,781,782,781,781,781,781,782,2047,2047,782,782,782,782,782,782,782, -0.431739, -0.035574, -1.0690961524761393, 
1712955678241206694, 54, 263, 25.152015686035156, 782, 778,778,778,778,778,778,779,779,780,780,778,779,779,779,778,778,779,779,779,780,778,779,779,779,779,779,779,780,780,781,779,779,780,780,779,780,780,780,780,781,780,780,781,781,781,781,781,781,781,781,780,781,781,781,781,782,782,782,782,782,781,781,782,782,782,782,782,782,782,782,781,781,782,782,782,782,782,782,782,782,782,782,782,782,782,782,782,782,783,783,782,782,2047,2047,783,783,783,783,784,784, -0.4312392, -0.0372876, -1.0947084506250613, 
1712955678275176944, 54, 262, 24.96967124938965, 781, 778,778,778,778,778,778,779,779,780,780,778,778,778,778,778,778,779,779,780,780,778,778,779,779,778,779,779,779,780,780,778,779,779,779,779,779,779,780,780,780,778,779,779,779,779,780,780,781,781,781,778,779,780,780,780,781,781,781,781,781,778,779,780,780,780,781,781,781,781,782,778,779,780,780,781,781,781,781,782,782,2047,2047,2047,781,782,781,781,782,782,782,2047,2047,2047,2047,2047,782,782,782,782,783, -0.43068059999999997, -0.0356202, -1.076596356852445, 
1712955678307122317, 54, 262, 25.170251846313477, 781, 778,778,779,778,778,779,779,779,779,779,778,779,779,778,778,778,779,779,779,780,779,779,779,779,779,779,779,779,779,779,779,779,779,779,779,779,779,780,780,780,779,780,780,780,780,780,780,780,780,780,780,781,781,781,781,781,781,781,781,781,780,781,781,781,781,781,781,781,781,781,781,781,781,781,781,781,781,781,782,782,781,781,781,781,781,781,782,781,782,782,781,782,782,782,782,782,783,782,783,783, -0.43068059999999997, -0.0356202, -1.0805567249710406, 
1712955678343675731, 54, 262, 25.01030731201172, 781, 778,778,778,778,778,778,779,779,779,780,778,778,778,778,778,778,779,779,779,780,778,778,778,778,778,779,779,779,780,780,778,778,779,779,779,779,779,780,780,780,778,779,779,779,779,780,780,780,780,781,779,780,780,780,780,781,781,781,781,781,780,780,781,781,781,781,781,781,781,782,781,781,781,781,781,781,782,781,781,782,781,781,782,782,782,782,782,782,782,782,782,782,782,782,782,782,782,782,782,783, -0.43068059999999997, -0.0356202, -1.0766630626285996, 
1712955678377336557, 54, 261, 24.92308807373047, 780, 778,778,778,778,778,778,778,778,779,779,778,778,778,778,778,778,779,779,779,780,778,778,778,778,778,778,779,779,779,780,778,779,779,779,779,779,779,779,779,780,778,779,779,779,779,779,779,780,780,780,779,779,780,779,779,780,780,780,780,780,779,780,780,780,780,781,781,781,781,781,779,779,780,780,780,781,781,781,781,781,779,779,780,780,780,781,781,781,781,782,779,779,781,780,780,781,782,781,782,782, -0.43012199999999995, -0.033957, -1.076209406451826, 
1712955678407194347, 54, 262, 24.95158576965332, 781, 778,778,778,778,778,779,779,780,780,781,778,778,779,778,779,779,779,780,780,781,779,779,779,779,779,779,780,780,780,781,779,779,780,780,779,780,780,781,781,781,779,779,780,780,780,780,780,781,781,781,780,781,781,781,781,781,781,781,781,781,781,781,781,781,781,781,781,781,781,781,781,781,781,781,781,781,781,781,781,781,782,782,782,781,782,781,782,782,782,782,782,782,782,782,782,782,783,782,782,783, -0.43068059999999997, -0.0356202, -1.0795178515134836, 
1712955678441950160, 54, 262, 24.845151901245117, 781, 778,778,778,778,778,778,778,779,779,780,778,778,778,778,778,778,779,779,779,780,778,778,778,778,778,778,779,779,779,780,778,778,779,779,779,779,779,780,780,780,778,779,780,779,779,780,780,781,780,781,779,780,781,780,781,781,781,781,781,781,780,781,781,781,781,781,782,782,781,782,781,782,782,781,781,781,782,782,782,782,782,782,782,782,782,781,782,782,782,782,782,783,783,782,782,782,782,782,782,782, -0.43068059999999997, -0.0356202, -1.0802774513222364, 
1712955678475078983, 54, 262, 24.950918197631836, 781, 778,778,778,778,778,778,779,779,779,780,778,778,778,778,778,778,779,779,780,780,778,779,779,779,779,779,779,780,780,780,779,779,779,779,779,779,780,780,780,780,779,780,780,780,779,780,780,780,780,780,780,780,781,780,781,781,781,781,781,781,781,781,781,781,781,781,781,781,781,781,781,781,782,782,782,782,782,782,782,782,782,782,783,782,782,782,782,782,782,782,783,783,783,783,783,783,783,782,783,783, -0.43068059999999997, -0.0356202, -1.074551174831375, 
1712955678508721692, 54, 262, 25.115087509155273, 780, 778,778,778,778,778,778,778,779,779,779,778,778,778,778,778,778,778,779,779,780,778,779,779,779,778,778,778,779,779,779,778,779,779,779,779,779,779,780,780,780,779,779,780,779,779,779,780,780,780,780,779,780,780,780,780,780,781,781,781,781,779,780,781,780,780,781,781,781,781,781,780,781,781,781,781,781,781,781,781,781,782,782,782,782,781,781,781,781,781,781,783,783,783,782,782,781,781,781,781,781, -0.43012199999999995, -0.035574, -1.0792391157183283, 
1712955678541115567, 54, 262, 25.1098575592041, 781, 778,778,778,778,778,778,779,779,780,780,778,778,778,778,778,778,779,779,780,780,778,778,779,779,778,778,779,780,780,780,778,778,779,779,779,779,779,780,780,780,778,779,780,780,779,780,780,781,780,781,779,780,781,781,781,781,781,781,781,781,780,781,781,781,781,781,781,782,781,782,781,781,782,781,781,782,782,782,782,782,782,782,782,782,782,782,782,782,782,782,783,783,783,782,782,783,783,783,783,783, -0.43068059999999997, -0.0356202, -1.0805266493659067, 
1712955678578605831, 54, 263, 25.00684928894043, 781, 778,778,778,778,778,778,779,780,780,781,778,779,779,779,779,779,779,780,780,781,779,779,779,779,779,779,779,780,780,781,779,780,780,780,780,780,780,781,780,781,780,780,781,781,781,781,781,781,781,781,781,781,781,781,781,781,781,781,781,781,780,781,781,781,781,781,781,781,782,782,781,781,781,781,781,781,782,782,782,782,781,782,782,782,782,782,782,782,782,782,781,782,782,782,782,783,783,783,783,783, -0.43068059999999997, -0.0372393, -1.078668014861077, 
1712955678607025703, 54, 262, 24.969675064086914, 780, 778,778,778,778,778,778,778,779,779,779,778,778,778,778,778,778,778,779,779,780,778,778,778,778,778,778,779,779,779,780,778,778,779,779,779,779,779,780,780,781,778,779,779,779,779,779,780,780,780,781,779,779,780,780,780,780,781,781,781,781,779,780,781,780,781,781,781,781,781,782,779,780,780,780,780,781,781,781,781,781,781,781,781,781,781,781,781,781,781,781,782,782,782,782,782,782,782,782,782,782, -0.43012199999999995, -0.035574, -1.0810500631919635, 
1712955678641206433, 54, 262, 25.208242416381836, 781, 778,778,778,778,778,778,779,779,780,780,778,778,779,778,778,778,779,780,780,781,779,779,779,779,779,779,779,780,780,780,779,779,779,779,779,779,780,780,781,781,779,779,780,780,780,780,780,781,781,781,780,780,781,781,781,781,781,781,781,781,780,781,781,781,781,781,782,782,782,782,780,780,781,781,781,781,782,781,782,782,780,780,781,781,781,782,782,782,782,782,784,782,782,782,782,782,782,782,782,783, -0.43068059999999997, -0.0356202, -1.085553281548974, 
1712955678675168951, 54, 263, 25.211896896362305, 781, 778,778,778,778,779,779,779,780,780,780,778,779,779,779,779,779,779,780,780,780,778,779,779,779,779,779,780,781,781,781,779,779,780,780,780,780,781,781,781,781,780,780,781,781,781,781,781,781,781,781,779,780,781,781,781,781,781,781,781,781,779,780,780,780,780,781,781,781,782,782,780,780,781,781,781,781,782,781,782,782,781,782,782,782,782,782,782,782,783,783,2047,782,782,782,782,782,782,782,783,783, -0.43068059999999997, -0.0372393, -1.0830725929644038, 
1712955678707010920, 54, 261, 25.004243850708008, 779, 778,778,778,778,778,778,778,778,778,779,778,778,778,778,778,778,778,779,779,779,778,778,778,778,778,778,778,779,779,779,778,778,779,778,778,778,779,779,779,779,778,778,779,779,779,779,779,780,780,780,778,779,779,779,779,779,780,780,780,780,779,780,780,780,780,781,781,781,781,781,779,780,780,780,780,781,781,781,781,782,779,780,781,781,781,781,781,782,782,782,780,780,781,781,782,781,782,782,782,782, -0.4295634, -0.0339129, -1.0738268698597644, 
1712955678741157260, 54, 262, 24.95158576965332, 781, 778,778,778,778,779,779,779,780,780,780,778,778,778,779,779,779,779,780,780,780,778,779,779,779,779,779,779,780,780,780,779,779,779,780,780,780,780,781,781,781,779,780,780,780,780,781,781,781,781,781,780,781,781,781,781,781,781,781,781,781,781,781,781,781,782,781,781,782,781,782,781,781,781,781,782,781,781,781,781,782,782,781,782,782,782,781,782,781,782,782,782,782,782,782,782,782,782,782,782,782, -0.43068059999999997, -0.0356202, -1.0801302407042854, 
1712955678777039409, 54, 262, 25.010761260986328, 781, 778,778,778,778,778,779,779,779,780,780,778,778,778,778,779,779,779,780,780,780,778,778,779,779,779,779,779,780,780,780,778,778,779,779,779,779,780,780,781,781,779,779,779,780,780,780,780,781,781,781,779,780,781,781,781,781,781,781,781,781,780,780,781,781,781,781,781,782,781,782,780,781,782,781,782,782,782,782,782,782,782,782,783,782,782,782,782,782,782,783,783,784,784,783,783,783,783,783,783,784, -0.43068059999999997, -0.0356202, -1.0738953707288756, 
1712955678808867193, 54, 262, 24.824481964111328, 781, 778,778,778,778,778,778,778,779,779,779,778,778,778,778,778,778,778,779,779,780,778,779,779,779,779,779,779,779,779,780,778,779,779,779,779,779,780,780,780,781,779,780,780,780,780,780,780,780,780,781,780,780,781,781,781,781,781,781,781,781,780,781,781,781,781,781,781,781,781,782,780,781,781,781,781,781,781,781,782,782,780,781,781,781,781,781,781,781,782,782,781,782,782,781,781,782,782,782,783,783, -0.43068059999999997, -0.0356202, -1.0771445473846688, 
1712955678843094076, 54, 262, 24.929304122924805, 780, 778,778,778,778,778,779,779,779,779,780,778,778,778,778,778,778,779,780,780,780,778,778,779,779,779,779,779,780,780,780,778,778,779,779,779,779,780,780,780,781,779,779,780,779,779,780,780,781,780,781,779,780,780,780,780,780,781,781,781,781,779,780,780,780,781,781,781,781,781,781,779,780,780,780,781,781,781,781,781,781,780,780,781,781,781,781,781,781,781,781,782,782,782,782,782,781,781,781,782,782, -0.43012199999999995, -0.035574, -1.0778525692592407, 
1712955678875077477, 54, 262, 24.931255340576172, 781, 778,778,778,778,778,778,778,779,779,779,778,778,778,778,778,778,779,779,779,780,778,778,779,778,778,778,779,779,779,779,778,779,779,779,779,779,779,780,780,780,779,779,779,779,779,780,780,780,780,781,780,780,781,781,781,781,781,781,781,781,780,780,781,781,781,781,782,782,781,782,781,781,782,781,781,782,782,782,781,782,782,782,782,782,782,781,782,781,781,781,783,782,783,782,782,782,782,782,782,782, -0.43068059999999997, -0.0356202, -1.077267613967802, 
1712955678907368038, 54, 261, 24.910438537597656, 780, 778,778,778,778,778,778,778,778,778,779,778,778,778,778,778,778,779,779,779,780,778,778,778,778,778,778,779,780,780,780,778,779,779,779,779,779,779,780,780,780,778,779,779,779,779,779,780,780,780,781,779,779,779,780,779,780,780,781,781,781,779,780,780,780,781,781,781,781,781,781,780,781,781,781,781,781,782,782,782,782,779,780,781,781,781,782,782,782,782,782,781,782,782,782,782,782,782,782,782,782, -0.43012199999999995, -0.033957, -1.0784168146772277, 
1712955678944622757, 54, 262, 24.942991256713867, 780, 778,778,778,778,778,778,779,779,779,780,778,778,778,778,778,778,779,779,779,780,778,779,779,779,778,778,779,779,779,779,778,779,779,779,779,779,779,780,780,780,778,779,779,779,779,779,780,781,780,781,779,779,780,780,780,780,781,781,781,781,780,780,781,781,781,781,781,781,781,781,780,780,781,781,781,781,781,781,781,781,781,781,781,781,781,781,782,782,782,782,781,781,781,781,781,781,782,782,782,783, -0.43012199999999995, -0.035574, -1.079715375396055, 
1712955678975166598, 54, 262, 25.00560188293457, 781, 778,778,778,778,778,778,779,779,779,780,778,778,778,778,778,778,779,780,780,780,778,779,779,779,779,779,779,780,780,780,779,779,779,779,779,779,779,780,780,781,779,779,780,780,780,780,780,781,780,781,779,780,781,781,781,781,781,781,781,781,780,780,781,781,781,781,781,781,781,782,780,780,781,781,781,781,781,781,782,782,781,781,782,782,782,782,782,782,782,782,782,782,782,782,782,782,782,782,782,783, -0.43068059999999997, -0.0356202, -1.087834910414026, 
1712955679009284755, 54, 262, 25.012693405151367, 781, 778,778,778,778,778,778,779,779,779,780,778,778,778,778,778,778,779,779,780,780,778,779,779,779,779,779,779,780,780,780,778,779,779,779,779,779,780,780,780,780,779,779,780,779,779,780,780,780,780,780,779,780,781,781,781,781,781,781,781,781,780,781,781,781,781,781,781,781,781,781,781,781,781,781,781,781,782,782,782,782,782,782,782,782,782,782,782,782,782,782,783,783,783,782,783,783,783,782,782,783, -0.43068059999999997, -0.0356202, -1.0768463560968529, 
1712955679042682920, 53, 262, 25.325939178466797, 781, 778,778,778,778,778,778,778,779,779,779,778,778,778,778,778,779,778,779,779,779,779,779,779,779,779,779,779,779,780,780,779,778,779,779,779,779,779,780,780,780,779,779,779,780,780,780,780,780,781,781,780,780,781,781,781,781,781,781,781,781,780,781,781,781,781,781,781,782,782,781,781,782,782,782,782,782,782,782,782,782,782,783,782,783,782,782,782,782,782,782,783,783,783,783,782,782,782,782,782,782, -0.43229969999999995, -0.0356202, -1.0935733970297967, 
1712955679074974004, 54, 262, 24.865236282348633, 781, 778,778,778,778,778,779,779,779,780,780,778,778,778,779,779,779,779,780,780,781,778,778,779,779,779,779,779,780,780,780,778,779,779,779,779,779,780,781,781,781,779,779,779,780,780,780,780,781,781,781,779,780,780,781,781,781,781,781,781,781,780,780,781,781,781,781,781,782,782,782,780,781,781,781,782,782,782,782,782,782,780,781,781,781,782,782,782,782,782,782,781,781,781,781,782,782,782,782,782,783, -0.43068059999999997, -0.0356202, -1.0768444131878865, 
1712955679107064676, 54, 262, 24.956581115722656, 781, 778,778,778,778,778,778,778,779,779,779,778,778,778,778,778,778,778,779,779,780,778,779,779,779,779,778,779,779,779,780,778,779,779,779,779,779,779,780,780,781,779,779,780,779,779,780,780,780,780,781,779,780,781,780,781,781,781,781,781,781,780,780,781,781,781,781,781,782,781,782,780,780,781,781,781,782,782,782,782,782,781,781,782,781,782,782,782,782,782,783,782,782,782,782,783,783,783,783,783,784, -0.43068059999999997, -0.0356202, -1.0743394497716006, 
1712955679141301845, 54, 262, 25.197267532348633, 781, 778,778,779,779,779,779,779,779,780,780,778,779,779,779,779,779,779,780,780,781,779,779,779,779,779,779,779,780,780,780,779,780,780,780,780,780,780,781,781,781,780,780,780,780,780,780,781,781,781,781,780,781,781,781,781,781,781,781,781,781,781,781,781,781,782,782,782,782,782,782,781,781,781,781,782,782,782,782,782,782,782,783,782,782,782,782,782,782,782,782,784,783,783,783,783,782,782,782,782,783, -0.43068059999999997, -0.0356202, -1.080547080586363, 
1712955679175113712, 54, 262, 24.925640106201172, 781, 778,778,778,778,778,778,779,779,779,780,778,778,778,778,778,778,779,779,779,780,778,779,779,779,779,778,779,779,780,780,779,779,779,779,779,779,779,780,780,781,779,779,779,779,779,780,780,780,780,781,779,780,780,780,780,781,781,781,781,781,780,780,781,781,781,781,781,781,781,782,780,780,781,781,781,781,781,781,782,782,781,781,781,781,782,782,782,782,782,782,782,783,783,783,782,782,783,783,783,783, -0.43068059999999997, -0.0356202, -1.079664005084679, 
1712955679207153154, 54, 262, 24.833547592163086, 781, 778,778,778,778,778,779,779,779,779,780,778,778,778,779,779,779,779,780,780,780,778,778,779,779,779,779,779,780,780,780,778,779,779,779,779,779,780,780,780,781,778,779,779,780,780,780,780,781,781,781,779,780,781,781,781,781,781,781,781,781,780,780,781,781,781,781,782,782,781,782,779,780,781,781,781,781,782,782,782,782,780,780,782,781,782,781,782,782,782,782,781,782,785,782,784,782,782,782,783,783, -0.43068059999999997, -0.0356202, -1.0778016898370972, 
1712955679241238982, 54, 262, 24.833547592163086, 781, 778,778,778,778,778,779,779,780,780,781,778,778,778,778,779,779,779,780,780,781,778,779,779,779,779,779,779,780,780,781,779,779,779,779,779,780,780,780,780,781,779,780,780,780,780,780,781,781,781,781,780,781,781,781,781,781,781,781,781,782,781,781,781,781,781,782,782,782,782,782,781,781,782,782,782,782,782,782,782,782,782,782,782,782,782,782,782,782,782,782,783,783,783,783,783,783,783,782,783,783, -0.43068059999999997, -0.0356202, -1.077737111574237, 
1712955679275080358, 54, 262, 24.942668914794922, 781, 778,778,778,778,778,778,778,779,779,780,778,778,778,778,778,778,778,779,780,780,778,779,779,779,779,779,779,779,780,780,778,779,779,779,779,779,780,780,780,781,779,779,780,780,780,780,780,781,780,781,779,780,781,781,781,781,781,781,781,781,780,781,781,781,781,781,782,782,781,782,781,781,782,782,782,782,782,782,782,782,782,782,782,782,782,782,783,782,782,782,783,783,783,783,783,783,784,783,783,783, -0.43068059999999997, -0.0356202, -1.0793128948570594, 
1712955679307082134, 54, 262, 25.004243850708008, 781, 778,778,778,778,778,779,779,779,779,780,778,778,778,778,778,778,779,780,780,780,778,778,779,779,779,779,779,780,780,780,778,779,779,779,779,779,780,780,780,781,779,779,779,779,779,780,780,781,781,781,779,779,780,780,780,781,781,781,781,781,780,780,781,781,781,781,781,782,781,782,780,780,781,781,781,781,782,782,782,782,780,781,781,781,781,782,782,782,782,782,781,781,782,781,782,782,782,782,782,782, -0.43068059999999997, -0.0356202, -1.0781644992556132, 
1712955679345027313, 54, 262, 25.18267250061035, 781, 778,778,778,778,778,779,779,779,780,780,778,778,778,779,779,779,779,780,780,780,779,779,779,779,779,779,779,780,780,780,779,779,779,780,779,780,780,781,781,781,779,779,780,780,780,780,781,781,781,781,780,781,781,781,781,781,781,781,781,781,781,781,781,781,781,781,782,782,782,782,781,781,781,781,781,781,781,781,782,782,782,781,781,781,781,781,781,781,782,782,782,782,782,782,782,781,782,782,782,782, -0.43068059999999997, -0.0356202, -1.0755821667102787, 
1712955679375458952, 54, 262, 24.833547592163086, 781, 778,778,778,778,778,778,779,779,780,781,778,778,778,778,778,778,779,780,780,781,778,779,779,779,778,778,779,780,780,780,778,778,779,779,779,779,780,780,781,781,778,779,779,779,779,780,780,781,781,781,778,779,780,780,780,781,781,781,781,781,778,779,780,780,780,781,781,782,782,782,779,780,781,780,781,781,782,782,782,782,780,780,781,781,781,781,782,782,782,783,781,781,782,782,782,782,783,783,783,784, -0.43068059999999997, -0.0356202, -1.076644212035127, 
1712955679407182007, 54, 262, 24.996990203857422, 781, 778,778,779,778,778,778,779,779,779,780,778,778,779,779,779,779,779,780,780,780,779,779,779,779,779,779,779,780,780,780,779,779,780,780,779,779,780,780,780,781,779,779,780,780,780,780,780,781,781,781,780,780,781,781,781,781,781,781,781,781,780,781,781,781,782,782,782,782,782,782,780,781,782,782,782,782,782,782,782,782,780,781,782,782,782,782,782,782,782,782,2047,2047,782,782,782,782,782,782,782,782, -0.43068059999999997, -0.0356202, -1.0807861099340825, 
1712955679441260260, 54, 262, 24.956581115722656, 781, 778,778,778,778,778,778,778,779,779,779,778,778,779,778,778,778,778,779,779,780,778,779,779,779,779,778,779,779,780,780,778,779,779,779,779,779,779,780,780,780,779,780,780,780,780,780,780,780,780,781,780,781,781,781,781,781,781,781,781,781,781,781,781,781,781,781,781,781,781,781,781,782,782,781,781,781,782,781,781,782,782,782,782,782,782,782,782,782,782,782,782,782,783,782,782,782,782,782,782,782, -0.43068059999999997, -0.0356202, -1.0794630050414047, 
1712955679476525929, 54, 261, 24.738733291625977, 779, 778,778,778,778,778,778,778,778,779,779,778,778,778,778,778,778,778,779,779,780,778,778,778,778,778,778,778,779,779,780,778,778,779,779,779,779,779,780,780,780,778,778,779,779,779,779,779,780,780,780,778,779,779,779,779,779,780,780,780,780,779,780,780,780,780,781,781,781,781,781,780,780,781,781,781,781,781,781,781,781,780,780,781,781,781,781,781,782,782,782,781,781,781,781,781,781,782,782,782,782, -0.4295634, -0.0339129, -1.0690619276077125, 
1712955679507417092, 54, 263, 25.00684928894043, 782, 778,778,778,778,779,778,779,779,779,780,779,779,779,779,779,779,779,780,780,780,779,779,779,780,779,780,780,780,780,781,780,780,780,780,780,780,780,781,781,781,781,781,781,781,781,781,781,781,781,781,781,781,782,782,782,782,782,782,782,782,781,781,782,782,782,782,782,782,782,782,782,781,782,782,782,782,782,782,782,783,783,2047,783,783,783,783,783,783,783,784,2047,2047,2047,2047,2047,2047,2047,784,784,784, -0.4312392, -0.0372876, -1.082582183442955, 
1712955679541875364, 54, 263, 25.00684928894043, 781, 778,778,779,778,778,778,778,779,779,780,779,779,779,779,779,778,779,779,779,780,779,779,779,779,779,779,779,780,780,780,779,779,780,780,779,780,780,781,780,781,780,780,781,781,781,781,781,781,781,781,780,781,781,781,781,781,782,782,781,782,781,781,781,781,782,782,782,782,782,782,781,782,782,782,782,782,782,782,782,782,2047,2047,783,782,782,782,783,782,783,783,2047,2047,2047,782,782,782,783,783,783,783, -0.43068059999999997, -0.0372393, -1.0770807982667117, 
1712955679575150309, 54, 262, 24.896854400634766, 781, 778,778,778,778,778,778,778,779,779,779,778,778,778,778,778,778,778,779,779,780,778,778,779,779,778,778,779,779,779,780,778,779,779,779,779,779,779,780,780,780,779,779,779,780,779,780,780,780,780,781,779,780,781,781,781,781,781,781,781,781,780,780,781,781,781,781,781,781,781,781,781,781,781,781,781,781,781,781,781,781,782,782,782,781,781,781,781,781,781,781,783,783,783,782,782,781,781,781,781,781, -0.43068059999999997, -0.0356202, -1.0759888584822155, 
1712955679607461426, 54, 262, 25.24390983581543, 781, 778,778,778,778,778,778,778,779,779,779,778,778,778,778,778,778,779,779,779,780,778,778,779,778,779,778,779,779,779,779,778,779,779,779,779,779,779,780,780,780,779,779,780,780,780,780,780,780,780,780,780,780,781,781,781,781,781,781,781,781,781,781,781,781,781,781,782,781,781,781,782,782,782,782,782,782,782,781,781,782,783,783,783,782,782,782,782,782,782,782,784,784,784,783,783,783,783,782,782,782, -0.43068059999999997, -0.0356202, -1.077874407829626, 
1712955679641478645, 54, 262, 24.990097045898438, 781, 778,778,778,778,778,778,778,779,780,780,778,778,778,778,778,778,779,780,780,780,778,778,779,779,778,778,779,780,780,780,778,778,779,779,779,779,780,780,780,780,778,779,780,780,779,780,780,781,780,781,779,780,780,780,780,781,781,781,781,781,779,780,781,781,781,781,781,782,781,782,780,781,781,781,782,782,782,782,782,782,780,781,782,782,783,782,782,782,782,782,781,781,782,782,783,782,783,783,783,783, -0.43068059999999997, -0.0356202, -1.0790912132232104, 
1712955679675284633, 54, 262, 25.29861068725586, 781, 778,778,778,778,778,778,778,778,779,779,778,778,778,778,778,778,778,779,779,779,778,779,779,778,779,778,779,779,779,779,778,779,779,779,779,779,779,780,780,780,779,779,780,780,779,780,780,780,780,780,780,780,781,781,781,781,781,781,781,781,780,780,781,781,781,781,781,781,781,781,780,781,781,781,781,781,782,781,782,782,782,782,782,782,782,782,782,782,782,782,784,785,784,783,782,782,783,782,782,782, -0.43068059999999997, -0.0356202, -1.077440566782401, 
1712955679708379413, 54, 262, 25.01030731201172, 781, 778,778,778,778,778,778,778,778,779,779,778,778,778,778,778,778,778,779,779,779,779,779,779,779,779,779,779,779,779,779,779,779,779,779,779,779,779,780,780,780,779,779,779,779,779,780,780,780,780,780,780,780,780,780,780,781,781,781,781,781,781,781,781,781,781,781,781,781,781,781,782,782,782,781,782,782,782,782,781,782,783,783,782,782,782,782,782,782,782,782,783,783,782,782,782,782,782,782,782,784, -0.43068059999999997, -0.0356202, -1.0870971989768226, 
1712955679741197759, 54, 262, 25.066394805908203, 781, 778,778,778,778,778,778,778,779,779,780,778,779,779,778,778,778,778,779,779,780,778,779,779,779,779,779,779,779,779,780,778,779,779,779,779,779,780,780,780,781,779,779,780,780,780,780,780,781,781,781,779,780,781,781,781,781,781,781,781,781,779,780,781,781,781,781,781,781,781,782,780,781,781,781,781,782,781,781,781,782,781,781,781,782,782,782,782,781,781,782,782,784,782,783,783,783,782,782,782,783, -0.43068059999999997, -0.0356202, -1.0754782364859459, 
1712955679777938188, 54, 262, 25.224096298217773, 781, 778,778,778,778,778,778,778,779,779,780,778,778,778,778,778,778,778,779,779,780,779,779,779,778,778,778,779,779,779,780,779,779,779,779,779,779,779,780,780,780,779,779,780,779,779,780,780,781,781,781,780,780,780,780,780,781,781,781,781,781,780,781,781,781,781,781,781,781,781,781,780,781,781,781,781,782,782,782,782,782,781,781,781,782,782,782,782,782,782,782,782,782,782,782,782,782,782,782,782,783, -0.43068059999999997, -0.0356202, -1.0769697557044096, 
1712955679818259048, 53, 263, 25.1905517578125, 781, 779,778,778,778,778,778,778,779,779,780,779,779,779,779,779,778,778,779,779,779,779,779,779,779,779,779,779,779,780,780,780,780,780,780,780,780,780,780,780,780,780,780,781,781,781,781,781,781,781,781,781,781,781,781,781,781,781,781,781,781,781,781,781,781,781,781,781,781,782,782,782,782,781,782,781,782,782,782,782,782,783,782,782,782,782,782,782,782,783,783,785,785,784,784,783,783,783,783,783,784, -0.43229969999999995, -0.0372393, -1.0992712104619418, 
1712955679842908563, 54, 262, 24.824481964111328, 781, 778,778,778,778,778,778,779,779,780,780,778,778,779,778,778,778,779,780,780,780,778,779,779,779,779,779,779,780,780,780,778,779,779,780,779,780,780,780,780,781,779,779,780,780,780,780,781,781,781,781,779,780,780,781,781,781,781,781,781,781,779,780,780,781,781,781,781,781,781,782,779,780,780,780,780,781,781,781,781,781,781,781,781,781,781,781,781,781,781,782,782,781,781,781,781,781,781,781,781,782, -0.43068059999999997, -0.0356202, -1.0782829482358254, 
1712955679875031129, 54, 262, 24.642698287963867, 781, 778,778,778,778,778,778,779,779,779,779,778,778,778,778,778,778,779,779,779,780,779,779,779,779,779,779,779,780,780,780,779,779,779,779,779,779,780,780,780,780,779,780,780,780,780,780,780,781,781,781,780,781,781,781,781,781,781,781,781,781,781,781,781,781,781,782,782,782,782,782,782,782,782,782,782,782,782,782,782,782,783,783,782,782,782,783,782,782,782,782,783,783,783,782,783,783,783,782,782,783, -0.43068059999999997, -0.0356202, -1.0735739622113083, 
1712955679907199928, 54, 262, 24.883190155029297, 781, 778,778,778,778,778,778,778,779,779,779,778,778,778,778,778,778,778,779,779,779,778,778,779,779,778,778,779,779,779,779,778,779,779,779,779,779,780,780,780,780,779,780,780,780,780,780,780,781,780,781,780,780,781,781,781,781,781,781,781,781,780,780,781,781,781,781,781,781,781,782,780,780,780,780,780,781,781,781,781,781,781,781,781,781,781,781,782,781,781,781,782,781,781,781,781,782,782,781,782,782, -0.43068059999999997, -0.0356202, -1.0790827652015769, 
1712955679941189827, 54, 262, 25.00872230529785, 781, 778,778,778,778,778,778,779,779,779,780,778,778,779,778,778,779,779,779,780,780,778,779,779,779,779,779,779,779,780,780,779,779,779,779,779,779,779,780,780,780,779,779,780,779,779,780,780,780,780,780,780,780,780,780,780,781,781,781,781,781,780,780,781,781,781,781,781,781,781,781,780,781,781,781,781,781,782,781,781,781,782,781,782,782,782,782,782,782,782,782,782,782,783,782,783,782,783,782,782,783, -0.43068059999999997, -0.0356202, -1.0805143927206782, 
1712955679978586327, 54, 262, 24.89499282836914, 781, 778,778,778,778,778,778,779,779,779,780,778,778,779,778,778,778,779,779,780,780,779,779,779,779,779,779,779,779,780,780,779,779,780,779,779,779,780,780,780,781,779,780,780,780,780,780,780,781,781,781,780,781,781,781,781,781,781,781,781,781,781,781,781,781,782,782,782,782,781,782,781,782,782,782,782,782,782,782,782,782,782,783,783,783,783,782,782,782,782,782,784,785,785,784,784,783,783,783,783,783, -0.43068059999999997, -0.0356202, -1.0878957396414335, 
1712955680007163848, 54, 262, 24.93067741394043, 781, 778,778,778,778,778,778,778,779,779,780,778,778,778,778,778,778,778,779,779,780,778,779,779,779,778,778,778,779,779,780,778,779,779,779,779,779,780,780,780,781,779,779,780,780,780,780,780,780,780,781,779,780,781,781,781,781,781,781,781,781,780,780,781,781,781,781,781,781,781,781,780,781,781,781,781,781,781,781,782,782,781,781,781,782,782,782,782,782,782,782,782,782,782,782,783,783,783,782,783,783, -0.43068059999999997, -0.0356202, -1.0774361429274895, 
1712955680045244900, 54, 261, 24.856002807617188, 780, 778,778,778,778,778,778,778,778,778,779,778,778,778,778,778,778,778,779,779,780,778,778,778,778,778,778,778,779,779,780,779,779,779,779,779,779,779,780,779,780,779,779,779,779,779,779,780,780,780,780,779,780,780,780,780,780,780,780,780,781,780,780,781,781,781,781,781,781,781,781,780,780,781,781,781,781,781,781,781,782,780,781,781,781,781,781,781,781,781,782,781,781,781,780,781,781,781,781,781,781, -0.43012199999999995, -0.033957, -1.0765386940456967, 
1712955680075573333, 54, 263, 25.164775848388672, 781, 778,778,778,778,778,778,778,779,780,780,778,779,779,779,779,779,779,779,780,780,778,779,779,779,779,779,779,780,780,780,779,779,780,779,779,780,780,781,781,781,780,780,781,780,781,781,781,781,781,781,780,780,781,781,781,781,781,781,781,782,780,781,781,781,781,781,782,782,782,782,781,781,781,781,781,782,782,782,782,782,781,781,781,781,782,782,782,782,783,783,782,781,782,781,782,782,781,783,784,784, -0.43068059999999997, -0.0372393, -1.0882786486617009, 
1712955680107148728, 54, 262, 24.95158576965332, 781, 778,778,778,778,778,778,778,779,779,780,778,778,778,778,778,778,778,779,780,780,779,779,779,779,779,779,779,780,780,780,779,779,779,780,779,779,780,780,780,781,779,780,780,780,780,780,780,781,781,781,780,781,781,781,781,781,781,781,781,781,781,781,781,781,781,782,782,782,782,782,781,781,781,781,781,782,782,782,782,782,782,782,782,782,782,782,782,783,783,783,782,783,783,783,783,783,783,783,784,783, -0.43068059999999997, -0.0356202, -1.0811497650628712, 
1712955680143193581, 54, 263, 25.086755752563477, 781, 778,778,778,778,778,779,779,779,780,780,778,779,779,779,779,779,779,780,780,780,779,779,779,779,779,779,780,780,781,781,779,779,779,779,779,780,780,781,781,781,780,780,781,780,780,781,781,781,781,781,781,781,781,781,781,781,781,781,781,781,782,782,782,782,782,782,782,781,782,782,783,782,783,782,782,782,782,782,782,782,783,783,783,783,783,783,782,782,782,783,784,2047,2047,2047,2047,2047,783,782,783,783, -0.43068059999999997, -0.0372393, -1.0878197633712157, 
1712955680175035550, 54, 263, 24.960729598999023, 781, 778,779,779,779,779,779,779,779,780,780,778,779,779,779,779,779,779,780,780,780,779,779,780,780,779,780,780,780,780,781,779,780,780,780,780,780,780,781,780,781,780,780,781,781,781,781,781,781,781,781,779,780,781,781,781,781,781,781,781,782,779,780,780,780,781,781,781,781,781,782,780,780,781,781,781,781,781,781,782,782,780,780,781,781,781,781,782,782,782,783,781,781,781,781,781,782,782,782,783,783, -0.43068059999999997, -0.0372393, -1.106810140647667, 
1712955680207203944, 54, 261, 24.769445419311523, 780, 778,778,778,778,778,778,778,778,779,779,778,778,779,778,778,779,779,779,779,780,778,778,779,778,778,778,778,779,779,780,779,779,779,779,779,779,779,779,779,780,779,779,779,779,779,779,780,780,780,781,779,780,780,780,780,780,780,781,781,781,780,780,781,781,781,781,781,781,781,781,780,781,781,781,781,781,781,781,781,781,780,781,781,781,781,781,781,781,781,781,781,781,782,781,782,781,781,781,781,781, -0.43012199999999995, -0.033957, -1.0739111315062018, 
1712955680243757840, 54, 262, 25.079971313476562, 781, 778,778,778,778,778,778,778,779,779,779,778,778,778,778,778,778,778,779,779,780,778,778,779,779,778,778,778,779,779,779,779,779,779,779,779,779,779,780,780,780,779,779,779,779,779,780,780,781,780,781,779,780,780,780,781,781,781,781,781,781,779,779,780,781,781,781,781,781,781,781,779,780,781,781,781,781,781,782,782,782,779,780,781,781,781,781,781,782,782,782,780,781,781,781,782,782,782,782,782,782, -0.43068059999999997, -0.0356202, -1.0718341372881341, 
1712955680275209777, 54, 262, 24.75546646118164, 781, 778,778,778,778,778,778,778,779,779,780,778,779,779,778,778,778,778,779,779,780,778,779,779,779,779,779,779,779,779,779,778,779,779,779,779,779,780,780,780,780,779,780,780,780,780,780,780,780,780,781,779,780,781,781,781,781,781,781,781,781,780,781,781,781,781,781,781,781,781,781,780,781,781,781,782,781,781,781,782,782,781,781,782,782,782,782,782,782,782,782,782,782,782,782,783,782,782,782,782,782, -0.43068059999999997, -0.0356202, -1.0958924011493822, 
1712955680307107403, 54, 262, 24.93067741394043, 781, 778,778,778,778,778,779,778,779,779,780,778,778,778,778,778,778,778,779,779,780,779,779,779,779,779,779,779,779,779,780,779,779,779,780,779,780,780,780,780,781,780,780,780,780,780,780,781,781,781,781,780,781,781,781,781,781,781,781,781,781,781,781,781,781,781,781,781,781,781,781,781,781,781,781,781,781,781,781,781,782,781,781,782,782,782,781,781,781,781,782,782,782,782,782,782,782,782,781,782,783, -0.43068059999999997, -0.0356202, -1.0818014684298887, 
1712955680341173892, 53, 262, 25.363605499267578, 780, 778,778,778,778,778,778,778,778,779,779,778,778,778,778,778,778,778,778,779,779,778,778,778,778,778,778,778,778,779,779,778,778,778,779,779,779,779,780,780,780,778,778,778,779,779,779,780,780,780,780,778,778,779,780,780,780,781,781,781,781,779,779,780,781,781,781,781,782,782,782,780,780,781,781,781,782,782,782,782,782,782,782,782,783,782,783,782,783,782,782,783,783,783,784,783,783,783,783,783,784, -0.431739, -0.035574, -1.071622163425442, 
1712955680375216500, 54, 262, 24.925640106201172, 781, 778,778,778,778,778,779,778,779,779,780,778,778,779,778,779,779,779,779,779,780,779,779,779,779,779,779,779,780,780,780,779,779,780,780,780,780,780,780,780,781,780,780,780,780,780,781,781,781,780,781,781,781,781,781,781,781,781,781,781,781,781,781,781,781,781,781,782,781,781,781,781,782,781,781,781,782,782,781,781,781,782,782,782,782,782,782,782,782,782,782,783,783,783,783,783,783,783,782,782,782, -0.43068059999999997, -0.0356202, -1.0789422861519948, 
1712955680407497578, 54, 262, 25.010761260986328, 781, 778,778,778,778,778,779,779,779,779,780,779,779,779,779,779,779,779,779,779,780,779,779,779,779,779,779,779,780,780,780,779,780,780,780,780,780,780,780,781,781,780,780,780,780,780,781,781,781,781,781,781,781,781,781,781,781,781,781,781,781,781,781,781,781,781,782,781,781,781,782,781,781,781,781,782,782,781,781,782,782,781,781,782,782,782,782,781,781,782,782,781,782,782,782,782,782,782,782,782,782, -0.43068059999999997, -0.0356202, -1.0892730587649095, 
1712955680441270635, 54, 263, 25.00684928894043, 781, 778,778,778,778,778,778,779,779,780,780,778,779,779,779,779,779,779,780,780,780,778,779,779,779,779,779,780,780,780,781,779,779,779,779,779,780,780,781,781,781,779,780,780,780,781,781,781,781,781,781,780,780,781,781,781,781,781,781,781,781,781,781,782,781,782,782,782,782,781,781,782,782,782,782,782,782,782,782,782,782,782,782,783,782,783,783,783,783,783,783,784,783,783,782,783,783,783,783,783,783, -0.43068059999999997, -0.0372393, -1.0819749554336155, 
1712955680475260309, 54, 263, 24.8826904296875, 781, 778,779,779,779,779,779,779,780,780,781,779,779,779,779,779,780,779,780,780,780,779,779,780,780,780,780,780,781,781,781,780,780,781,781,781,781,781,781,781,781,780,781,781,781,781,781,781,781,781,781,781,781,781,781,781,781,781,781,781,782,781,781,781,781,782,782,782,782,782,782,782,782,782,782,782,782,782,782,782,782,782,782,783,782,782,782,783,782,782,783,783,782,782,783,783,783,783,783,783,784, -0.43068059999999997, -0.0372393, -1.0895930640391356, 
1712955680508076128, 53, 262, 25.381101608276367, 781, 778,778,778,778,778,778,778,778,779,779,778,778,778,778,778,778,778,779,779,780,778,778,779,779,779,779,779,779,779,780,778,778,779,779,779,779,779,779,780,780,779,779,779,780,780,780,780,780,780,781,780,780,780,780,780,781,781,781,781,781,780,780,781,781,781,781,781,781,781,781,780,781,781,781,781,781,781,781,781,781,781,781,781,781,781,781,781,781,781,781,781,782,781,782,781,781,781,781,781,781, -0.43229969999999995, -0.0356202, -1.067931754048257, 
1712955680545045695, 54, 262, 24.839826583862305, 781, 778,778,778,778,778,779,779,779,780,780,778,778,778,778,779,779,779,780,780,780,778,779,779,779,779,779,779,780,780,780,778,779,779,779,779,779,780,780,781,781,779,779,780,780,780,780,781,781,781,781,780,780,781,781,781,781,781,781,781,781,780,780,781,781,781,781,781,781,781,782,781,781,781,781,781,781,781,781,781,782,781,780,781,781,781,781,782,781,782,782,781,781,781,781,781,781,781,782,782,782, -0.43068059999999997, -0.0356202, -1.0793252154133162, 
1712955680576079994, 54, 262, 24.88483428955078, 781, 778,778,778,778,778,779,779,779,780,780,778,778,779,779,779,779,779,780,780,780,779,779,779,779,779,779,779,780,780,780,779,779,779,780,780,780,780,780,780,781,780,780,780,780,780,781,781,781,781,781,780,781,781,781,781,781,781,781,781,781,781,781,781,781,781,781,781,782,781,782,781,781,781,781,782,782,782,782,781,782,782,782,781,781,782,782,782,781,781,782,782,782,782,782,782,782,782,782,782,782, -0.43068059999999997, -0.0356202, -1.089833267958896, 
1712955680607312413, 54, 262, 24.992971420288086, 781, 778,778,778,778,778,778,778,779,779,780,778,778,778,778,778,778,778,779,780,780,778,778,778,778,778,778,779,780,780,780,778,778,778,779,779,779,779,780,781,781,778,778,779,779,779,780,780,781,781,781,779,779,780,780,780,781,781,781,781,781,779,780,781,780,781,781,781,781,781,782,780,781,781,781,781,781,781,781,782,782,782,782,782,781,782,781,782,782,782,782,782,782,783,782,782,782,782,782,782,782, -0.43068059999999997, -0.0356202, -1.080410372654895, 
1712955680641608505, 54, 263, 24.923080444335938, 781, 778,778,778,779,779,779,779,780,780,780,778,779,779,779,779,779,779,780,780,780,778,779,779,780,780,780,780,781,781,781,779,780,780,780,780,781,781,781,781,781,780,780,781,781,781,781,781,781,781,781,780,780,781,781,781,781,782,782,782,782,780,781,781,781,781,781,781,781,782,782,781,782,782,782,782,782,782,782,782,782,782,782,783,782,783,782,783,782,783,783,783,783,783,783,783,783,783,782,783,783, -0.43068059999999997, -0.0372393, -1.1176291455703704, 
1712955680675088391, 54, 262, 24.897804260253906, 781, 778,778,778,778,778,779,779,779,780,780,778,778,778,778,779,779,779,779,780,780,778,778,778,779,779,779,779,780,780,780,778,779,779,780,780,780,780,780,781,781,779,779,780,780,780,780,780,781,781,781,780,780,781,781,781,781,781,781,781,781,781,781,781,782,782,782,782,782,781,782,781,781,781,782,782,782,782,782,782,782,781,782,782,782,782,782,782,782,782,782,782,782,782,782,782,782,782,782,782,782, -0.43068059999999997, -0.0356202, -1.0737498378960784, 
1712955680707414670, 54, 262, 24.93067741394043, 781, 778,778,778,778,778,778,778,778,779,779,778,778,778,778,778,778,779,779,779,780,778,779,779,779,779,779,779,779,780,780,779,779,779,779,779,779,780,780,780,781,779,780,780,780,780,780,780,781,780,781,780,780,781,781,781,781,781,781,781,781,781,781,781,781,781,782,782,781,781,782,781,781,781,781,782,782,782,782,782,782,782,782,782,782,782,782,782,782,782,782,2047,2047,2047,782,782,782,782,782,782,783, -0.43068059999999997, -0.0356202, -1.0760890882084213, 
1712955680741236769, 54, 263, 25.064327239990234, 782, 778,778,778,779,779,779,779,780,780,781,779,779,779,780,780,780,780,780,780,781,779,780,780,780,780,780,780,781,781,781,780,780,780,781,781,781,781,781,781,781,781,781,781,781,781,781,781,781,781,781,781,781,781,782,782,782,782,782,781,782,782,781,782,782,782,782,782,782,782,782,782,782,782,782,782,782,782,782,782,782,783,783,783,783,783,783,782,782,782,783,784,783,784,784,784,783,782,782,783,783, -0.4312392, -0.0372876, -1.0982066968370239, 
1712955680775729402, 54, 262, 25.01030731201172, 781, 778,778,778,778,778,778,779,779,779,779,778,778,778,779,778,779,779,779,779,780,778,779,779,779,779,779,779,780,780,780,778,779,779,779,779,779,780,780,780,781,779,779,780,780,780,780,780,781,781,781,780,780,781,781,781,781,781,781,781,781,781,781,781,781,781,782,782,782,781,782,781,781,782,781,782,782,782,782,782,782,782,782,783,782,782,782,782,782,782,782,783,783,784,783,783,783,783,783,783,783, -0.43068059999999997, -0.0356202, -1.0751528630592657, 
1712955680827230170, 53, 263, 25.057497024536133, 782, 779,779,779,779,779,779,779,779,779,780,779,779,779,779,779,779,779,779,780,780,780,780,780,780,780,780,780,780,780,780,780,780,780,781,781,781,781,781,781,781,781,781,781,781,781,782,782,781,781,781,781,781,781,782,782,782,782,782,782,781,781,781,781,781,782,782,782,782,782,782,781,782,782,782,782,782,782,783,782,782,782,782,782,782,782,783,783,784,783,783,782,782,782,783,782,783,783,783,783,783, -0.4328604, -0.0372876, -1.0777720767884527, 
1712955680858514436, 54, 262, 24.928762435913086, 781, 778,778,778,778,778,779,778,779,779,780,778,778,778,779,779,779,779,779,780,780,779,779,779,779,779,779,779,780,780,780,779,779,780,780,780,780,780,780,780,781,779,780,780,780,780,781,781,781,781,781,780,781,781,781,781,781,781,781,781,781,781,781,781,782,782,782,781,781,781,782,781,781,781,782,782,782,781,781,781,782,782,782,782,782,782,782,781,781,781,782,782,782,782,782,782,782,781,781,781,782, -0.43068059999999997, -0.0356202, -1.08262592985442, 
1712955680885796818, 54, 263, 24.859455108642578, 781, 778,778,778,778,778,779,779,779,779,780,778,778,779,779,779,779,779,779,780,780,778,779,779,779,779,779,780,780,780,781,779,779,779,780,780,780,781,781,781,781,779,779,780,781,781,781,781,781,781,781,779,779,780,781,781,781,782,782,782,782,780,780,781,781,782,781,782,782,782,782,781,781,782,782,782,782,782,782,782,782,781,782,782,782,782,782,782,782,782,783,2047,781,782,782,783,783,783,783,783,783, -0.43068059999999997, -0.0372393, -1.1041229686290694, 
1712955680916239329, 54, 263, 25.1129093170166, 782, 778,778,778,779,779,779,779,780,780,781,779,779,779,779,779,779,779,780,780,780,779,779,779,780,779,780,780,781,781,781,780,780,780,780,780,781,781,781,781,781,780,781,781,781,781,781,781,781,781,781,781,781,781,781,781,782,782,782,782,782,781,781,781,781,781,781,782,781,782,782,781,781,782,781,782,782,782,782,782,782,782,782,783,782,783,782,783,782,782,782,782,783,783,783,783,783,783,783,783,783, -0.4312392, -0.0372876, -1.0983000905892835, 
