1712955724579843376, 522, 259, 23.656003952026367, 934, 934,935,935,934,934,934,934,934,934,933,934,934,934,934,934,934,934,934,934,933,934,934,934,934,934,934,934,934,934,933,934,934,934,934,934,934,934,934,934,933,934,934,934,934,934,934,934,934,933,933,934,934,934,934,934,934,933,933,933,933,934,934,934,934,934,934,933,933,933,933,934,934,933,933,934,934,933,933,933,933,934,934,934,934,934,934,933,934,933,933,934,933,933,933,933,934,933,933,933,933, 0.39196079999999994, -0.03686759999999999, -1.8163257427699007, 
1712955724612511381, 522, 258, 23.75523567199707, 934, 934,935,935,935,935,934,934,934,933,933,934,934,934,934,934,934,934,934,934,933,934,934,934,934,934,934,934,934,934,933,934,934,934,934,934,934,934,934,934,934,934,934,934,934,934,934,934,934,934,934,934,934,934,934,934,934,934,934,933,933,934,934,934,934,934,934,933,934,933,933,934,934,933,933,933,933,933,933,933,933,934,933,933,933,933,933,933,933,933,933,934,933,933,933,933,933,933,933,933,933, 0.39196079999999994, -0.0349272, -1.8326051597349, 
1712955724644123661, 522, 259, 23.774072647094727, 934, 935,935,935,935,935,935,935,935,935,934,934,935,934,935,935,934,934,934,934,934,934,934,934,934,935,934,934,934,934,934,934,934,934,935,935,934,934,934,934,934,934,934,934,934,934,934,934,934,934,934,934,934,934,934,934,934,934,934,934,934,934,934,934,934,934,934,934,934,933,934,934,934,933,934,934,934,934,934,933,934,934,934,933,934,934,934,933,933,933,933,934,934,933,934,934,934,933,933,933,933, 0.39196079999999994, -0.03686759999999999, -1.8078779648193326, 
1712955724678550069, 522, 258, 23.627347946166992, 934, 934,934,934,934,934,934,934,934,934,933,934,934,934,934,934,934,934,934,934,934,934,934,934,934,934,934,934,934,934,933,934,934,934,934,934,934,934,934,934,933,934,934,934,934,934,934,934,934,934,933,934,934,934,934,934,934,934,934,933,933,934,934,934,934,934,934,934,934,933,933,934,934,934,934,934,934,934,934,933,933,934,934,934,934,934,934,933,934,933,933,934,934,934,934,934,934,934,934,933,933, 0.39196079999999994, -0.0349272, -1.8592056939606596, 
1712955724711878830, 522, 258, 23.64856719970703, 934, 934,935,935,935,935,934,934,934,934,2047,935,935,935,935,934,934,934,934,934,934,934,935,934,934,934,934,934,934,934,934,934,934,934,934,934,934,934,934,934,934,934,934,934,934,934,934,934,934,934,934,934,934,934,934,934,934,934,934,934,933,934,934,934,934,934,934,934,934,933,933,934,934,934,934,934,934,933,934,933,934,934,934,934,934,934,934,933,934,933,933,934,934,934,934,934,934,933,934,933,933, 0.39196079999999994, -0.0349272, -1.8455065817517549, 
1712955724744088077, 522, 259, 23.964445114135742, 934, 934,935,934,934,934,934,934,934,934,933,934,935,934,934,934,934,934,934,934,933,934,934,934,934,934,934,934,934,934,934,934,934,934,934,934,934,934,934,934,933,934,934,934,934,934,934,934,934,934,933,934,934,934,934,934,934,934,934,933,933,934,934,933,934,934,934,933,934,933,933,933,933,933,933,934,934,933,934,933,934,934,934,933,934,934,934,933,933,933,933,934,934,933,934,934,934,933,933,933,933, 0.39196079999999994, -0.03686759999999999, -1.797754924384102, 
1712955724778813400, 522, 258, 23.62746238708496, 934, 934,935,935,935,935,934,934,934,933,933,934,935,935,935,934,934,934,934,934,934,934,934,934,934,934,934,934,934,934,934,934,934,934,934,934,934,934,934,934,934,934,934,934,934,934,934,934,934,934,934,934,934,934,934,934,934,934,934,933,933,934,934,934,934,934,934,933,933,933,933,934,934,934,934,934,934,933,933,933,933,934,934,934,934,934,934,933,934,933,933,934,934,934,934,934,934,934,934,933,933, 0.39196079999999994, -0.0349272, -1.8744659124834535, 
1712955724811972243, 523, 258, 23.85382080078125, 934, 935,935,935,935,934,934,935,2047,2047,2047,935,934,934,934,934,934,934,934,2047,2047,934,934,934,934,934,934,934,934,934,933,934,934,934,934,934,934,934,934,934,933,934,934,934,934,934,934,934,934,934,934,934,934,934,934,934,934,934,934,934,934,934,934,934,934,934,934,934,934,934,933,934,934,934,934,934,934,934,934,934,933,934,934,934,934,934,934,934,934,934,933,934,933,934,934,934,933,934,933,934,933, 0.39390119999999995, -0.0349272, -1.978149477847811, 
1712955724844158964, 522, 259, 23.90278434753418, 934, 934,935,935,935,935,934,934,934,934,2047,934,934,934,934,934,934,934,934,934,933,934,934,934,934,934,934,934,934,934,933,934,934,934,934,934,934,934,934,934,933,934,934,934,934,934,934,934,934,933,933,934,934,934,934,934,934,933,933,933,933,934,934,934,934,934,934,933,933,933,933,934,934,933,933,933,934,933,933,933,933,934,934,933,933,934,934,933,933,933,933,934,934,934,934,934,934,933,934,933,933, 0.39196079999999994, -0.03686759999999999, -1.778371588643896, 
1712955724878478843, 522, 258, 23.591676712036133, 934, 934,935,935,935,935,934,934,934,934,2047,934,934,935,935,934,934,934,934,934,934,934,934,934,934,934,934,934,934,934,933,934,934,934,934,934,934,934,934,934,933,934,934,934,934,934,934,934,934,933,933,934,934,934,934,934,934,934,934,933,933,934,934,934,934,934,934,933,933,933,933,934,934,933,934,934,934,933,933,933,933,934,934,933,934,934,934,933,933,933,933,934,934,933,933,934,934,933,933,933,933, 0.39196079999999994, -0.0349272, -1.9076281130984125, 
1712955724912038783, 522, 259, 23.905637741088867, 934, 934,935,935,935,934,934,934,934,934,934,934,935,934,934,934,934,934,934,934,934,934,934,934,934,934,934,934,934,934,934,934,934,934,934,934,934,934,934,934,934,934,934,934,934,934,934,934,934,934,933,934,934,934,934,934,934,934,934,933,933,934,934,934,934,934,934,933,933,933,933,934,934,933,934,934,934,933,933,933,933,934,934,933,934,934,934,933,933,933,933,934,934,933,933,933,934,933,933,933,933, 0.39196079999999994, -0.03686759999999999, -1.9528773555449401, 
1712955724944136807, 522, 258, 23.623876571655273, 934, 934,935,935,935,935,934,934,934,934,2047,934,934,935,935,935,934,934,934,934,933,934,934,934,934,934,934,934,934,934,933,934,934,934,934,934,934,934,934,934,933,934,934,934,934,934,934,934,934,934,934,934,934,934,934,934,934,934,934,934,933,934,934,934,934,934,934,934,934,933,933,934,934,934,934,934,934,933,934,933,933,934,934,934,934,934,934,933,934,933,933,934,934,934,934,934,934,933,934,933,933, 0.39196079999999994, -0.0349272, -1.8749463482033122, 
1712955724977950959, 522, 259, 23.7766056060791, 934, 934,934,934,935,934,934,934,934,934,934,934,934,934,934,934,934,934,934,934,934,934,934,934,934,934,934,934,934,934,934,934,934,934,934,934,934,934,934,934,934,934,934,934,934,934,934,934,934,934,934,934,934,934,934,934,934,934,934,934,934,934,934,934,934,934,934,933,934,934,934,934,934,933,933,933,934,933,934,933,934,934,934,934,934,934,934,933,934,933,933,934,934,933,933,933,933,933,933,933,933, 0.39196079999999994, -0.03686759999999999, -1.7980145285083255, 
1712955725013837503, 522, 258, 23.642391204833984, 934, 935,935,935,935,935,934,935,934,934,2047,935,935,935,935,935,934,934,935,934,2047,934,935,935,935,935,934,934,934,934,934,934,934,934,934,934,934,934,934,934,934,934,934,934,935,934,934,934,934,934,934,934,934,934,934,934,934,934,934,934,934,934,934,934,934,934,934,934,934,933,934,934,934,934,934,934,934,934,933,933,933,934,933,933,933,934,934,933,933,933,933,933,933,933,933,933,933,933,933,933,933, 0.39196079999999994, -0.0349272, -1.924460450129209, 
1712955725046591383, 523, 259, 24.06893539428711, 934, 934,934,934,934,934,934,934,934,934,2047,934,934,934,934,934,934,934,934,934,2047,934,934,934,934,934,934,934,934,934,933,934,934,934,934,934,934,934,934,934,933,934,934,934,934,934,934,934,934,933,933,934,934,934,934,934,934,934,933,933,933,934,934,934,934,934,933,934,933,933,933,934,933,933,933,933,933,933,933,933,933,934,933,933,933,933,933,933,933,933,933,934,933,933,933,933,933,933,933,933,933, 0.39390119999999995, -0.03686759999999999, -1.786836059320198, 
1712955725078022408, 522, 259, 23.912033081054688, 934, 934,935,935,935,935,934,934,934,934,934,934,935,934,935,934,934,934,934,934,934,934,934,934,934,934,934,934,934,934,934,934,934,934,934,934,934,934,934,934,934,934,934,934,934,934,934,934,934,934,934,934,934,934,934,934,934,934,934,934,934,934,934,934,934,934,934,933,934,933,934,934,934,933,933,934,934,933,934,933,933,934,934,933,933,933,934,933,933,933,933,934,933,933,933,933,933,933,933,933,933, 0.39196079999999994, -0.03686759999999999, -1.8532935128081174, 
1712955725113644357, 523, 258, 23.8020076751709, 935, 936,936,936,936,935,935,935,935,2047,2047,936,936,936,936,935,935,935,935,2047,2047,936,936,936,936,935,935,935,935,935,2047,935,935,935,935,935,935,935,935,935,935,935,935,936,935,935,935,935,935,935,935,935,935,935,935,935,935,935,935,935,935,935,935,935,935,935,935,935,935,935,934,935,935,935,935,935,935,935,934,934,934,934,934,935,935,935,934,935,934,934,934,934,934,935,935,935,934,934,934,934,934, 0.3943275, -0.034964999999999996, -1.9696528007103646, 
1712955725145986868, 522, 259, 23.77562141418457, 935, 935,935,935,935,935,935,935,935,935,935,935,935,935,935,935,935,935,935,935,935,935,935,935,935,935,935,935,935,935,935,935,935,935,935,935,935,935,935,935,934,935,935,935,935,935,935,935,935,934,934,935,935,935,935,935,935,934,935,934,934,935,935,934,934,934,935,934,934,934,934,935,935,934,934,934,935,934,935,934,934,935,935,934,934,934,934,934,934,934,934,935,935,934,934,934,934,934,934,934,934, 0.392385, -0.036907499999999996, -1.9359177937129062, 
1712955725179202434, 522, 258, 23.64856719970703, 935, 935,936,935,936,935,935,935,935,934,934,935,936,935,935,935,935,935,935,935,935,935,935,935,935,935,935,935,935,935,935,935,935,935,935,935,935,935,935,935,935,935,935,935,935,935,935,935,935,935,935,935,935,935,935,935,935,935,935,934,934,935,935,935,935,935,935,935,935,934,934,935,935,934,935,935,935,934,935,934,935,934,934,934,934,935,935,934,934,934,935,934,934,934,934,934,934,934,934,934,934, 0.392385, -0.034964999999999996, -1.9766809417013251, 
1712955725213561918, 522, 259, 23.798768997192383, 935, 935,936,935,935,935,935,935,935,935,2047,935,935,935,935,935,935,935,935,935,934,935,935,935,935,935,935,935,935,935,935,935,935,935,935,935,935,935,935,935,935,935,935,935,935,935,935,935,935,935,934,935,935,935,935,935,935,934,935,934,934,935,935,935,935,935,935,934,935,934,934,935,935,935,935,935,935,934,935,934,934,935,935,935,935,935,935,935,935,934,934,936,935,935,935,935,935,935,935,934,935, 0.392385, -0.036907499999999996, -1.7830063173420247, 
1712955725246042793, 522, 258, 23.530698776245117, 935, 935,935,935,935,935,935,935,935,935,2047,935,935,935,935,935,935,935,935,935,935,935,935,935,935,935,935,935,935,935,934,935,935,935,935,935,935,935,935,935,934,935,935,935,935,935,935,935,935,935,934,935,935,935,935,935,935,935,935,935,934,935,935,935,935,935,935,935,935,935,934,935,935,935,935,935,935,934,935,934,934,935,935,935,935,935,935,934,935,934,934,935,935,934,935,935,935,934,934,934,934, 0.392385, -0.034964999999999996, -1.8385906286017026, 
1712955725277968694, 522, 258, 23.880006790161133, 935, 936,936,936,936,936,935,935,935,935,2047,935,936,936,936,936,935,935,935,935,935,935,936,935,936,935,935,935,935,935,935,935,935,935,935,935,935,935,935,935,935,935,935,935,935,935,935,935,935,935,935,935,935,935,935,935,935,935,935,935,935,935,935,935,935,935,935,935,935,935,935,935,935,935,935,935,935,935,935,934,935,935,935,935,935,935,935,935,935,934,935,935,935,935,935,935,935,935,935,934,934, 0.392385, -0.034964999999999996, -1.8424838149948441, 
1712955725311934833, 522, 259, 23.763532638549805, 935, 935,935,935,936,935,935,935,935,935,934,935,935,935,935,935,935,935,935,935,934,935,935,935,935,935,935,935,935,935,935,935,935,935,935,935,935,935,935,935,935,935,935,935,935,935,935,935,935,935,934,935,935,935,935,935,935,935,935,934,934,935,935,935,935,935,935,934,935,934,934,935,935,935,935,935,935,934,935,934,934,935,935,935,935,935,935,934,934,934,934,935,935,935,935,935,935,934,934,934,934, 0.392385, -0.036907499999999996, -1.8321801787435301, 
1712955725347770474, 522, 258, 23.586755752563477, 935, 935,935,935,936,936,935,935,935,935,2047,935,935,935,936,935,935,935,935,935,934,935,935,935,935,935,935,935,935,935,934,935,935,935,935,935,935,935,935,935,934,935,935,935,935,935,935,935,935,935,934,935,935,935,935,935,935,935,935,934,934,935,935,935,935,935,935,934,935,934,934,934,934,934,934,934,934,934,934,934,934,934,934,934,934,934,934,934,934,934,934,935,935,934,934,934,935,934,934,934,934, 0.392385, -0.034964999999999996, -1.964516833545756, 
1712955725381790858, 522, 258, 23.928035736083984, 935, 936,936,936,936,936,935,935,935,935,934,936,936,936,936,936,935,935,935,935,935,935,936,936,936,936,935,935,935,935,935,935,935,935,935,935,935,935,935,935,935,935,935,935,935,935,935,935,935,935,935,935,935,935,935,935,935,935,935,935,934,935,935,935,935,935,935,935,935,934,934,935,935,935,935,935,935,935,934,934,934,935,935,935,935,935,935,934,934,934,934,935,935,935,935,935,935,934,934,934,934, 0.392385, -0.034964999999999996, -1.8572808234730054, 
1712955725411874841, 522, 258, 23.74538230895996, 935, 935,935,935,935,935,935,935,935,935,935,935,935,935,935,935,935,935,935,935,935,935,935,935,935,935,935,935,935,935,935,935,935,935,935,935,935,935,935,935,935,935,935,935,935,935,935,935,935,935,935,935,935,935,935,935,935,935,935,935,935,935,935,935,935,935,935,935,935,935,934,935,935,935,935,935,935,934,935,934,934,935,935,935,935,935,935,934,935,934,934,935,935,935,935,935,935,934,934,934,934, 0.392385, -0.034964999999999996, -1.924377343516733, 
1712955725446701352, 522, 258, 23.77544593811035, 935, 935,936,935,936,936,935,935,935,934,2047,935,936,935,936,935,935,935,935,935,2047,935,936,935,935,935,935,935,935,935,934,935,935,935,935,935,935,935,935,935,935,935,935,935,935,935,935,935,935,935,935,935,935,935,935,935,935,935,935,934,934,935,935,935,935,935,935,935,935,934,934,935,935,935,935,935,935,934,935,934,934,935,935,934,935,935,935,934,935,934,934,935,935,934,935,935,935,934,934,934,934, 0.392385, -0.034964999999999996, -1.8356496255438113, 
1712955725478167509, 522, 258, 23.604557037353516, 935, 935,936,936,936,936,935,935,935,935,2047,935,936,936,936,935,935,935,935,935,935,935,935,935,935,935,935,935,935,935,935,935,935,935,935,935,935,935,935,935,935,935,935,935,935,935,935,935,935,935,935,935,935,935,935,935,935,935,935,935,935,935,935,935,935,935,935,935,935,934,934,935,935,935,935,935,935,935,934,934,934,935,935,934,935,935,935,935,935,934,934,935,935,934,935,935,935,934,934,934,934, 0.392385, -0.034964999999999996, -1.847281016035646, 
1712955725513071791, 522, 259, 23.730552673339844, 935, 935,935,935,935,935,935,935,935,935,935,935,935,935,935,935,935,935,935,935,934,935,935,935,935,935,935,935,935,935,934,935,935,935,935,935,935,935,935,935,934,935,935,935,935,935,935,935,935,935,934,935,935,935,935,935,935,935,935,935,934,935,935,935,935,935,935,935,935,934,934,935,935,935,935,935,935,935,935,935,935,935,935,935,935,935,935,935,935,934,934,935,935,935,935,935,935,935,935,935,935, 0.392385, -0.036907499999999996, -1.8490684901779055, 
1712955725546116853, 522, 259, 23.90749740600586, 935, 935,936,936,936,935,935,935,935,935,2047,935,936,935,935,935,935,935,935,935,935,935,935,935,935,935,935,935,935,935,935,935,935,935,935,935,935,935,935,935,935,935,935,935,935,935,935,935,935,935,934,935,935,935,935,935,935,935,935,934,934,935,935,935,935,935,935,934,935,934,935,935,935,934,934,935,935,934,935,935,935,935,935,935,935,935,935,934,935,934,935,935,935,934,934,934,935,934,934,934,935, 0.392385, -0.036907499999999996, -1.949152996200264, 
1712955725580790020, 522, 258, 23.789222717285156, 935, 935,936,936,936,936,935,935,935,936,2047,935,936,936,936,936,935,935,935,936,2047,935,936,936,936,935,935,935,935,935,935,935,935,936,936,935,935,935,935,935,935,935,935,935,936,935,935,935,935,935,935,935,935,935,935,935,935,935,935,935,935,935,935,935,935,935,935,935,935,934,934,935,935,935,935,935,935,934,935,934,934,935,935,935,935,935,935,935,935,934,934,935,935,935,935,935,935,934,935,934,934, 0.392385, -0.034964999999999996, -1.8187156065653909, 
1712955725613010613, 522, 258, 23.52472686767578, 935, 936,936,936,936,936,935,935,935,934,2047,936,936,936,936,936,935,935,935,935,935,935,936,935,936,936,935,935,935,935,935,935,935,935,935,935,935,935,935,935,935,935,935,935,935,935,935,935,935,935,935,935,935,935,935,935,935,935,935,935,935,935,935,935,935,935,935,935,935,934,935,935,935,935,935,935,935,935,935,934,935,935,935,935,935,935,935,935,935,934,935,935,935,935,935,935,935,935,935,934,934, 0.392385, -0.034964999999999996, -1.8753122829924167, 
1712955725646202882, 522, 258, 23.71841049194336, 935, 935,936,936,936,935,935,935,935,935,2047,935,936,936,936,935,935,935,935,935,2047,935,935,935,935,935,935,935,935,935,935,935,935,935,935,935,935,935,935,935,935,935,935,935,935,935,935,935,935,935,935,935,935,935,935,935,935,935,935,935,935,935,935,935,935,935,935,935,935,935,935,935,935,934,935,935,935,935,935,935,935,934,934,934,934,934,935,934,935,934,935,934,934,934,934,934,935,934,935,934,935, 0.392385, -0.034964999999999996, -1.8620601927979168, 
1712955725680562282, 522, 259, 23.98032569885254, 935, 935,936,936,936,935,935,935,935,935,935,935,935,935,935,935,935,935,935,935,935,935,935,935,935,935,935,935,935,935,935,935,935,935,935,935,935,935,935,935,934,935,935,935,935,935,935,935,935,935,934,935,935,935,935,935,935,934,934,934,934,935,935,935,935,935,935,934,934,934,934,935,935,935,935,935,935,934,934,934,934,935,935,935,935,935,935,934,934,934,934,935,935,935,934,934,935,934,934,934,934, 0.392385, -0.036907499999999996, -1.799630362624972, 
1712955725711948905, 522, 258, 23.839712142944336, 935, 936,936,936,936,936,935,935,935,934,2047,936,936,936,936,936,935,935,935,935,934,935,936,936,936,935,935,935,935,935,935,935,935,935,935,935,935,935,935,935,935,935,935,935,936,935,935,935,935,935,934,935,935,935,935,935,935,935,935,934,934,935,935,935,935,935,935,935,935,934,935,935,935,935,935,935,935,935,935,935,935,935,935,935,935,935,935,935,935,935,935,935,935,935,935,935,935,935,935,934,935, 0.392385, -0.034964999999999996, -1.948353913995879, 
1712955725746047829, 522, 258, 23.754045486450195, 935, 935,936,936,936,936,935,935,935,934,2047,935,936,936,936,935,935,935,935,935,935,935,935,935,935,935,935,935,935,935,935,935,935,935,935,935,935,935,935,935,935,935,935,935,935,935,935,935,935,935,935,935,935,935,935,935,935,935,935,935,935,935,935,935,935,935,935,934,935,934,935,935,935,934,935,935,935,934,935,934,935,935,934,934,935,935,935,934,935,934,935,935,935,934,935,935,935,934,934,934,934, 0.392385, -0.034964999999999996, -1.8353390533103164, 
1712955725780106386, 523, 258, 23.806400299072266, 935, 936,936,936,936,935,935,935,935,2047,2047,936,936,936,936,935,935,935,935,935,2047,936,936,936,935,935,935,935,935,934,934,935,935,935,935,935,935,935,935,935,934,936,935,936,935,935,935,935,935,935,934,935,935,935,935,935,935,935,935,935,934,935,935,935,935,935,935,935,934,934,934,935,935,935,935,935,934,935,934,935,934,935,935,935,935,935,934,935,934,935,934,935,935,935,935,935,934,935,934,934,934, 0.3943275, -0.034964999999999996, -1.9867078225560062, 
1712955725814322587, 522, 259, 23.912172317504883, 935, 935,936,935,936,935,935,935,936,935,2047,935,935,935,935,935,935,935,935,935,934,935,935,935,935,935,935,935,935,935,934,935,935,935,935,935,935,935,935,935,934,935,935,935,935,935,935,935,935,935,934,935,935,935,935,935,935,935,935,934,934,935,935,935,935,935,935,934,935,934,934,935,934,934,935,935,935,934,935,934,934,935,935,934,935,935,935,934,935,934,934,934,934,934,934,934,935,934,934,934,934, 0.392385, -0.036907499999999996, -1.8127673048707396, 
1712955725846047642, 522, 259, 23.666101455688477, 935, 935,936,936,936,935,935,935,935,935,2047,935,935,935,935,935,935,935,935,935,934,935,935,935,935,935,935,935,935,935,934,935,935,935,935,935,935,935,935,934,934,935,935,935,935,935,935,934,935,934,934,935,935,935,935,935,935,934,934,934,934,935,935,935,935,935,935,934,934,934,934,935,935,935,935,935,935,934,934,934,934,936,936,935,935,935,935,934,934,934,934,937,936,935,935,935,935,934,934,933,934, 0.392385, -0.036907499999999996, -1.8389292091469718, 
1712955725880338693, 522, 258, 23.717182159423828, 935, 935,936,936,936,936,935,935,935,934,2047,935,936,936,936,936,935,935,935,935,935,935,935,935,936,935,935,935,935,935,935,935,935,935,935,935,935,935,935,935,935,935,935,935,935,935,935,935,935,935,935,935,935,935,935,935,935,935,935,934,935,935,935,935,935,935,935,935,935,934,934,935,935,935,935,935,935,935,935,934,935,935,935,935,935,935,935,935,935,934,935,936,935,935,935,935,935,934,935,934,934, 0.392385, -0.034964999999999996, -2.0142748088064946, 
1712955725914187595, 523, 258, 23.732872009277344, 935, 936,936,936,936,935,935,935,935,2047,2047,936,936,936,935,935,935,935,935,935,2047,936,935,936,935,935,935,935,935,935,935,935,935,935,935,935,935,935,935,935,935,935,935,935,935,935,935,935,935,935,935,935,935,935,935,935,935,935,935,935,935,935,935,935,935,935,935,935,934,934,934,935,935,935,935,935,934,935,934,934,934,935,935,935,935,935,934,935,934,934,934,935,935,935,935,935,935,935,934,934,934, 0.3943275, -0.034964999999999996, -1.9995032029097648, 
1712955725947752361, 522, 259, 23.770038604736328, 935, 935,935,935,935,936,935,935,935,935,935,935,935,935,935,935,935,935,935,935,935,935,935,935,935,935,935,935,935,935,935,935,935,935,935,935,935,935,935,935,935,935,935,935,935,935,935,935,935,935,935,935,935,935,935,935,935,935,935,934,934,935,935,934,934,935,935,934,934,934,934,935,934,934,934,935,935,935,935,934,934,935,935,934,934,934,935,934,934,934,934,935,935,934,934,934,935,934,934,934,934, 0.392385, -0.036907499999999996, -1.8368743383160655, 
1712955725980624843, 522, 259, 23.788829803466797, 935, 935,936,936,936,935,935,935,935,935,935,935,935,935,935,935,935,935,935,935,935,935,935,935,935,935,935,935,935,935,935,935,935,935,935,935,935,935,935,935,935,935,935,935,935,935,935,935,935,934,934,935,935,935,935,935,935,934,934,934,934,935,935,935,935,934,935,934,934,934,934,935,934,934,934,934,934,934,934,934,934,935,935,934,934,934,934,934,934,934,934,935,934,934,934,934,934,934,934,934,934, 0.392385, -0.036907499999999996, -1.786463613436502, 
1712955726013102393, 522, 258, 23.71841049194336, 935, 935,936,936,936,936,935,935,935,934,2047,935,936,936,936,935,935,935,935,935,934,935,935,935,935,935,935,935,935,935,934,935,935,935,935,935,935,935,935,935,934,935,935,935,935,935,935,935,935,935,935,935,935,935,935,935,935,935,935,934,934,935,935,935,935,935,935,934,935,934,934,935,935,935,934,934,935,934,934,934,934,935,934,934,934,934,934,934,934,934,934,935,935,934,934,934,934,934,934,934,934, 0.392385, -0.034964999999999996, -1.877648377040798, 
1712955726047377116, 522, 258, 23.642391204833984, 935, 935,936,936,936,936,935,936,935,935,935,935,936,936,936,936,935,935,935,935,935,935,935,935,936,936,935,935,935,935,935,935,935,935,935,935,935,935,935,935,935,935,935,935,935,935,935,935,935,935,935,935,935,935,935,935,935,935,935,934,934,935,935,935,935,935,935,935,935,934,934,935,935,935,935,935,935,935,934,934,934,935,934,934,935,935,935,935,935,934,934,935,934,934,934,935,935,934,934,934,934, 0.392385, -0.034964999999999996, -1.9456563652069379, 
1712955726080412655, 522, 259, 23.64205551147461, 935, 935,936,936,936,935,935,935,935,935,934,935,935,935,935,935,935,935,935,935,934,935,935,935,936,935,935,935,935,935,935,935,935,935,936,935,935,935,935,935,934,935,935,935,935,935,935,935,935,935,934,935,935,935,935,935,935,935,935,935,934,935,935,935,935,935,935,935,935,935,935,935,935,935,935,935,935,935,935,935,935,935,935,935,935,935,935,935,935,935,935,935,935,935,935,935,935,935,935,935,935, 0.392385, -0.036907499999999996, -2.019116800612676, 
1712955726113155028, 522, 258, 23.542858123779297, 935, 936,936,936,936,936,935,935,935,2047,2047,935,936,936,936,935,935,935,936,935,2047,935,936,935,935,935,935,935,935,935,935,935,935,935,935,935,935,935,935,935,935,935,935,935,935,935,935,935,935,935,935,935,935,935,935,935,935,935,935,935,935,935,935,935,935,935,935,935,935,935,935,935,935,935,935,935,935,935,935,935,935,935,935,934,935,935,935,935,935,934,935,935,935,934,934,934,935,934,934,934,934, 0.392385, -0.034964999999999996, -1.8895347141600227, 
1712955726147349513, 522, 259, 23.990745544433594, 935, 935,936,935,936,936,935,935,936,935,2047,935,935,935,935,935,935,935,935,935,935,935,935,935,935,935,935,935,935,935,935,935,935,935,935,935,935,935,935,935,935,935,935,935,935,935,935,935,935,935,935,935,935,935,935,935,935,935,935,935,935,935,935,935,935,935,935,935,935,935,935,935,935,935,935,935,935,935,935,935,935,935,935,935,935,935,935,935,935,934,934,935,935,935,935,935,935,935,935,934,935, 0.392385, -0.036907499999999996, -1.9573270340799804, 
1712955726180393994, 522, 259, 23.770118713378906, 935, 935,935,935,935,935,935,935,935,935,934,935,935,935,935,935,935,935,935,935,934,935,935,935,935,935,935,935,935,935,934,935,935,935,936,935,935,935,935,935,935,935,935,935,935,935,935,935,935,935,935,935,935,935,935,935,935,935,935,935,935,935,935,935,935,935,935,935,935,934,934,935,935,934,934,934,935,934,935,934,934,935,935,934,934,934,935,934,935,934,934,935,934,934,934,934,934,934,934,934,934, 0.392385, -0.036907499999999996, -1.8409073076200564, 
1712955726215968957, 522, 258, 23.505416870117188, 935, 935,936,936,936,935,935,935,935,935,935,935,936,936,936,935,935,935,935,935,935,935,936,935,935,935,935,935,935,935,935,935,935,935,935,935,935,935,935,935,935,935,935,935,935,935,935,935,935,935,935,935,935,935,935,935,935,935,935,935,935,935,935,935,935,935,935,935,935,934,935,935,935,935,935,935,935,935,935,934,935,935,935,935,935,935,935,935,935,934,935,935,935,935,935,935,935,935,935,934,934, 0.392385, -0.034964999999999996, -1.8271395423519987, 
1712955726248903736, 522, 259, 23.666101455688477, 935, 935,935,935,936,936,935,935,936,935,935,935,935,935,935,935,935,935,935,935,935,935,935,935,935,935,935,935,935,935,935,935,935,935,935,935,935,935,935,935,935,935,935,935,935,935,935,935,935,934,934,935,935,935,935,935,935,935,935,934,934,935,935,935,935,935,935,934,935,934,934,935,935,934,934,934,935,934,935,934,935,935,935,934,934,934,935,934,934,934,934,935,935,934,934,934,935,934,935,934,934, 0.392385, -0.036907499999999996, -1.8128478703497228, 
1712955726284050065, 522, 259, 23.9219913482666, 935, 935,935,935,936,935,935,935,936,935,935,935,935,935,935,935,935,935,935,935,935,935,935,935,935,935,935,935,935,935,935,935,935,935,935,935,935,935,935,935,935,935,935,935,935,935,935,935,935,935,935,935,935,935,935,935,935,935,935,934,934,935,935,935,935,935,935,934,935,934,935,935,935,934,934,934,935,934,935,934,935,935,935,935,935,935,935,934,934,934,934,935,935,935,935,935,935,934,935,934,935, 0.392385, -0.036907499999999996, -1.9762476573895398, 
1712955726314740260, 522, 259, 23.769826889038086, 935, 935,935,935,936,936,935,935,936,935,935,935,935,935,936,936,935,935,935,935,935,935,935,935,935,935,935,935,935,935,935,935,935,935,935,935,935,935,935,935,935,935,935,935,935,935,935,935,935,935,935,935,935,935,935,935,935,935,935,935,935,935,935,935,935,935,935,935,935,935,935,935,935,934,935,935,935,935,935,935,935,935,934,934,934,934,935,934,934,934,935,935,934,934,934,934,934,934,934,934,934, 0.392385, -0.036907499999999996, -1.778518029040842, 
1712955726349334328, 522, 260, 24.520498275756836, 935, 935,935,935,935,935,935,935,935,935,935,935,935,935,935,935,935,935,935,935,935,935,935,935,935,935,935,935,935,935,935,935,935,935,935,935,935,935,935,935,935,935,935,935,935,935,935,935,935,934,934,935,935,935,935,935,935,935,935,934,934,935,935,935,935,935,935,935,935,934,934,935,935,935,935,935,935,934,934,934,934,935,935,934,934,934,934,934,934,934,934,935,935,934,934,934,934,934,934,933,933, 0.392385, -0.038849999999999996, -1.87158131682444, 
1712955726388112799, 523, 258, 24.19919204711914, 935, 936,936,936,935,935,935,935,934,2047,2047,936,936,936,935,935,935,935,935,934,2047,935,935,935,935,935,935,935,935,934,933,935,935,935,935,935,935,935,935,935,934,935,935,935,935,935,935,935,935,935,934,935,935,935,935,935,935,935,935,934,934,935,935,935,935,935,935,935,935,935,934,935,935,935,935,935,935,935,934,934,934,935,934,935,935,935,934,935,934,935,934,935,934,934,935,935,934,934,934,934,934, 0.3943275, -0.034964999999999996, -1.9116375830929726, 
1712955726415549570, 522, 259, 24.72374725341797, 935, 935,935,936,936,935,935,935,935,935,2047,935,935,935,935,935,935,935,935,935,934,935,935,935,935,935,935,935,935,935,934,935,935,935,935,935,935,935,935,935,935,935,935,935,935,935,935,935,935,934,934,935,935,935,935,935,935,934,934,934,934,935,935,935,935,935,935,934,934,934,934,935,935,935,935,935,935,934,934,934,934,935,935,935,935,935,935,934,934,934,934,935,935,935,935,935,935,934,934,934,934, 0.392385, -0.036907499999999996, -1.8436826538787212, 
1712955726451114489, 522, 258, 24.135135650634766, 935, 935,936,936,936,935,935,935,935,935,2047,935,936,936,936,935,935,935,935,935,935,935,935,935,935,935,935,935,935,935,934,935,935,935,935,935,935,935,935,935,934,935,936,935,935,935,935,935,935,934,934,935,935,935,935,935,935,935,935,934,934,935,935,935,935,935,935,935,935,934,934,935,935,935,935,935,935,934,935,934,934,936,935,935,935,935,935,935,935,934,935,936,935,935,935,935,935,934,934,934,934, 0.392385, -0.034964999999999996, -1.8585293497416604, 
1712955726483458523, 522, 259, 24.520959854125977, 935, 936,936,936,936,936,935,935,935,935,2047,935,936,936,936,936,935,935,935,935,934,935,935,935,935,935,935,935,935,935,934,935,935,935,935,935,935,935,935,935,934,935,935,935,935,935,935,935,935,935,934,935,935,935,935,935,935,935,935,934,934,935,935,935,935,935,935,935,935,934,934,935,935,935,935,935,935,935,935,934,934,935,935,935,935,935,935,935,935,934,934,935,935,935,935,935,935,935,935,935,935, 0.392385, -0.036907499999999996, -1.7811279134725078, 
1712955726514923592, 523, 259, 24.248085021972656, 935, 935,935,935,935,935,935,935,935,935,2047,935,935,935,935,935,935,935,935,935,935,935,935,935,935,935,935,936,935,935,935,935,935,936,935,935,935,936,935,935,935,935,935,935,935,935,935,935,935,935,935,935,935,935,935,935,935,935,935,935,934,935,935,935,935,935,935,935,935,935,934,935,935,935,935,935,935,935,934,934,934,935,935,935,935,935,934,935,934,934,934,936,935,935,935,935,934,934,934,934,934, 0.3943275, -0.036907499999999996, -1.8425352625697209, 
1712955726548410933, 522, 259, 24.529781341552734, 935, 936,936,936,936,935,935,935,936,935,935,935,935,935,935,935,935,935,935,935,935,935,935,935,935,935,935,935,935,935,935,935,935,935,935,935,935,935,935,935,935,935,935,935,935,935,935,935,935,935,935,935,935,935,935,935,935,935,935,935,935,935,935,934,935,935,935,935,935,935,935,935,934,934,934,935,935,935,935,934,935,935,934,934,934,935,935,935,935,934,934,935,934,934,934,935,935,934,934,934,934, 0.392385, -0.036907499999999996, -1.9605502676157465, 
1712955726582593629, 522, 260, 24.70271873474121, 935, 935,936,936,936,936,935,935,935,935,934,935,935,935,936,936,935,935,935,935,934,935,936,935,936,936,935,935,935,935,935,935,935,935,935,935,935,935,935,935,934,935,935,935,935,935,935,935,935,934,934,935,935,935,935,935,935,935,935,934,934,935,935,935,935,935,935,935,935,934,934,935,935,935,935,935,935,934,934,934,934,936,935,935,935,935,935,934,934,934,934,936,936,935,935,935,935,934,934,933,933, 0.392385, -0.038849999999999996, -1.780656005388676, 
1712955726619996091, 523, 258, 24.23440170288086, 935, 935,935,935,935,935,935,935,935,2047,2047,935,935,935,935,935,935,936,935,935,2047,935,935,935,935,935,935,935,935,935,2047,935,935,935,935,935,935,935,935,935,934,935,935,935,935,935,935,935,935,934,934,935,935,935,935,935,935,935,935,934,934,935,935,935,935,935,935,935,935,935,934,935,935,935,935,935,934,935,934,935,934,935,935,935,935,935,934,935,934,935,934,935,935,935,935,935,934,935,934,935,934, 0.3943275, -0.034964999999999996, -1.7897469749346442, 
1712955726649608051, 523, 258, 24.248085021972656, 935, 936,936,936,936,935,935,935,934,2047,2047,936,936,936,935,935,935,935,934,934,931,936,935,935,935,935,935,935,935,934,934,935,935,935,935,935,935,935,935,935,934,935,935,935,935,935,935,935,935,935,934,935,935,935,935,935,935,935,935,935,934,935,935,935,935,935,935,935,935,935,934,935,935,935,935,935,935,935,934,935,934,934,934,935,935,935,935,935,934,935,934,935,934,935,935,935,935,935,934,934,934, 0.3943275, -0.034964999999999996, -1.8455955216741586, 
1712955726684744066, 522, 258, 24.382469177246094, 935, 935,935,935,935,935,935,935,935,935,2047,935,935,935,935,935,935,935,935,935,935,935,935,935,935,935,935,935,935,935,935,935,935,935,935,935,935,935,935,935,935,935,935,935,935,935,935,935,935,935,935,935,935,935,935,935,935,935,935,935,935,935,935,935,935,935,935,935,935,935,934,935,935,935,935,935,935,934,935,934,934,935,934,934,934,935,935,934,935,934,934,935,935,934,934,935,935,934,935,934,934, 0.392385, -0.034964999999999996, -1.7880467686668988, 
1712955726716204696, 523, 257, 24.529787063598633, 935, 935,935,935,936,935,935,936,2047,2047,2047,936,936,936,936,935,935,935,2047,2047,2047,936,936,936,935,935,935,935,935,2047,2047,935,935,935,935,935,935,935,935,935,2047,935,935,935,935,935,935,935,935,935,934,935,935,935,935,935,935,935,935,935,934,935,935,935,935,935,935,935,935,935,934,935,935,935,935,935,935,935,934,934,934,935,935,935,935,935,935,935,934,935,934,935,935,935,935,935,935,935,934,935,934, 0.3943275, -0.0330225, -1.8697571395164765, 
1712955726748534054, 522, 258, 24.233869552612305, 935, 936,936,936,936,936,935,935,935,934,2047,936,936,936,936,936,935,935,935,935,934,935,936,936,936,936,935,935,935,935,935,935,935,935,935,935,935,935,935,935,934,935,935,935,936,935,935,935,935,935,935,935,935,935,935,935,935,935,935,935,935,935,935,935,935,935,935,935,935,934,935,935,935,935,935,935,935,935,935,934,935,935,935,934,935,935,935,935,935,934,934,935,935,935,935,935,935,934,934,934,934, 0.392385, -0.034964999999999996, -1.8096347901892074, 
1712955726785349340, 522, 259, 24.208913803100586, 935, 935,936,935,936,935,935,935,936,936,2047,935,935,935,935,935,935,935,935,935,935,935,935,935,935,935,935,935,935,935,935,935,935,935,935,935,935,935,935,935,935,935,935,935,935,935,935,935,935,935,935,935,935,935,935,935,935,935,935,935,934,935,935,935,935,935,935,934,935,935,934,934,935,934,934,935,935,934,935,934,934,935,935,934,934,934,935,934,934,934,934,935,934,934,934,934,934,934,934,934,934, 0.392385, -0.036907499999999996, -1.8015007100010993, 
1712955726820371152, 523, 257, 24.386585235595703, 935, 935,935,936,936,935,935,935,935,2047,2047,936,936,936,936,935,935,935,935,2047,2047,936,936,936,936,935,935,935,935,935,2047,935,935,936,935,935,935,935,935,935,934,935,935,935,935,935,935,935,935,935,934,935,935,936,935,935,935,935,935,935,935,935,935,935,935,935,935,935,935,935,935,935,935,935,935,935,935,935,935,935,934,935,935,935,935,935,935,935,934,934,934,935,935,935,935,935,935,935,934,934,934, 0.3943275, -0.0330225, -2.019422403554819, 
1712955726850322446, 522, 258, 24.253965377807617, 935, 936,936,936,936,936,935,935,935,935,2047,936,936,936,936,936,935,935,935,935,935,935,936,936,936,936,935,935,935,935,935,935,936,935,936,935,935,935,935,935,935,935,936,935,936,935,935,935,935,935,935,935,935,935,935,935,935,935,935,935,934,935,935,935,935,935,935,935,935,934,934,935,935,935,935,935,935,935,935,934,934,935,935,935,935,935,935,935,935,934,935,935,935,935,935,935,935,934,934,934,934, 0.392385, -0.034964999999999996, -1.9280295356457449, 
1712955726882482689, 522, 257, 24.248125076293945, 935, 935,935,935,935,935,935,935,936,2047,2047,935,935,935,935,935,935,935,936,936,2047,935,935,935,935,935,935,935,936,936,2047,935,935,935,935,935,935,935,935,935,935,935,935,935,935,935,935,935,935,935,935,935,935,935,935,935,935,935,935,935,935,935,935,935,935,935,935,935,935,935,935,935,935,935,935,935,935,935,935,935,935,935,935,935,935,935,935,935,935,935,935,935,935,935,935,935,935,935,935,934,935, 0.392385, -0.0330225, -1.889485286638438, 
1712955726914731847, 522, 259, 24.38922691345215, 935, 935,936,935,935,935,935,935,935,935,935,935,935,935,935,935,935,935,935,935,934,935,935,935,935,935,935,935,935,935,935,935,935,935,935,935,935,935,935,935,935,935,935,935,935,935,935,935,935,935,934,935,935,935,935,935,935,935,935,934,934,935,935,935,935,935,935,934,934,934,934,935,935,935,935,935,935,934,935,934,934,935,935,935,935,935,935,934,934,934,934,935,935,935,935,935,935,934,934,934,934, 0.392385, -0.036907499999999996, -1.8644571345043754, 
1712955726953245648, 523, 258, 24.314077377319336, 935, 935,935,936,935,935,935,935,935,935,2047,935,935,935,935,935,935,935,935,935,935,935,935,935,935,935,935,935,935,935,934,935,935,935,935,935,935,935,935,935,934,935,935,935,935,935,935,935,935,935,934,935,935,935,935,935,935,935,935,935,934,935,935,935,935,935,935,935,934,935,934,935,934,934,935,935,934,934,934,934,934,934,934,934,934,935,934,935,934,935,934,935,934,934,935,935,934,935,934,935,934, 0.3943275, -0.034964999999999996, -1.8149487847857932, 
1712955726982773364, 523, 258, 24.17458152770996, 935, 936,936,936,936,935,935,935,2047,2047,2047,936,936,936,936,935,935,935,935,2047,2047,935,935,935,935,935,935,935,935,935,2047,935,935,935,935,935,935,935,935,935,934,935,935,935,935,935,935,935,935,935,934,935,935,935,935,935,935,935,935,935,934,935,935,935,935,935,935,935,934,934,934,935,935,935,935,935,934,935,934,934,934,935,935,935,935,935,934,935,934,935,934,935,935,935,935,935,934,934,934,934,933, 0.3943275, -0.034964999999999996, -1.9133880502750151, 
1712955727014782801, 522, 258, 24.382469177246094, 935, 936,936,936,936,936,935,935,935,935,2047,936,936,936,936,936,935,936,935,935,935,935,936,936,936,936,935,935,935,935,935,935,935,935,935,935,935,935,935,935,935,935,936,935,936,935,935,935,935,935,935,935,935,935,935,935,935,935,935,935,935,935,935,935,935,935,935,935,935,934,935,935,935,935,935,935,935,935,935,934,935,935,935,935,935,935,935,935,935,934,934,935,935,934,935,935,935,934,934,934,934, 0.392385, -0.034964999999999996, -1.8607831458793633, 
1712955727052142900, 522, 257, 24.2540340423584, 935, 935,935,935,935,936,935,935,935,934,2047,935,936,936,936,936,935,935,935,934,2047,935,935,935,936,935,935,935,935,935,2047,935,935,935,935,935,935,935,935,935,935,935,935,935,935,935,935,935,935,935,935,935,935,935,935,935,935,935,935,935,935,935,935,935,935,935,935,935,935,935,935,935,935,935,935,935,935,935,935,934,935,935,935,935,935,935,935,935,935,934,935,935,935,935,935,935,935,934,935,934,935, 0.392385, -0.0330225, -1.8572685900603978, 
1712955727082618967, 523, 258, 24.25407600402832, 935, 936,936,936,936,935,935,935,935,2047,2047,936,936,936,936,935,935,936,935,935,2047,935,935,936,935,935,935,935,935,935,2047,935,935,935,935,935,935,935,935,935,934,935,935,935,935,935,935,935,935,935,934,935,935,935,935,935,935,935,934,934,934,935,935,935,935,935,934,934,934,934,934,935,934,935,935,935,934,934,934,934,934,934,934,934,934,934,934,934,934,934,934,935,934,934,934,935,934,934,934,934,934, 0.3943275, -0.034964999999999996, -1.8051133763000629, 
1712955727114972345, 522, 258, 24.16394805908203, 935, 935,936,936,936,935,935,935,935,934,2047,935,936,935,936,935,935,935,935,935,2047,935,935,935,935,935,935,935,935,935,934,935,935,935,935,935,935,935,935,935,935,935,935,935,935,935,935,935,935,935,934,935,935,935,935,935,935,935,935,934,934,935,935,935,935,935,935,935,934,934,934,935,935,935,935,935,935,934,934,934,934,935,935,935,934,935,935,934,934,934,934,935,935,935,935,935,935,935,934,934,934, 0.392385, -0.034964999999999996, -1.8988375422536656, 
1712955727149092262, 522, 258, 24.21471405029297, 935, 935,935,935,935,935,935,935,935,935,934,935,935,935,935,935,935,935,935,935,935,935,935,935,935,935,935,935,935,935,935,935,935,935,935,935,935,935,935,935,935,935,935,935,935,935,935,935,935,935,935,935,935,935,935,935,935,935,935,934,934,935,935,935,935,935,935,935,935,934,934,935,935,934,934,934,935,934,935,934,934,935,935,934,934,934,935,934,935,934,934,935,935,934,934,934,935,934,934,934,934, 0.392385, -0.034964999999999996, -1.9504394331736232, 
1712955727182370367, 522, 259, 24.533279418945312, 935, 935,935,936,936,936,935,935,936,936,936,935,935,935,936,935,935,935,935,935,935,935,935,935,935,935,935,935,935,935,935,935,935,935,935,935,935,935,935,935,935,935,935,935,935,935,935,935,935,935,935,935,935,935,935,935,935,935,935,935,935,935,935,935,935,935,935,935,935,934,934,935,935,935,935,935,935,935,935,934,934,935,935,935,935,935,935,934,934,934,934,935,935,935,935,935,935,934,934,934,935, 0.392385, -0.036907499999999996, -1.7801610079021728, 
1712955727214838253, 522, 259, 24.529781341552734, 935, 935,936,936,936,935,935,935,935,935,934,935,935,935,935,935,935,935,935,935,934,935,935,935,935,935,935,935,935,935,935,935,935,935,935,935,935,935,935,935,935,935,935,935,935,935,935,935,935,935,935,935,935,935,935,935,935,935,934,934,934,935,935,935,935,935,935,935,934,934,934,935,935,935,935,935,935,935,934,934,934,935,935,935,935,935,935,935,934,934,934,935,935,935,935,934,935,934,934,934,934, 0.392385, -0.036907499999999996, -1.8130876521604775, 
1712955727250709536, 522, 258, 24.060462951660156, 935, 935,935,936,936,936,936,935,935,935,2047,935,935,936,936,936,935,935,935,935,935,935,935,935,935,935,935,935,935,935,935,935,935,935,935,935,935,935,935,935,935,935,935,935,935,935,935,935,935,935,935,935,935,935,935,935,935,935,935,935,935,935,935,935,935,935,935,935,935,935,935,935,935,935,935,935,935,935,935,935,935,935,935,934,935,935,935,934,935,935,935,935,935,934,934,935,935,934,934,934,934, 0.392385, -0.034964999999999996, -1.8472682408668277, 
1712955727282998380, 523, 258, 24.533227920532227, 935, 936,936,936,936,935,935,935,935,2047,2047,936,936,936,936,935,935,935,935,2047,2047,935,935,935,935,935,935,935,935,935,2047,935,935,935,935,935,935,935,935,935,934,935,935,936,935,935,935,935,935,935,935,935,935,935,935,935,935,935,935,935,935,935,935,935,935,935,935,935,935,935,934,935,935,935,935,935,935,935,935,935,934,935,935,935,935,935,935,935,935,935,934,935,935,935,935,935,935,935,935,935,934, 0.3943275, -0.034964999999999996, -1.7819075125082693, 
1712955727314707622, 522, 259, 24.167875289916992, 935, 935,936,935,936,935,935,935,935,935,2047,935,936,935,935,935,935,935,935,935,934,935,935,935,935,935,935,935,935,935,935,936,936,935,936,935,935,935,935,935,935,935,935,935,935,935,935,935,935,935,935,935,935,935,935,935,935,935,935,934,934,935,935,935,935,935,935,935,935,934,935,935,935,935,935,935,935,935,935,934,935,936,935,935,935,935,935,934,935,934,934,936,935,935,935,935,935,934,934,934,935, 0.392385, -0.036907499999999996, -1.8421551120804789, 
1712955727348981836, 522, 258, 24.42344856262207, 935, 935,935,935,935,935,935,935,934,934,2047,935,935,935,935,935,935,935,935,934,934,935,935,935,935,935,935,935,935,935,934,935,935,935,935,935,935,935,935,935,934,935,935,935,935,935,935,935,935,935,934,935,935,935,935,935,935,935,935,935,934,935,935,935,935,935,935,935,935,935,934,935,935,935,935,935,935,935,935,935,935,935,935,934,935,935,935,935,935,935,935,935,935,934,935,935,935,935,935,935,934, 0.392385, -0.034964999999999996, -1.8572954726829949, 
1712955727385131744, 522, 259, 24.61454200744629, 935, 935,936,936,936,936,935,935,935,935,934,935,936,935,936,935,935,935,935,935,934,935,935,935,935,935,935,935,935,934,934,935,935,935,935,935,935,935,935,934,934,935,935,935,935,935,935,935,935,934,934,935,935,935,935,935,935,934,934,934,934,935,935,935,935,935,935,934,934,934,934,935,935,935,935,935,935,934,934,934,934,935,935,935,935,935,935,934,934,934,934,936,935,935,935,935,935,934,934,934,934, 0.392385, -0.036907499999999996, -1.8497336096110644, 
1712955727420811684, 522, 259, 24.386266708374023, 935, 936,936,936,936,936,935,935,935,935,935,935,936,935,935,936,935,935,935,935,935,935,935,935,935,935,935,935,935,935,935,935,935,935,935,935,935,935,935,935,935,935,935,935,935,935,935,935,935,935,934,935,935,935,935,935,935,935,935,934,934,935,935,935,935,935,935,934,935,934,934,935,935,935,935,935,935,935,935,934,934,935,935,934,934,935,935,934,934,934,934,935,935,934,934,934,935,934,934,934,934, 0.392385, -0.036907499999999996, -1.8007557246548225, 
1712955727449882065, 522, 258, 24.27457046508789, 935, 935,935,935,935,935,935,935,935,934,2047,935,935,935,935,935,935,935,935,935,934,935,935,935,935,935,935,935,935,935,934,935,935,935,935,935,935,935,935,935,935,935,935,935,935,935,935,935,935,935,934,935,935,935,935,935,935,935,935,934,934,935,935,935,935,935,935,935,935,934,934,935,935,935,935,935,935,934,934,934,934,935,935,934,935,935,935,934,935,934,935,935,935,934,935,935,935,934,934,934,934, 0.392385, -0.034964999999999996, -1.8203808369850838, 
1712955727482629873, 522, 259, 24.533279418945312, 935, 935,936,936,936,935,935,935,935,935,2047,935,935,935,936,935,935,935,935,935,935,935,935,935,935,935,935,935,935,935,935,935,935,935,935,935,935,935,935,935,934,935,935,935,935,935,935,935,935,934,934,935,935,935,935,935,935,935,935,934,934,935,935,935,935,935,935,934,934,934,934,935,934,934,934,934,935,934,934,934,934,935,934,934,934,935,935,934,934,934,934,935,934,934,934,934,935,934,934,934,935, 0.392385, -0.036907499999999996, -1.7949707586229078, 
1712955727517016264, 522, 258, 24.42344856262207, 935, 936,936,936,936,936,935,935,935,936,2047,936,936,936,936,936,935,935,935,936,936,935,936,936,936,935,935,935,935,935,935,935,935,935,935,935,935,935,935,935,935,935,936,935,935,935,935,935,935,935,935,935,935,935,935,935,935,935,935,934,935,935,935,935,935,935,935,935,934,934,934,935,935,935,935,935,935,934,934,934,934,935,934,934,934,935,935,934,934,934,934,935,935,935,935,935,935,934,934,934,934, 0.392385, -0.034964999999999996, -1.9199744535847199, 
1712955727548635710, 522, 259, 24.38656234741211, 935, 935,935,935,935,935,935,935,935,935,2047,935,935,935,935,935,935,935,935,935,935,935,935,935,935,935,935,935,935,935,935,935,935,935,935,935,935,935,935,935,934,935,935,935,935,935,935,935,935,934,934,935,935,935,935,935,935,934,935,934,934,935,934,934,934,935,935,934,934,934,934,934,934,934,934,934,935,934,934,934,934,934,934,934,934,934,934,934,934,934,934,934,934,934,933,934,934,934,934,933,934, 0.392385, -0.036907499999999996, -1.8155896405469967, 
1712955727583985462, 522, 259, 24.37864875793457, 935, 935,936,936,936,935,935,935,935,934,934,935,935,935,935,935,935,935,935,935,934,935,935,935,935,935,935,935,935,935,934,935,935,935,935,935,935,935,935,935,934,935,935,935,935,935,935,935,935,934,934,935,935,935,935,935,935,935,934,934,934,935,935,935,935,935,935,934,934,934,934,935,935,934,934,934,935,934,935,934,935,935,935,935,935,935,935,935,935,934,935,935,935,935,935,935,935,935,935,934,935, 0.392385, -0.036907499999999996, -1.8633645938461998, 
1712955727616568436, 523, 258, 24.209964752197266, 935, 936,936,936,936,935,935,935,2047,2047,2047,936,936,936,936,935,935,936,935,2047,2047,935,935,936,935,935,935,935,935,935,2047,935,935,935,935,935,935,935,935,935,934,935,935,935,935,935,935,935,935,935,934,935,935,935,935,935,935,935,935,935,934,935,935,935,935,935,935,935,934,934,934,935,935,935,935,935,934,935,934,934,934,935,935,934,935,935,934,934,934,934,934,935,934,934,934,934,934,934,934,934,934, 0.3943275, -0.034964999999999996, -2.0438719812948696, 
1712955727649737749, 522, 258, 24.382469177246094, 935, 935,936,936,936,936,935,935,935,935,2047,935,936,936,936,935,935,935,935,935,935,935,935,935,935,935,935,935,935,935,935,935,935,935,935,935,935,935,935,935,935,935,935,935,935,935,935,935,935,935,935,935,935,935,935,935,935,935,935,935,935,935,935,935,935,935,935,935,935,934,934,935,935,934,935,935,935,934,934,934,934,934,934,934,934,934,935,934,934,934,934,935,934,934,934,935,935,934,934,934,934, 0.392385, -0.034964999999999996, -1.9565811350993976, 
1712955727682754886, 522, 259, 24.622243881225586, 935, 935,936,936,936,936,935,935,935,935,934,935,936,935,936,935,935,935,935,935,934,935,935,935,935,935,935,935,935,935,935,936,936,935,935,935,935,935,935,935,935,935,935,935,935,935,935,935,935,934,934,935,935,935,935,935,935,935,935,934,934,935,935,935,935,935,935,935,935,934,934,935,935,935,935,935,935,935,935,934,934,935,935,934,934,935,935,934,934,934,934,935,934,934,934,934,934,934,934,933,933, 0.392385, -0.036907499999999996, -1.8874341851368763, 
1712955727714805751, 523, 258, 24.12433624267578, 935, 936,936,936,936,935,935,935,2047,2047,2047,936,935,936,936,935,935,935,935,2047,2047,935,935,935,935,935,935,935,935,935,2047,935,935,935,935,935,935,935,935,935,934,935,935,935,935,935,935,935,935,935,934,935,935,935,935,935,935,935,935,935,934,935,935,935,935,935,935,935,934,934,934,935,935,935,935,935,934,935,934,934,934,934,934,934,934,935,934,935,934,934,934,934,934,934,934,935,934,935,934,934,934, 0.3943275, -0.034964999999999996, -1.8356881349867236, 
1712955727749121826, 522, 258, 24.622243881225586, 935, 935,936,936,936,936,935,935,935,935,935,935,936,936,936,936,935,935,935,935,935,935,935,935,935,935,935,935,935,935,934,935,935,935,935,935,935,935,935,935,935,935,935,935,935,935,935,935,935,935,935,935,935,935,935,935,935,935,935,934,934,935,935,935,935,935,935,934,934,934,934,935,935,935,935,935,935,934,934,934,934,935,935,934,934,934,935,934,934,934,934,935,934,934,934,934,935,934,934,934,934, 0.392385, -0.034964999999999996, -1.8318053403765815, 
1712955727782810686, 522, 259, 24.520959854125977, 935, 935,936,936,936,936,935,935,935,935,935,935,936,936,936,935,935,935,935,935,934,935,935,935,935,935,935,935,935,935,935,935,935,935,935,935,935,935,935,935,934,935,935,935,935,935,935,935,935,934,934,935,935,935,935,935,935,935,935,934,934,935,935,935,935,935,935,935,935,934,934,935,935,935,935,935,935,934,935,934,934,935,935,934,934,934,935,934,934,934,934,935,935,934,934,934,934,934,934,934,934, 0.392385, -0.036907499999999996, -1.7940871658368232, 
1712955727822082087, 522, 258, 24.094078063964844, 935, 935,936,936,936,936,935,935,935,935,935,936,936,936,936,936,935,935,935,935,935,935,936,935,935,935,935,935,935,935,935,935,935,935,935,935,935,935,935,935,935,935,935,935,935,935,935,935,935,935,935,935,935,935,935,935,935,935,935,935,934,935,935,935,935,935,935,935,935,934,934,935,935,935,935,935,935,934,935,934,934,935,935,934,934,934,935,934,935,934,934,935,935,934,935,935,935,934,935,934,934, 0.392385, -0.034964999999999996, -1.8214941772560782, 
1712955727850492608, 522, 258, 24.42344856262207, 935, 935,935,936,936,936,935,935,935,935,2047,935,935,936,936,935,935,935,935,935,935,935,935,935,935,935,935,935,935,935,935,935,935,935,935,935,935,935,935,935,935,935,935,935,935,935,935,935,935,935,935,935,935,935,935,935,935,935,935,935,935,935,935,935,935,935,935,935,935,935,935,935,935,935,935,935,935,935,935,934,935,935,935,935,935,935,935,935,935,934,935,935,935,935,935,935,935,935,935,934,935, 0.392385, -0.034964999999999996, -1.8442376260692863, 
1712955727882792133, 523, 258, 24.17458152770996, 935, 936,935,936,936,935,935,935,935,934,2047,936,936,936,936,935,935,935,935,935,2047,935,935,936,935,935,935,935,935,935,934,935,935,935,935,935,935,935,935,935,934,935,935,935,935,935,935,935,935,934,934,935,935,935,935,935,935,935,935,934,934,935,935,935,935,935,935,935,934,934,934,935,935,935,935,935,934,935,934,934,934,935,935,935,935,935,934,935,934,934,934,935,935,935,935,935,935,935,934,934,934, 0.3943275, -0.034964999999999996, -1.937193668739271, 
1712955727914678255, 522, 258, 24.44289779663086, 935, 935,936,936,936,936,935,935,935,935,2047,935,935,936,936,936,935,935,935,935,935,935,935,935,936,936,935,935,935,935,935,935,935,935,936,936,935,935,935,935,935,935,935,935,936,936,935,935,935,935,935,935,935,935,935,935,935,935,935,935,935,935,935,935,935,935,935,935,935,935,934,935,935,935,935,935,935,935,935,934,935,935,935,935,935,935,935,935,935,934,935,935,935,935,935,935,935,935,935,934,934, 0.392385, -0.034964999999999996, -1.839567751719248, 
1712955727948890350, 522, 258, 24.203441619873047, 935, 935,936,936,936,936,935,935,935,935,935,935,935,936,936,936,935,935,935,935,935,935,935,935,935,935,935,935,935,935,934,935,935,935,935,935,935,935,935,935,935,935,935,935,935,935,935,935,935,935,934,935,935,935,935,935,935,935,935,934,934,935,935,935,935,935,935,935,935,934,934,935,935,935,935,935,935,934,935,934,934,935,935,934,935,935,935,934,935,934,934,935,935,935,935,935,935,934,935,934,934, 0.392385, -0.034964999999999996, -1.966686259823338, 
1712955727982877372, 522, 259, 24.622243881225586, 935, 935,935,935,935,935,935,935,935,935,934,935,935,935,935,935,935,935,935,935,934,935,935,935,935,935,935,935,935,935,934,935,935,935,935,935,935,935,935,935,934,935,935,935,935,935,935,935,935,934,934,935,935,935,935,935,935,935,935,934,934,935,935,935,935,935,935,934,935,934,934,935,935,935,935,935,935,934,935,934,935,935,935,935,935,935,935,934,935,934,935,935,935,934,934,934,935,934,934,934,934, 0.392385, -0.036907499999999996, -1.8215353729659938, 
1712955728014786600, 523, 258, 24.533227920532227, 935, 936,936,936,936,935,935,936,935,2047,2047,936,936,936,936,935,935,936,935,936,2047,935,935,935,935,935,935,935,935,935,935,935,935,935,935,935,935,935,935,935,935,935,935,935,935,935,935,935,935,935,935,935,935,935,935,935,935,935,935,935,934,935,935,935,935,935,935,935,934,934,934,935,935,935,935,935,934,935,934,934,934,935,934,934,934,935,934,935,934,934,934,935,934,934,934,935,934,934,934,934,934, 0.3943275, -0.034964999999999996, -1.8762040576806938, 
1712955728048769619, 522, 259, 24.69827651977539, 935, 935,936,936,936,936,935,935,936,936,936,935,936,936,936,935,935,935,935,935,935,935,935,935,935,935,935,935,935,935,935,935,935,935,935,935,935,935,935,935,935,935,935,935,935,935,935,935,935,935,935,935,935,935,935,935,935,935,935,935,935,935,935,935,935,935,935,934,935,934,934,935,935,935,935,935,935,934,935,934,934,935,935,935,935,935,935,934,934,934,934,935,935,934,934,934,935,934,934,934,934, 0.392385, -0.036907499999999996, -1.922696987491224, 
1712955728085027089, 522, 259, 24.16722869873047, 935, 935,936,935,935,935,935,935,935,935,934,935,935,935,935,935,935,935,935,935,934,935,935,935,935,935,935,935,935,935,934,935,935,935,935,935,935,935,935,935,935,935,935,935,935,935,935,935,935,935,935,935,935,935,935,935,935,935,935,934,934,935,935,935,935,935,935,934,935,934,934,935,935,934,934,935,935,934,935,934,934,935,935,935,935,935,935,934,934,934,934,936,935,935,935,935,935,934,934,934,934, 0.392385, -0.036907499999999996, -1.9505651679878522, 
1712955728116021258, 522, 257, 24.38822364807129, 935, 935,935,935,936,935,935,935,935,935,2047,935,936,936,936,936,935,935,935,934,2047,935,936,936,936,935,935,935,935,935,934,935,935,935,935,935,935,935,935,935,934,935,935,935,935,935,935,935,935,935,934,935,935,935,935,935,935,935,935,935,934,935,935,935,935,935,935,935,935,934,934,935,935,935,935,935,935,935,934,934,934,935,935,935,935,935,935,934,934,934,934,935,935,934,934,934,935,934,935,934,934, 0.392385, -0.0330225, -1.8398042782030337, 
1712955728148933553, 522, 259, 24.190441131591797, 935, 935,935,935,936,936,935,935,935,935,2047,935,935,935,935,936,935,935,935,935,935,935,935,935,935,935,935,935,935,935,935,935,935,935,935,935,935,935,935,935,935,935,935,935,935,935,935,935,935,935,935,935,935,935,935,935,935,935,935,934,935,935,935,935,935,935,935,935,935,934,934,935,935,935,935,935,935,935,935,934,935,935,935,935,935,935,935,934,934,934,934,935,934,934,934,934,934,934,934,934,934, 0.392385, -0.036907499999999996, -1.8321212589619105, 
1712955728185041528, 522, 259, 24.533279418945312, 935, 935,935,935,936,935,935,935,935,934,934,935,935,935,936,935,935,935,935,934,934,935,935,935,935,935,935,935,935,934,934,935,935,935,935,935,935,935,935,935,934,935,935,935,935,935,935,935,935,934,934,935,935,935,935,935,935,934,935,934,934,935,935,935,935,935,935,934,934,934,934,935,935,935,935,935,935,934,935,934,934,936,935,935,935,935,935,934,934,934,934,936,935,935,935,935,935,934,934,934,934, 0.392385, -0.036907499999999996, -1.8177712602173626, 
1712955728216086129, 522, 259, 24.351810455322266, 935, 935,936,936,936,936,935,935,936,935,2047,935,935,935,935,935,935,935,935,935,935,935,935,935,935,935,935,935,935,935,935,935,935,935,935,935,935,935,935,935,935,935,935,935,935,935,935,935,935,935,935,935,935,935,935,935,935,935,935,935,935,935,935,935,935,935,935,935,935,935,935,935,935,935,935,935,935,935,935,934,935,935,935,935,935,935,935,934,935,934,934,935,935,934,934,934,935,934,934,934,934, 0.392385, -0.036907499999999996, -2.0073219807969416, 
1712955728253770771, 522, 258, 24.203441619873047, 935, 936,936,936,936,936,935,935,936,935,2047,935,936,936,936,935,935,935,935,935,935,935,936,935,935,935,935,935,935,935,934,935,935,935,935,935,935,935,935,935,935,935,935,935,935,935,935,935,935,934,934,935,935,935,935,935,935,935,935,934,934,935,935,935,935,935,935,935,935,934,934,935,935,935,935,935,935,934,935,934,934,935,935,934,934,935,935,934,934,934,934,935,935,934,935,935,935,934,934,934,934, 0.392385, -0.034964999999999996, -1.8368627212674946, 
1712955728282673993, 523, 258, 24.209964752197266, 935, 936,936,936,936,935,935,935,934,2047,2047,936,936,936,935,935,935,935,935,934,2047,936,936,935,935,935,935,935,935,934,2047,935,935,935,935,935,935,935,935,934,934,935,935,936,935,935,935,935,935,934,934,935,935,935,935,935,935,935,934,934,934,935,935,935,935,935,935,935,934,934,934,935,935,935,935,935,934,934,934,934,934,935,935,935,935,935,934,934,934,934,934,935,935,935,935,935,934,934,934,934,934, 0.3943275, -0.034964999999999996, -1.7920742810346157, 
1712955728316065778, 522, 258, 24.253965377807617, 935, 935,936,936,936,936,935,935,935,935,2047,935,935,936,936,935,935,935,935,935,935,935,935,935,935,935,935,935,935,935,935,935,935,935,935,935,935,935,935,935,935,935,935,935,935,935,935,935,935,935,935,935,935,935,935,935,935,935,935,935,935,935,935,935,935,935,935,935,935,934,934,935,935,935,935,935,935,935,935,934,935,935,935,934,935,935,935,935,935,934,935,935,935,935,935,935,935,934,935,934,935, 0.392385, -0.034964999999999996, -1.8463100151743599, 
1712955728352229521, 522, 258, 24.060462951660156, 935, 935,935,935,935,936,935,935,935,935,935,935,935,935,935,935,935,935,935,935,935,935,935,935,935,935,935,935,935,935,935,935,935,935,935,935,935,935,935,935,935,935,935,935,935,935,935,935,935,935,935,935,935,935,935,935,935,935,935,934,934,935,935,935,935,935,935,935,935,934,935,935,935,935,935,935,935,934,935,934,935,935,934,934,935,935,935,934,935,934,935,935,935,935,935,935,935,934,934,934,934, 0.392385, -0.034964999999999996, -1.9472816902033794, 
1712955728383492939, 523, 258, 24.38823699951172, 935, 936,935,936,935,935,935,935,935,934,2047,935,935,935,935,935,935,935,935,935,2047,935,935,935,935,935,935,935,935,935,935,935,935,935,935,935,935,935,935,935,935,935,935,935,935,935,935,935,935,935,935,935,935,935,935,935,935,935,935,935,935,935,935,935,935,935,935,935,935,935,935,935,935,935,935,935,935,935,935,935,934,935,934,935,935,935,935,935,935,934,934,935,934,935,935,935,934,934,934,934,933, 0.3943275, -0.034964999999999996, -1.8779930107141058, 
1712955728421125702, 523, 257, 24.521175384521484, 935, 935,935,935,935,935,935,935,935,2047,2047,935,936,936,935,935,935,935,935,2047,2047,935,936,936,935,935,935,935,935,935,934,935,935,935,935,935,935,935,935,935,934,935,935,935,935,935,935,935,935,935,934,935,935,935,935,935,935,935,935,935,934,935,935,935,935,935,935,935,935,934,934,935,935,935,935,935,935,935,934,934,934,935,935,935,935,935,935,935,934,934,934,935,935,935,935,935,935,935,934,935,934, 0.3943275, -0.0330225, -1.8884560396539647, 
1712955728450621560, 523, 258, 24.38823699951172, 935, 936,936,936,936,935,935,935,935,2047,2047,936,936,936,936,935,935,935,935,2047,2047,935,935,936,936,935,935,935,935,935,2047,935,935,935,935,935,935,935,935,935,934,935,935,935,935,935,935,935,935,935,934,935,935,935,935,935,935,935,935,935,934,935,935,935,935,935,935,935,935,935,934,935,935,935,935,935,935,935,935,935,934,935,934,935,935,935,935,935,935,935,934,935,934,934,935,935,934,935,934,934,934, 0.3943275, -0.034964999999999996, -1.7948923395198793, 
1712955728482666314, 522, 259, 24.191795349121094, 935, 935,936,936,936,935,935,935,935,935,935,935,936,936,936,935,935,935,935,935,935,935,935,935,935,935,935,935,935,935,935,935,935,935,935,935,935,935,935,935,935,935,935,935,935,935,935,935,935,935,935,935,935,935,935,935,935,935,935,934,935,935,935,935,935,935,935,934,934,934,935,935,935,934,935,935,935,934,935,934,934,935,935,935,935,935,935,934,934,934,934,935,935,934,935,935,935,934,934,934,934, 0.392385, -0.036907499999999996, -1.9160737135330157, 
1712955728519327749, 522, 258, 24.42344856262207, 935, 935,935,935,936,936,935,935,936,935,2047,935,935,935,935,936,935,936,936,936,936,935,935,935,936,935,935,935,936,935,936,935,935,935,935,935,935,935,936,935,936,935,935,935,935,935,935,935,935,935,935,935,935,935,935,935,935,935,935,935,935,935,935,935,935,935,935,935,935,935,935,935,935,935,935,935,935,935,935,935,935,935,935,935,935,935,935,935,935,934,935,935,935,935,935,935,935,934,934,934,934, 0.392385, -0.034964999999999996, -1.8857711861334707, 
1712955728550347325, 523, 258, 24.44933319091797, 935, 936,936,936,935,935,935,935,935,935,2047,935,935,936,935,935,935,935,935,935,935,935,935,935,935,935,935,935,935,935,935,935,935,935,935,935,935,935,935,935,935,935,935,935,935,935,935,935,935,935,934,935,935,935,935,935,935,935,934,934,934,935,935,935,935,935,935,935,934,934,934,935,935,935,935,935,935,935,934,934,934,935,935,935,935,935,935,935,934,934,934,935,935,935,935,935,934,935,934,934,934, 0.3943275, -0.034964999999999996, -1.7982983722830665, 
1712955728582702148, 522, 258, 24.233869552612305, 935, 935,935,935,935,935,935,935,935,935,2047,935,935,935,935,935,935,935,935,935,2047,935,935,935,935,935,935,935,935,935,935,935,935,935,935,935,935,935,935,935,935,935,935,935,935,935,935,935,935,935,935,935,935,935,935,935,935,935,935,935,934,935,935,935,935,935,935,935,935,935,934,935,935,935,935,935,935,934,935,934,934,935,935,935,934,935,935,934,935,934,934,935,935,935,935,935,935,934,935,934,934, 0.392385, -0.034964999999999996, -1.8360150263375656, 
1712955728615964783, 522, 259, 24.31316375732422, 935, 935,936,936,936,935,935,935,935,935,935,935,935,935,936,935,935,935,935,935,934,935,935,935,935,935,935,935,935,935,935,935,935,935,935,935,935,935,935,935,935,935,935,935,935,935,935,935,935,935,935,935,935,935,935,935,935,935,935,934,934,935,935,935,935,935,935,934,935,934,934,935,935,935,935,935,935,934,935,934,934,935,935,935,935,935,935,935,935,934,934,935,935,935,935,935,935,934,934,934,934, 0.392385, -0.036907499999999996, -1.8248507755725936, 
1712955728648905369, 523, 258, 24.25407600402832, 935, 936,935,935,935,935,935,935,935,2047,2047,936,935,935,935,935,935,935,935,935,2047,935,935,935,935,935,935,935,935,935,2047,935,935,935,935,935,935,935,935,935,934,935,935,935,935,935,935,935,935,935,934,935,935,935,935,935,935,935,935,935,934,935,935,935,935,935,935,935,935,935,934,935,935,935,935,935,935,934,934,934,934,935,935,935,935,935,935,935,934,934,934,935,935,935,935,935,935,935,934,934,934, 0.3943275, -0.034964999999999996, -1.9490483168947637, 
1712955728682677859, 523, 257, 24.35376739501953, 935, 935,935,935,935,935,935,935,2047,2047,2047,936,936,936,936,935,935,935,935,2047,2047,936,936,936,935,935,935,935,935,935,2047,935,935,935,935,935,935,935,935,935,934,935,935,935,935,935,935,935,935,935,934,935,935,935,935,935,935,935,935,935,934,935,935,935,935,935,935,935,935,935,934,935,935,935,935,935,935,935,935,935,934,935,935,935,935,935,935,935,935,935,934,935,935,935,935,935,934,935,934,934,934, 0.3943275, -0.0330225, -1.8690392237388063, 
1712955728716502360, 523, 257, 24.19919204711914, 935, 935,935,935,935,935,935,935,935,934,2047,936,936,936,935,935,935,935,934,2047,2047,936,936,936,935,935,935,935,935,935,2047,936,935,935,935,935,935,935,935,934,2047,935,935,935,935,935,935,935,935,934,934,935,935,935,935,935,935,935,935,934,934,935,935,935,935,935,935,935,934,934,934,935,935,935,935,935,934,935,934,934,934,935,935,935,935,935,934,935,934,934,934,935,934,934,934,935,934,935,934,934,934, 0.3943275, -0.0330225, -1.8637748435060213, 
1712955728749922420, 523, 258, 24.32122230529785, 935, 936,936,936,936,935,935,935,935,2047,2047,935,936,936,936,935,935,935,935,935,2047,935,935,935,935,935,935,935,935,935,2047,935,935,935,935,935,935,935,935,935,934,935,935,935,935,935,935,935,935,935,934,935,935,935,935,935,935,935,935,935,934,935,935,935,935,935,935,935,934,934,934,935,935,935,935,935,934,935,934,934,934,935,934,935,935,935,934,935,934,935,934,935,935,935,935,935,934,934,934,934,934, 0.3943275, -0.034964999999999996, -1.8146844171537624, 
1712955728783017184, 522, 258, 24.42344856262207, 935, 935,936,936,936,935,935,935,935,935,2047,935,936,936,936,935,935,935,935,935,935,935,936,935,935,935,935,935,935,935,935,935,935,935,935,935,935,935,935,935,935,935,935,935,935,935,935,935,935,935,935,935,935,935,935,935,935,935,935,935,934,935,935,935,935,935,935,934,934,934,934,935,935,935,935,935,935,934,934,934,934,935,935,935,935,935,935,934,935,934,934,935,935,935,935,935,935,934,934,934,934, 0.392385, -0.034964999999999996, -1.818476244852948, 
1712955728816006838, 522, 258, 24.060462951660156, 935, 935,936,936,935,935,935,935,935,934,2047,935,936,935,935,935,935,935,935,935,935,935,935,935,935,935,935,935,935,935,934,935,935,935,935,935,935,935,935,935,935,935,935,935,935,935,935,935,935,935,934,935,935,935,935,935,935,935,935,935,935,935,935,935,935,935,935,935,935,935,935,935,935,935,935,935,935,934,935,934,935,935,935,935,935,935,935,934,935,934,935,935,935,935,935,935,935,934,935,934,934, 0.392385, -0.034964999999999996, -1.8674969577041736, 
1712955728853293817, 522, 258, 24.27457046508789, 935, 935,936,936,936,936,935,935,935,935,2047,935,936,936,936,935,935,935,935,935,934,935,935,935,935,935,935,935,935,935,934,935,935,935,935,935,935,935,935,935,934,935,935,935,935,935,935,935,935,935,934,935,935,935,935,935,935,935,935,934,934,935,935,935,935,935,935,935,935,934,934,935,935,935,935,935,935,934,934,934,934,935,935,935,935,935,935,934,934,934,934,935,935,935,935,935,935,934,934,934,934, 0.392385, -0.034964999999999996, -1.8789060237335578, 
1712955728884449565, 522, 258, 24.6299991607666, 935, 935,935,936,936,935,935,935,935,2047,2047,935,935,936,936,935,935,935,935,935,2047,935,935,935,935,935,935,935,935,935,934,935,935,935,935,935,935,935,935,935,934,935,935,935,935,935,935,935,935,935,934,935,935,935,935,935,935,935,935,934,934,935,935,935,935,935,935,935,935,934,934,935,935,935,935,935,935,934,935,934,934,935,935,934,934,934,935,934,935,934,935,935,935,934,934,934,935,934,934,934,934, 0.392385, -0.034964999999999996, -1.9414186509486264, 
1712955728915939130, 522, 258, 24.4183292388916, 935, 936,936,936,936,936,935,935,935,934,2047,936,936,936,936,935,935,935,935,935,935,935,936,936,936,935,935,935,935,935,935,935,935,935,936,935,935,935,935,935,935,935,936,935,936,935,935,935,935,935,935,935,935,935,935,935,935,935,935,935,935,935,935,935,935,935,935,935,935,935,935,935,935,935,935,935,935,934,935,934,935,935,935,934,935,935,935,934,935,934,935,936,935,935,935,935,935,934,935,934,935, 0.392385, -0.034964999999999996, -1.977097221918925, 
1712955728949981406, 522, 260, 24.520498275756836, 935, 935,936,935,936,935,935,935,935,935,935,935,935,935,935,935,935,935,935,935,935,935,935,935,935,935,935,935,935,935,935,935,935,935,935,935,935,935,935,934,934,935,935,935,935,935,935,935,935,934,934,935,935,935,935,935,935,934,934,934,934,935,935,935,935,935,935,935,935,934,934,935,935,935,935,935,935,934,934,934,934,936,935,935,935,935,935,934,934,934,934,936,936,935,935,934,935,934,933,933,933, 0.392385, -0.038849999999999996, -1.7846700600118075, 
1712955728982823146, 522, 258, 24.446075439453125, 935, 935,935,935,935,935,935,935,935,934,2047,935,935,935,935,935,935,935,935,935,934,935,935,935,935,935,935,935,935,935,934,935,935,935,935,935,935,935,935,935,934,935,935,935,935,935,935,935,935,935,934,935,935,935,935,935,935,935,935,934,934,935,935,935,935,935,935,935,934,934,934,935,935,934,935,935,935,934,934,934,934,935,935,934,935,935,935,934,934,934,934,935,935,935,935,935,935,934,934,934,934, 0.392385, -0.034964999999999996, -1.8622109021265245, 
1712955729024093022, 522, 258, 24.622243881225586, 935, 935,936,936,936,935,935,935,935,934,933,935,935,936,936,935,935,935,935,935,935,935,935,935,935,935,935,935,935,935,935,935,935,935,935,935,935,935,935,935,935,935,935,935,935,935,935,935,935,935,935,935,935,935,935,935,935,935,935,935,935,935,935,935,935,935,935,935,935,935,935,935,935,935,935,935,935,935,935,935,935,935,935,935,935,935,935,935,935,935,935,935,935,935,935,935,935,934,934,934,934, 0.392385, -0.034964999999999996, -2.0034726977608885, 
1712955729050785262, 522, 259, 24.429906845092773, 935, 935,935,935,935,935,935,935,935,935,935,935,935,935,935,935,935,935,935,935,935,935,935,935,935,935,935,935,935,935,935,935,935,935,935,935,935,935,935,935,934,935,935,935,935,935,935,935,935,934,934,935,935,935,935,935,935,935,935,934,935,935,935,935,935,935,935,934,935,934,935,935,934,934,934,935,935,934,935,934,935,935,935,934,935,935,935,934,935,934,935,935,935,935,935,935,935,934,935,934,935, 0.392385, -0.036907499999999996, -1.8289982134076896, 
1712955729085174779, 522, 258, 24.520498275756836, 935, 935,935,935,935,935,935,935,935,935,2047,935,935,935,935,935,935,935,936,935,936,935,935,935,935,935,935,935,935,935,935,935,935,935,935,935,935,935,935,935,935,935,935,935,935,935,935,935,935,935,935,935,935,935,935,935,935,935,935,935,935,935,935,935,935,935,935,935,935,935,935,935,934,934,934,934,935,934,935,934,935,934,934,934,934,934,934,934,934,934,934,934,934,934,934,934,934,934,934,934,934, 0.392385, -0.034964999999999996, -1.978612785786584, 
1712955729116530611, 523, 258, 24.23440170288086, 935, 936,936,936,935,935,935,935,936,2047,2047,936,936,936,935,935,935,935,935,936,2047,935,935,935,935,935,935,935,935,936,935,935,935,935,935,935,935,935,935,935,935,935,935,935,935,935,935,935,935,935,934,935,935,935,935,935,935,935,935,935,934,935,935,935,935,935,935,935,934,934,934,935,935,935,935,935,934,934,934,934,934,935,935,935,935,935,934,935,934,934,934,935,935,935,935,935,935,935,934,934,934, 0.3943275, -0.034964999999999996, -2.1407948204271037, 
1712955729154254119, 522, 258, 24.27457046508789, 935, 935,936,936,936,936,935,935,935,934,934,935,936,935,936,935,935,935,935,935,934,935,935,935,935,935,935,935,935,935,934,935,935,935,935,935,935,935,935,935,934,935,935,935,935,935,935,935,935,935,934,935,935,935,935,935,935,935,935,935,935,935,935,935,935,935,935,935,935,935,935,935,935,935,935,935,935,934,935,934,935,935,935,934,935,935,935,934,935,935,935,935,935,935,935,935,935,935,935,935,935, 0.392385, -0.034964999999999996, -1.864487972471971, 
1712955729184088487, 523, 259, 24.393821716308594, 935, 935,935,935,935,935,935,935,935,934,2047,935,935,935,935,935,935,935,935,934,934,935,935,935,935,935,935,935,935,935,934,935,935,935,935,935,935,935,935,935,934,935,935,935,935,935,935,935,935,935,934,935,935,935,935,935,935,935,935,935,934,935,935,935,935,935,935,935,934,935,934,935,935,935,935,935,935,935,934,934,934,935,935,935,935,935,935,934,934,934,934,935,935,935,935,935,935,934,934,934,933, 0.3943275, -0.036907499999999996, -1.9448555447101539, 
1712955729215914396, 522, 259, 24.38656234741211, 935, 935,936,936,936,935,935,935,935,935,935,935,935,935,936,935,935,935,935,935,935,935,935,935,936,935,935,935,935,935,935,935,935,935,936,935,935,935,935,935,935,935,935,935,935,935,935,935,935,935,935,935,935,935,935,935,935,935,935,935,935,935,935,935,935,935,935,935,935,934,934,935,935,935,935,935,935,935,935,934,934,935,935,935,935,935,935,934,935,934,934,935,934,934,934,934,935,934,934,934,934, 0.392385, -0.036907499999999996, -1.964945687899431, 
1712955729255211358, 522, 258, 24.545974731445312, 935, 935,936,936,936,935,935,935,935,934,2047,935,935,935,936,935,935,935,935,935,934,935,935,935,935,935,935,935,935,935,934,935,935,935,935,935,935,935,935,935,934,935,935,935,935,935,935,935,935,934,934,935,935,935,935,935,935,935,935,934,934,935,935,935,935,935,935,935,934,934,934,935,935,935,935,935,935,934,934,934,934,935,935,934,934,935,935,934,935,934,934,935,935,934,934,935,935,934,934,934,934, 0.392385, -0.034964999999999996, -1.9668412050987014, 
1712955729284282697, 522, 258, 24.622243881225586, 935, 935,936,936,936,936,935,935,935,934,2047,935,936,936,936,935,935,935,935,935,934,935,935,935,936,935,935,935,935,935,934,935,935,935,936,935,935,935,935,935,935,935,936,935,936,935,935,935,935,935,934,935,935,935,935,935,935,935,935,935,934,935,935,935,935,935,935,935,935,934,934,935,935,935,935,935,935,934,935,934,934,935,935,935,935,935,935,934,935,934,934,935,935,935,935,935,935,934,934,934,934, 0.392385, -0.034964999999999996, -1.9548115858717663, 
1712955729316836841, 522, 258, 24.27457046508789, 935, 935,936,936,936,936,935,935,935,934,2047,935,936,936,936,935,935,935,935,935,934,935,935,935,935,935,935,935,935,935,934,935,935,935,935,935,935,935,935,935,934,935,935,935,935,935,935,935,935,935,934,935,935,935,935,935,935,935,935,934,934,935,935,935,935,935,935,934,935,934,934,935,935,935,935,935,935,934,935,934,934,935,935,935,934,934,935,934,935,934,934,935,935,934,934,934,935,934,934,934,934, 0.392385, -0.034964999999999996, -1.9069356736482896, 
1712955729350066581, 523, 258, 24.23440170288086, 935, 935,935,935,935,935,935,934,934,2047,2047,935,935,935,935,935,935,935,935,934,2047,935,935,935,935,935,935,935,935,934,2047,935,935,935,935,935,935,935,935,934,933,935,935,935,935,935,935,935,935,934,934,935,935,935,935,935,935,935,934,934,934,935,935,935,935,935,935,935,934,934,934,935,935,935,935,935,934,935,934,934,934,935,935,935,935,935,935,935,934,935,934,935,935,935,935,935,935,935,934,935,934, 0.3943275, -0.034964999999999996, -1.792074427189616, 
1712955729384227193, 522, 258, 24.217809677124023, 935, 935,936,936,936,936,935,935,935,934,2047,935,935,936,936,935,935,935,935,934,934,935,935,935,935,935,935,935,935,934,934,935,935,935,935,935,935,935,935,934,934,935,935,935,935,935,935,935,935,934,934,935,935,935,935,935,935,935,935,934,934,935,935,935,935,935,935,935,935,934,934,935,935,935,935,935,935,934,934,934,934,935,935,935,935,935,935,934,935,934,935,935,935,935,935,934,934,934,934,934,935, 0.392385, -0.034964999999999996, -1.8784121467416834, 
1712955729418449335, 523, 258, 24.440223693847656, 935, 936,935,936,935,935,935,935,934,2047,2047,936,935,936,935,935,935,935,935,935,2047,935,935,935,935,935,935,935,935,935,2047,935,935,935,935,935,935,935,935,935,935,935,935,935,935,935,935,935,935,935,935,935,935,935,935,935,935,935,935,935,934,935,935,935,935,935,935,935,935,935,934,935,935,935,935,935,935,935,934,935,934,935,934,935,935,935,935,935,934,935,934,935,935,935,935,935,934,934,934,934,934, 0.3943275, -0.034964999999999996, -1.8409335947696057, 
1712955729450280524, 522, 258, 24.209980010986328, 935, 935,935,935,936,935,935,935,936,935,2047,935,936,935,936,935,935,935,935,935,935,935,935,935,935,935,935,935,935,935,935,935,935,935,935,935,935,935,935,935,935,935,935,935,935,935,935,935,935,935,935,935,935,935,935,935,935,935,935,935,935,935,935,935,935,935,935,935,935,934,934,935,935,935,935,935,935,934,935,934,934,935,935,934,934,935,935,934,935,934,934,935,935,934,935,935,935,935,935,934,934, 0.392385, -0.034964999999999996, -1.8181976473524062, 
1712955729484191927, 522, 258, 24.073549270629883, 935, 935,936,936,936,936,935,935,935,935,934,935,935,935,936,936,935,935,935,935,935,935,935,935,935,935,935,935,935,935,935,935,935,935,935,935,935,935,935,935,935,935,935,935,935,935,935,935,935,935,935,935,935,935,935,935,935,935,935,935,934,935,935,935,935,935,935,935,935,934,934,935,935,935,935,935,935,934,935,934,934,935,935,935,935,935,935,935,935,934,934,936,935,935,935,935,935,935,935,934,934, 0.392385, -0.034964999999999996, -1.830826120262787, 
1712955729517169028, 522, 259, 24.35407829284668, 935, 935,936,936,936,936,936,935,936,936,937,935,935,935,936,936,935,935,936,936,936,935,935,935,936,936,935,935,936,936,936,935,936,935,936,936,935,935,936,935,935,935,935,935,935,935,935,935,935,935,935,935,935,935,935,935,935,935,935,935,935,935,935,935,935,935,935,935,935,935,935,935,935,935,935,935,935,935,935,934,935,935,935,935,935,935,935,934,934,934,934,935,935,934,935,934,935,934,934,934,934, 0.392385, -0.036907499999999996, -1.9825617625332816, 
1712955729552929265, 523, 258, 24.295866012573242, 935, 936,936,936,936,935,935,935,935,935,2047,936,936,936,936,935,935,935,935,935,2047,936,935,935,935,935,935,935,935,934,934,935,935,935,935,935,935,935,935,935,934,935,935,935,935,935,935,935,935,935,934,935,935,935,935,935,935,935,934,934,934,935,935,935,935,935,935,935,934,934,934,935,935,935,935,935,934,934,934,934,934,934,934,934,935,935,934,934,934,935,934,935,934,934,935,935,934,934,934,934,934, 0.3943275, -0.034964999999999996, -1.7720878666031434, 
1712955729584318758, 522, 258, 24.622243881225586, 935, 935,936,936,936,936,935,935,936,2047,2047,935,936,936,936,935,935,935,936,936,2047,935,935,935,935,935,935,935,935,935,935,935,935,935,935,935,935,935,935,935,935,935,935,935,935,935,935,935,935,935,935,935,935,935,935,935,935,935,935,935,935,935,935,935,935,935,935,935,935,935,935,935,935,934,935,935,935,934,935,934,935,934,934,934,934,934,935,934,935,934,935,935,935,934,934,935,935,934,934,934,934, 0.392385, -0.034964999999999996, -1.8636857927832349, 
